temperature,solar_irradiance,cloud_cover,humidity,wind_speed,rainfall,dust_level,hour,month,solar_power,wind_power,total_power
15.34,0.0,57.71,95.0,1.16,0.0,2.66,0,1,0.0,10.22,10.22
13.59,0.0,29.7,90.68,4.82,0.0,1.98,1,1,0.0,24.01,24.01
14.27,0.0,20.91,87.25,5.49,0.0,3.71,2,1,23.7,63.15,86.85
15.42,0.0,11.9,89.16,7.65,0.0,2.99,3,1,19.53,304.2,323.73
12.95,0.0,14.25,89.03,3.26,0.0,4.97,4,1,0.0,0.0,0.0
13.45,0.0,11.17,84.42,2.46,0.0,2.32,5,1,0.0,11.01,11.01
16.96,16.17,9.54,74.41,7.26,0.0,2.99,6,1,48.41,253.46,301.87
16.78,188.99,45.1,74.63,5.04,0.0,2.78,7,1,502.78,37.51,540.3
16.13,481.74,19.68,79.94,1.16,0.0,2.49,8,1,1359.01,25.91,1384.92
18.94,661.45,26.83,79.01,4.19,0.0,3.81,9,1,1892.32,1.41,1893.73
18.73,777.37,28.18,86.03,0.77,0.0,3.0,10,1,2278.98,25.54,2304.51
19.93,783.59,38.97,74.63,2.28,0.0,3.16,11,1,2184.72,8.3,2193.02
22.03,741.47,46.42,70.17,1.22,0.0,3.06,12,1,2133.71,26.65,2160.37
19.59,838.08,24.62,78.08,2.15,0.0,3.86,13,1,2302.4,0.0,2302.4
20.37,790.15,28.39,78.38,3.69,0.0,4.57,14,1,2203.44,0.0,2203.44
22.29,620.73,23.23,68.02,2.68,0.0,2.24,15,1,1782.63,14.89,1797.53
21.44,424.44,27.9,67.92,1.37,0.0,2.88,16,1,1229.96,0.0,1229.96
22.93,234.77,26.27,77.04,3.65,0.0,3.44,17,1,677.67,0.0,677.67
20.3,6.27,35.49,74.06,5.0,0.0,3.38,18,1,38.13,71.2,109.32
18.51,0.0,13.58,86.63,1.05,0.0,3.87,19,1,0.0,0.0,0.0
21.62,0.0,16.26,75.68,6.58,0.0,2.45,20,1,10.5,158.38,168.88
17.79,0.0,43.62,77.49,4.63,0.0,2.85,21,1,5.65,5.29,10.94
16.94,0.0,32.89,69.65,3.85,0.0,3.91,22,1,0.0,19.66,19.66
13.49,0.0,19.36,83.29,3.2,0.0,2.48,23,1,24.01,0.0,24.01
13.8,0.0,58.4,74.99,3.18,0.0,3.26,0,1,34.97,0.0,34.97
13.99,0.0,3.53,72.36,2.88,0.0,2.23,1,1,4.8,19.05,23.86
11.6,0.0,25.68,95.0,1.58,0.0,5.22,2,1,0.0,0.0,0.0
13.72,0.0,24.28,79.05,1.29,0.0,3.26,3,1,29.01,0.0,29.01
12.42,0.0,45.06,91.64,2.73,0.0,4.39,4,1,0.0,0.0,0.0
13.39,0.0,20.12,74.48,4.72,0.0,3.14,5,1,13.65,0.0,13.65
13.72,0.0,24.2,77.26,2.62,0.0,3.71,6,1,0.0,0.0,0.0
18.43,231.17,27.77,70.88,5.82,0.0,3.41,7,1,617.32,53.96,671.27
16.84,455.89,11.46,84.68,3.11,0.0,4.04,8,1,1267.32,0.0,1267.32
16.57,643.25,29.58,83.1,4.49,0.0,3.93,9,1,1837.73,2.26,1839.99
20.68,770.26,27.14,64.0,3.38,0.0,2.8,10,1,2186.2,7.43,2193.63
18.82,745.05,48.17,65.5,3.73,0.0,2.8,11,1,2133.76,0.0,2133.76
22.0,589.42,68.5,76.86,2.41,0.0,3.93,12,1,1690.29,0.0,1690.29
19.55,729.27,47.7,86.43,3.82,0.0,4.97,13,1,2047.06,8.37,2055.43
20.99,812.97,22.62,84.29,1.54,0.0,2.71,14,1,2383.1,6.93,2390.02
23.45,672.65,10.82,65.05,3.15,0.0,2.5,15,1,1941.57,9.12,1950.7
24.09,445.92,16.27,67.03,3.47,0.0,1.92,16,1,1314.09,7.26,1321.35
22.74,241.4,17.64,75.91,4.97,0.0,3.67,17,1,689.33,51.58,740.91
21.52,8.76,10.49,77.95,3.22,0.0,3.22,18,1,0.0,7.57,7.57
20.2,0.0,45.3,76.76,4.71,0.0,3.14,19,1,27.08,16.59,43.67
17.23,0.0,39.52,75.41,1.97,0.0,3.42,20,1,0.0,27.95,27.95
17.08,0.0,25.03,82.31,0.72,0.0,3.49,21,1,0.92,26.78,27.7
16.17,0.0,23.64,80.91,3.78,0.0,3.23,22,1,13.14,0.0,13.14
17.24,0.0,36.1,79.92,3.61,0.0,3.64,23,1,0.0,8.06,8.06
15.16,0.0,30.03,87.95,4.74,0.0,3.93,0,1,0.0,21.08,21.08
11.21,0.0,21.4,94.45,2.76,0.0,3.92,1,1,0.0,13.37,13.37
13.84,0.0,21.89,85.19,0.78,0.0,3.25,2,1,0.0,10.96,10.96
12.6,0.0,44.26,86.24,5.1,0.0,3.35,3,1,0.0,11.12,11.12
12.34,0.0,15.35,82.95,7.6,0.0,2.36,4,1,0.0,327.19,327.19
14.77,0.0,44.34,82.33,3.19,0.0,2.57,5,1,0.0,7.93,7.93
16.19,31.47,32.53,85.64,4.37,0.0,4.25,6,1,68.26,28.58,96.83
17.08,189.8,56.57,82.46,3.99,0.0,2.42,7,1,526.07,24.4,550.48
15.63,470.97,22.02,75.91,4.11,0.0,2.04,8,1,1354.96,10.84,1365.81
17.72,649.43,10.45,72.97,6.4,0.0,3.85,9,1,1828.96,143.18,1972.14
19.97,772.34,31.5,70.02,5.2,0.0,3.78,10,1,2207.57,48.98,2256.55
22.14,948.24,13.56,81.62,5.45,0.0,3.37,11,1,2727.9,62.14,2790.04
21.0,976.01,13.06,60.52,1.38,0.0,3.98,12,1,2786.51,0.0,2786.51
22.23,680.05,54.48,61.48,1.79,0.0,1.48,13,1,1991.01,0.0,1991.01
21.35,674.62,45.83,68.46,4.7,0.0,3.61,14,1,1899.42,20.09,1919.51
21.39,664.83,25.14,79.37,3.97,0.0,2.9,15,1,1873.19,37.55,1910.74
24.23,440.48,28.97,67.79,5.49,0.0,2.86,16,1,1272.83,54.1,1326.93
24.55,237.72,27.92,62.93,1.41,0.0,4.12,17,1,665.98,1.92,667.9
21.61,0.0,36.28,75.91,4.11,0.0,4.26,18,1,2.23,9.31,11.54
22.19,0.0,21.56,75.63,3.67,0.0,2.51,19,1,5.41,11.83,17.24
20.02,0.0,1.4,81.27,6.25,0.0,4.04,20,1,27.8,124.41,152.21
17.21,0.0,8.29,89.25,2.05,0.0,4.51,21,1,11.83,23.29,35.12
17.43,0.0,17.48,87.94,2.95,0.0,3.18,22,1,7.8,5.67,13.47
17.99,0.0,21.44,81.86,1.82,0.0,3.3,23,1,0.0,14.68,14.68
14.62,0.0,38.3,80.78,3.49,0.0,3.68,0,1,37.98,2.02,39.99
16.23,0.0,48.25,82.97,6.57,0.0,2.45,1,1,0.0,126.97,126.97
10.0,0.0,17.21,83.72,4.74,0.0,2.24,2,1,0.0,16.04,16.04
14.44,0.0,26.89,88.8,5.26,0.0,5.86,3,1,10.88,61.55,72.43
13.51,0.0,37.93,78.81,1.41,0.0,3.14,4,1,0.0,10.33,10.33
13.43,0.0,17.19,76.82,3.49,0.0,1.58,5,1,16.99,16.47,33.46
14.81,0.0,46.38,88.83,6.08,0.0,3.7,6,1,40.8,118.67,159.47
12.73,260.48,7.67,72.2,6.07,0.0,3.95,7,1,720.72,106.33,827.06
16.59,461.08,24.57,74.31,9.47,0.0,1.41,8,1,1355.71,798.83,2154.54
18.75,651.62,24.47,81.31,3.89,0.0,2.85,9,1,1859.27,23.79,1883.06
21.72,727.23,37.27,72.25,0.5,0.0,4.12,10,1,2055.52,24.12,2079.64
19.93,947.35,11.17,74.06,6.81,0.0,3.93,11,1,2688.81,211.16,2899.97
20.53,790.96,46.58,65.96,7.96,0.0,3.05,12,1,2275.43,415.17,2690.6
21.79,797.39,40.29,65.09,7.29,0.0,2.34,13,1,2328.23,236.73,2564.96
24.41,803.05,25.11,68.25,5.47,0.0,4.44,14,1,2214.16,55.09,2269.25
23.7,664.64,21.79,58.54,2.2,0.0,2.13,15,1,1946.45,0.0,1946.45
22.24,435.63,36.2,72.23,1.74,0.0,5.33,16,1,1206.48,0.0,1206.48
23.31,199.43,40.91,80.12,4.94,0.0,3.91,17,1,613.55,50.44,663.99
21.89,12.97,43.01,81.12,1.75,0.0,2.46,18,1,31.85,0.0,31.85
22.16,0.0,17.05,76.67,7.88,0.0,3.02,19,1,45.07,379.16,424.23
18.45,0.0,14.86,78.39,3.46,0.0,2.81,20,1,28.81,0.0,28.81
17.72,0.0,14.77,77.08,0.8,0.0,3.43,21,1,24.63,19.88,44.51
16.33,0.0,44.57,79.86,1.82,0.0,3.23,22,1,1.81,3.52,5.33
13.51,0.0,25.1,75.99,2.64,0.0,4.1,23,1,39.46,3.3,42.76
15.15,0.0,12.37,76.3,4.96,0.0,3.39,0,1,0.0,46.1,46.1
14.3,0.0,38.38,69.79,5.2,0.0,3.27,1,1,17.15,45.19,62.34
13.42,0.0,39.73,89.63,2.2,0.0,3.12,2,1,48.0,0.0,48.0
12.89,0.0,21.89,82.7,4.6,0.0,4.25,3,1,0.0,0.0,0.0
11.29,0.0,9.49,95.0,0.81,0.0,4.58,4,1,13.33,24.92,38.26
13.28,0.0,73.69,78.81,1.48,0.0,2.27,5,1,0.0,0.0,0.0
14.19,0.0,23.59,81.91,3.94,0.0,4.35,6,1,48.78,0.0,48.78
14.54,218.99,35.85,86.65,4.96,0.0,4.76,7,1,602.49,32.1,634.59
16.7,476.47,22.58,81.98,7.05,0.0,2.83,8,1,1366.53,204.47,1571.0
18.85,685.04,15.23,75.8,3.41,0.0,3.22,9,1,1941.18,8.54,1949.72
22.36,712.71,32.85,84.95,1.61,0.0,3.17,10,1,2026.66,4.22,2030.88
21.0,929.5,11.95,67.1,7.32,0.0,3.92,11,1,2618.01,268.56,2886.56
22.16,833.49,37.27,76.99,3.41,0.0,2.82,12,1,2405.82,0.0,2405.82
22.46,668.92,58.57,68.91,3.73,0.0,4.55,13,1,1864.83,27.5,1892.33
20.19,803.64,20.31,73.77,6.25,0.0,1.05,14,1,2316.99,131.69,2448.68
23.2,674.07,18.73,73.02,4.22,0.0,3.3,15,1,1935.2,33.41,1968.6
23.16,485.21,13.36,70.3,2.7,0.0,3.16,16,1,1431.55,0.0,1431.55
26.26,230.6,19.31,66.29,3.97,0.0,2.81,17,1,622.57,25.94,648.5
21.49,0.0,21.99,62.16,4.46,0.0,3.88,18,1,10.21,9.48,19.7
21.19,0.0,45.94,80.02,6.68,0.0,3.45,19,1,72.49,171.32,243.81
19.48,0.0,33.2,64.51,2.33,0.0,3.64,20,1,0.0,2.94,2.94
16.49,0.0,43.54,89.5,4.07,0.0,3.81,21,1,0.0,6.31,6.31
18.66,0.0,19.61,75.85,7.16,0.0,5.24,22,1,0.0,251.45,251.45
16.87,0.0,31.4,85.42,0.97,0.0,5.68,23,1,29.53,7.29,36.82
15.92,0.0,29.87,62.43,2.09,0.0,2.58,0,1,22.87,0.0,22.87
12.58,0.0,3.84,83.63,2.93,0.0,2.35,1,1,0.0,26.38,26.38
15.55,0.0,4.39,80.25,4.79,0.0,3.17,2,1,6.88,42.03,48.9
11.17,0.0,4.96,79.24,6.11,0.0,2.64,3,1,0.0,133.52,133.52
14.32,0.0,23.96,88.01,2.12,0.0,3.91,4,1,0.0,0.0,0.0
17.23,0.0,40.62,73.86,2.4,0.0,3.38,5,1,0.0,0.0,0.0
13.25,0.0,14.5,76.78,5.92,0.0,4.21,6,1,0.0,85.94,85.94
14.92,249.69,9.11,78.5,1.8,0.0,3.4,7,1,694.61,0.3,694.91
17.13,471.64,17.73,85.32,2.48,0.0,4.1,8,1,1330.04,9.49,1339.53
17.52,637.74,25.68,79.94,5.17,0.0,4.29,9,1,1830.56,43.36,1873.93
17.24,819.51,13.52,81.12,1.92,0.0,2.7,10,1,2341.39,0.0,2341.39
20.87,939.42,10.43,79.4,5.97,0.0,1.66,11,1,2728.46,109.54,2838.0
20.21,974.84,9.87,73.2,3.7,0.0,3.37,12,1,2788.33,1.48,2789.81
23.31,526.73,67.99,78.48,3.47,0.0,3.03,13,1,1495.92,7.57,1503.5
21.72,857.77,8.16,75.64,1.72,0.0,3.82,14,1,2404.76,0.0,2404.76
25.6,599.37,34.62,74.29,4.8,0.0,3.92,15,1,1693.8,12.99,1706.79
21.93,298.31,66.97,67.09,6.6,0.0,2.92,16,1,854.55,149.8,1004.36
22.12,190.85,44.71,73.15,4.88,0.0,4.13,17,1,527.07,30.05,557.12
23.03,0.51,10.4,78.19,2.78,0.0,4.12,18,1,24.26,0.0,24.26
18.93,0.0,57.85,89.43,4.93,0.0,2.38,19,1,0.0,32.87,32.87
19.91,0.0,8.55,82.68,3.8,0.0,2.38,20,1,27.96,0.0,27.96
20.23,0.0,17.41,82.62,6.24,0.0,4.05,21,1,7.91,152.22,160.12
14.57,0.0,22.0,70.31,3.53,0.0,2.68,22,1,0.0,13.1,13.1
16.05,0.0,11.16,77.61,2.34,0.0,4.94,23,1,9.48,0.0,9.48
15.16,0.0,29.09,85.28,1.47,0.0,3.3,0,1,0.0,17.71,17.71
15.15,0.0,14.76,70.96,2.59,0.0,4.43,1,1,0.0,5.36,5.36
11.62,0.0,66.71,88.25,4.1,0.0,2.91,2,1,0.0,8.93,8.93
11.33,0.0,20.81,82.78,1.94,0.0,2.99,3,1,0.0,0.0,0.0
14.26,0.0,40.3,79.65,0.91,0.0,2.08,4,1,55.01,1.31,56.32
14.42,0.0,57.79,82.21,3.47,0.0,3.16,5,1,0.0,0.0,0.0
15.15,28.66,35.1,83.65,2.94,0.0,2.79,6,1,88.09,22.47,110.56
16.33,183.18,65.86,85.25,3.32,0.0,2.1,7,1,511.26,0.0,511.26
15.99,385.78,43.72,71.19,3.5,0.0,3.5,8,1,1092.72,0.56,1093.28
18.65,633.11,31.92,84.17,5.42,0.0,4.95,9,1,1772.29,47.14,1819.43
20.04,811.31,23.06,80.01,8.1,0.0,2.85,10,1,2392.7,404.38,2797.08
19.73,976.76,6.95,73.32,2.48,0.0,3.35,11,1,2789.45,0.0,2789.45
24.64,923.17,24.44,77.05,7.6,0.0,5.21,12,1,2514.79,308.68,2823.47
23.35,954.87,13.13,57.64,2.29,0.0,3.98,13,1,2732.13,0.0,2732.13
21.35,633.38,49.78,74.7,5.34,0.0,3.14,14,1,1833.92,49.79,1883.71
24.29,672.84,13.08,65.4,4.81,0.0,2.35,15,1,1877.99,42.03,1920.03
21.67,399.95,28.3,64.63,1.04,0.0,3.08,16,1,1106.06,2.59,1108.65
23.82,202.49,39.33,58.55,5.11,0.0,2.71,17,1,571.36,45.39,616.75
23.58,0.0,11.82,75.76,6.85,0.0,2.85,18,1,0.0,203.51,203.51
19.58,0.0,29.22,79.6,7.34,0.0,3.2,19,1,0.0,275.58,275.58
21.05,0.0,18.36,83.33,4.84,0.0,3.01,20,1,0.0,16.02,16.02
18.93,0.0,36.11,81.61,5.59,0.0,1.89,21,1,23.66,78.78,102.45
18.25,0.0,8.73,74.75,1.23,0.0,3.47,22,1,26.69,0.0,26.69
18.65,0.0,65.76,95.0,1.89,0.0,3.03,23,1,0.0,16.12,16.12
14.44,0.0,31.38,89.79,2.48,0.0,3.1,0,1,50.75,11.31,62.06
12.88,0.0,59.08,74.34,3.92,0.0,3.68,1,1,36.27,0.0,36.27
12.18,0.0,44.87,83.35,3.14,0.0,3.12,2,1,0.0,0.0,0.0
12.12,0.0,16.22,86.27,4.66,0.0,3.92,3,1,0.0,33.37,33.37
13.4,0.0,40.97,80.82,3.46,0.0,3.59,4,1,0.0,3.54,3.54
14.52,0.0,53.57,95.0,5.5,0.0,3.51,5,1,0.0,77.65,77.65
15.22,0.0,47.07,78.41,5.03,0.0,3.36,6,1,0.0,38.22,38.22
17.08,230.81,30.76,75.41,5.28,0.0,2.76,7,1,668.0,43.47,711.46
17.07,478.14,14.98,84.45,5.98,0.0,4.18,8,1,1324.85,82.99,1407.83
20.52,572.01,37.56,75.34,6.03,0.0,4.56,9,1,1612.46,91.67,1704.14
19.24,733.12,35.86,74.14,5.53,0.0,3.05,10,1,2157.84,85.04,2242.87
24.92,885.23,20.37,86.42,1.18,0.0,4.05,11,1,2535.95,0.0,2535.95
22.82,987.46,11.12,83.91,4.45,0.0,2.97,12,1,2814.31,29.16,2843.47
21.39,878.29,32.47,62.05,0.64,0.0,2.37,13,1,2540.0,0.0,2540.0
21.57,856.12,13.41,88.11,5.25,0.0,2.76,14,1,2479.26,27.57,2506.83
24.07,654.57,20.39,68.69,1.13,0.0,2.5,15,1,1936.27,5.33,1941.6
22.84,415.98,38.91,80.67,9.1,0.0,5.03,16,1,1155.66,682.75,1838.41
23.74,272.62,12.78,86.37,4.39,0.0,3.22,17,1,749.51,55.33,804.84
22.59,0.0,8.36,78.37,2.02,0.0,3.58,18,1,16.58,0.0,16.58
20.73,0.0,5.95,92.37,3.58,0.0,4.45,19,1,0.0,0.0,0.0
18.37,0.0,34.89,83.79,5.96,0.0,2.65,20,1,0.0,111.14,111.14
16.07,0.0,36.05,84.75,2.0,0.0,2.88,21,1,25.46,0.0,25.46
16.38,0.0,21.26,87.42,3.95,0.0,2.91,22,1,31.37,13.13,44.51
17.13,0.0,45.01,68.54,0.5,0.0,2.69,23,1,41.09,2.97,44.06
15.17,0.0,23.18,79.17,5.61,0.0,4.04,0,1,39.09,87.59,126.67
12.18,0.0,23.85,75.81,2.09,0.0,5.28,1,1,17.48,19.16,36.64
13.81,0.0,21.42,81.0,3.15,0.0,4.75,2,1,0.0,6.59,6.59
13.96,0.0,5.74,85.85,3.91,0.0,2.1,3,1,0.0,25.9,25.9
12.23,0.0,17.23,83.15,1.78,0.0,4.27,4,1,0.0,7.09,7.09
14.28,0.0,6.03,80.71,7.27,0.0,5.08,5,1,0.0,244.93,244.93
14.93,0.0,18.47,70.23,3.58,0.0,2.89,6,1,0.0,0.0,0.0
14.17,188.75,40.14,77.8,2.31,0.0,2.39,7,1,544.01,0.0,544.01
17.62,529.07,4.58,91.2,5.19,0.0,4.73,8,1,1463.77,33.69,1497.46
19.22,662.54,17.53,71.48,6.74,0.0,3.71,9,1,1884.58,217.21,2101.8
21.3,818.14,17.34,70.68,7.03,0.0,4.08,10,1,2277.89,223.64,2501.53
22.46,795.61,37.43,73.91,3.38,0.0,3.79,11,1,2262.56,0.0,2262.56
19.85,931.1,14.16,78.15,3.0,0.0,4.44,12,1,2573.86,0.0,2573.86
21.3,768.12,42.9,72.34,7.32,0.0,4.12,13,1,2170.73,232.19,2402.93
23.98,829.16,15.17,59.05,1.05,0.0,3.75,14,1,2337.62,0.0,2337.62
24.15,535.35,44.14,74.35,5.3,0.0,4.24,15,1,1514.55,25.15,1539.7
23.98,429.26,40.97,85.59,1.99,0.0,4.49,16,1,1240.54,0.0,1240.54
28.49,258.59,26.98,79.5,3.56,0.0,4.01,17,1,666.09,0.0,666.09
22.77,0.0,22.51,65.93,7.89,0.0,3.16,18,1,0.0,357.31,357.31
22.58,0.0,8.89,75.12,4.2,0.0,3.88,19,1,9.05,0.0,9.05
21.11,0.0,27.24,93.91,3.87,0.0,4.16,20,1,0.0,0.0,0.0
19.36,0.0,44.31,75.74,1.14,0.0,3.95,21,1,2.24,0.0,2.24
16.61,0.0,10.9,81.1,2.56,0.0,4.44,22,1,3.77,0.0,3.77
17.02,0.0,44.98,66.63,0.5,0.0,4.42,23,1,38.28,19.32,57.6
13.73,0.0,48.99,90.86,6.49,0.0,4.05,0,1,0.0,173.94,173.94
13.74,0.0,14.1,84.74,4.58,0.0,3.55,1,1,0.0,0.0,0.0
12.86,0.0,26.81,76.43,1.59,0.0,4.25,2,1,7.49,0.0,7.49
13.54,0.0,62.3,88.29,3.02,0.0,2.0,3,1,33.39,14.95,48.34
17.06,0.0,17.44,86.35,5.81,0.0,5.37,4,1,29.9,75.61,105.51
11.29,0.0,42.09,79.9,1.75,0.0,5.95,5,1,0.0,11.22,11.22
15.91,0.0,14.04,66.61,2.3,0.0,4.07,6,1,0.0,3.98,3.98
13.5,255.98,23.85,83.91,3.97,0.0,3.83,7,1,734.62,11.61,746.22
16.42,519.18,15.7,84.84,1.78,0.0,4.13,8,1,1475.66,0.0,1475.66
20.05,658.03,22.78,77.07,3.13,0.0,4.77,9,1,1797.54,17.26,1814.81
19.81,663.26,37.88,84.49,9.03,0.0,5.2,10,1,1816.36,667.81,2484.17
19.3,877.46,26.68,62.14,3.99,0.0,4.79,11,1,2451.74,2.46,2454.19
20.88,918.06,27.07,65.82,4.95,0.0,5.44,12,1,2529.84,37.78,2567.62
23.77,914.8,14.05,72.25,4.69,0.0,4.65,13,1,2583.93,20.54,2604.47
22.16,613.39,55.73,59.95,2.19,0.0,6.0,14,1,1682.01,0.47,1682.48
23.75,514.72,54.58,64.44,6.16,0.0,4.62,15,1,1403.08,128.05,1531.13
23.32,442.97,36.54,66.8,1.62,0.0,3.69,16,1,1263.62,0.0,1263.62
21.77,140.44,67.09,81.0,7.18,0.0,2.14,17,1,371.33,248.78,620.12
25.17,1.5,39.52,79.24,2.22,0.0,3.78,18,1,15.25,11.19,26.44
21.87,0.0,3.08,78.54,7.92,0.0,4.04,19,1,0.0,385.82,385.82
16.68,0.0,9.33,93.98,5.69,0.0,4.48,20,1,56.38,75.95,132.32
18.7,0.0,17.71,87.75,1.95,0.0,3.6,21,1,10.32,0.0,10.32
16.13,0.0,37.93,85.96,1.88,0.0,3.85,22,1,30.33,0.0,30.33
17.2,0.0,6.87,84.44,1.34,0.0,1.94,23,1,0.0,2.69,2.69
13.74,0.0,28.27,77.82,2.4,0.0,5.31,0,1,0.0,16.44,16.44
13.96,0.0,41.37,71.09,4.67,0.0,5.28,1,1,14.07,32.45,46.52
14.39,0.0,19.29,76.02,3.86,0.0,4.77,2,1,0.0,0.0,0.0
14.76,0.0,29.72,88.02,4.39,0.0,4.44,3,1,6.81,0.0,6.81
11.83,0.0,34.28,82.29,0.8,0.0,4.32,4,1,0.0,0.0,0.0
13.63,0.0,36.27,87.53,1.3,0.0,4.02,5,1,45.08,0.0,45.08
14.22,34.96,21.91,67.31,4.88,0.0,5.48,6,1,97.71,18.63,116.34
14.98,192.7,44.51,85.23,6.18,0.0,3.46,7,1,529.4,72.24,601.64
19.82,455.29,19.58,68.38,3.0,0.0,2.31,8,1,1306.78,0.0,1306.78
19.07,624.15,28.16,70.29,1.92,0.0,4.32,9,1,1775.6,1.33,1776.93
17.87,795.01,25.68,90.89,2.73,0.0,4.98,10,1,2211.79,18.3,2230.09
22.34,898.53,23.16,89.4,3.28,0.0,4.04,11,1,2510.82,20.65,2531.47
25.18,879.62,30.7,60.19,4.49,0.0,5.21,12,1,2462.1,32.57,2494.66
24.34,687.25,50.86,67.94,3.27,0.0,5.69,13,1,1887.85,3.9,1891.76
21.01,851.43,6.03,72.79,6.79,0.0,4.29,14,1,2396.92,211.21,2608.13
22.74,673.72,23.79,77.61,3.22,0.0,5.98,15,1,1820.56,0.0,1820.56
25.19,458.34,9.69,65.01,2.01,0.0,1.85,16,1,1328.14,8.71,1336.85
21.73,261.12,6.03,66.48,2.4,0.0,3.08,17,1,744.24,0.0,744.24
22.66,0.0,15.83,74.15,3.56,0.0,4.96,18,1,0.0,2.3,2.3
22.13,0.0,54.57,73.1,5.56,0.0,4.69,19,1,0.0,78.11,78.11
18.37,0.0,32.1,83.9,6.42,0.0,3.41,20,1,35.18,127.47,162.66
18.37,0.0,20.67,71.49,2.04,0.0,3.87,21,1,0.0,11.58,11.58
12.31,0.0,16.88,82.59,0.5,0.0,6.25,22,1,0.0,0.0,0.0
14.43,0.0,34.48,87.91,6.42,0.0,5.3,23,1,0.0,144.1,144.1
14.59,0.0,25.94,81.0,2.29,0.0,1.82,0,1,42.92,6.31,49.23
12.31,0.0,21.75,70.8,5.91,0.0,3.71,1,1,0.0,102.71,102.71
16.13,0.0,8.46,92.65,4.03,0.0,4.0,2,1,7.81,6.22,14.04
11.36,0.0,13.7,84.69,3.24,0.0,5.01,3,1,18.69,0.0,18.69
13.02,0.0,50.89,82.85,1.79,0.0,4.59,4,1,34.57,19.1,53.67
14.37,0.0,30.31,95.0,4.75,0.0,5.22,5,1,0.0,29.09,29.09
17.13,30.94,13.46,95.0,5.88,0.0,4.41,6,1,101.5,71.03,172.53
13.85,228.02,33.16,89.98,3.54,0.0,4.32,7,1,621.4,42.98,664.38
18.96,388.45,43.71,67.56,3.46,0.0,4.72,8,1,1038.98,15.69,1054.66
18.52,684.87,17.07,87.77,5.34,0.0,3.52,9,1,1942.44,73.79,2016.23
18.33,789.18,23.3,62.83,3.75,0.0,4.52,10,1,2188.6,2.04,2190.64
21.7,871.27,24.8,74.05,5.58,0.0,5.75,11,1,2431.22,93.29,2524.52
22.34,984.84,12.67,68.48,1.06,0.0,2.15,12,1,2897.45,0.0,2897.45
21.94,828.35,30.78,67.06,6.28,0.0,4.5,13,1,2345.51,129.92,2475.44
23.44,813.71,13.4,72.72,2.48,0.0,1.81,14,1,2378.32,7.3,2385.62
22.93,711.27,6.58,76.39,1.94,0.0,4.83,15,1,1978.43,0.0,1978.43
23.51,485.54,13.08,77.08,0.82,0.0,4.24,16,1,1372.29,0.0,1372.29
23.83,230.53,29.67,69.75,6.03,0.0,4.98,17,1,639.15,101.55,740.71
24.42,0.0,13.51,68.01,1.12,0.0,3.26,18,1,0.0,0.0,0.0
19.15,0.0,23.94,82.85,7.91,0.0,3.6,19,1,0.0,374.67,374.67
23.0,0.0,26.47,78.43,4.1,0.0,5.11,20,1,19.14,1.72,20.86
15.58,0.0,8.77,81.41,4.93,0.0,5.3,21,1,53.23,32.28,85.51
16.99,0.0,69.01,71.69,5.12,0.0,3.01,22,1,4.08,55.29,59.36
16.89,0.0,20.33,65.21,2.65,0.0,3.62,23,1,0.33,10.22,10.55
15.44,0.0,42.08,85.75,5.77,0.0,3.14,0,1,0.0,68.67,68.67
13.29,0.0,23.83,90.84,7.69,0.0,5.06,1,1,0.0,321.56,321.56
13.41,0.0,41.59,81.28,3.06,0.0,4.55,2,1,16.08,0.0,16.08
12.81,0.0,37.68,86.61,6.04,0.0,4.8,3,1,0.0,94.96,94.96
12.84,0.0,26.46,94.15,5.47,0.0,4.18,4,1,0.0,55.67,55.67
15.5,0.0,6.89,95.0,4.25,0.0,1.99,5,1,38.93,5.77,44.71
15.55,10.99,54.86,77.17,3.05,0.0,3.39,6,1,57.58,0.0,57.58
15.01,268.15,12.98,80.28,3.3,0.0,3.96,7,1,714.47,0.0,714.47
18.61,493.37,8.93,80.3,2.73,0.0,2.88,8,1,1478.36,2.81,1481.16
19.01,571.85,39.39,66.46,3.35,0.0,2.01,9,1,1625.05,0.0,1625.05
21.07,755.59,30.09,56.57,9.62,0.0,5.13,10,1,2053.9,827.98,2881.88
22.0,892.97,24.1,61.93,3.02,0.0,3.33,11,1,2498.52,0.0,2498.52
20.85,952.48,16.93,71.78,4.71,0.0,4.68,12,1,2645.63,26.02,2671.64
22.04,668.42,50.27,66.76,2.79,0.0,5.52,13,1,1870.59,0.0,1870.59
24.5,861.74,10.45,63.07,3.57,0.0,3.6,14,1,2403.97,28.79,2432.76
24.47,642.2,27.53,70.05,1.33,0.0,4.08,15,1,1791.42,7.58,1799.0
23.35,496.45,8.97,70.86,5.4,0.0,4.81,16,1,1390.64,49.86,1440.5
23.06,241.24,38.16,65.28,4.68,0.0,3.84,17,1,668.46,4.67,673.13
24.01,0.0,66.44,57.28,2.94,0.0,4.33,18,1,0.12,12.39,12.52
20.17,0.0,34.62,78.07,3.88,0.0,4.96,19,1,23.77,0.0,23.77
20.67,0.0,13.81,82.63,6.45,0.0,2.37,20,1,0.0,124.4,124.4
18.25,0.0,41.85,72.15,0.96,0.0,5.9,21,1,0.0,0.0,0.0
16.93,0.0,18.39,75.6,7.34,0.0,4.52,22,1,10.31,252.05,262.36
17.7,0.0,16.1,84.26,3.59,0.0,4.41,23,1,0.45,6.84,7.29
16.3,0.0,23.6,87.82,6.31,0.0,4.41,0,1,18.77,121.58,140.34
15.49,0.0,6.52,76.75,6.33,0.0,5.97,1,1,22.6,141.82,164.41
15.73,0.0,56.37,79.29,1.11,0.0,2.97,2,1,0.0,0.0,0.0
13.63,0.0,26.43,94.44,5.55,0.0,4.81,3,1,0.0,68.91,68.91
14.79,0.0,27.69,88.26,5.17,0.0,5.51,4,1,0.0,26.95,26.95
13.81,0.0,51.65,73.31,0.95,0.0,5.48,5,1,0.0,0.0,0.0
15.55,0.0,52.54,66.61,7.56,0.0,5.12,6,1,43.06,297.62,340.68
15.91,254.15,17.95,77.69,4.51,0.0,3.85,7,1,648.78,18.8,667.58
17.45,434.39,28.45,70.33,1.93,0.0,4.92,8,1,1194.67,0.0,1194.67
19.49,675.35,14.31,79.35,1.63,0.0,5.12,9,1,1843.89,0.0,1843.89
18.67,638.1,46.15,82.31,4.09,0.0,4.47,10,1,1811.52,1.36,1812.87
24.24,638.69,55.16,71.96,1.11,0.0,3.67,11,1,1788.83,0.0,1788.83
20.63,987.62,5.81,67.8,1.91,0.0,4.15,12,1,2816.65,4.21,2820.86
21.11,685.21,57.01,63.5,7.75,0.0,4.24,13,1,1923.19,332.68,2255.87
25.17,871.79,11.29,74.09,5.26,0.0,3.47,14,1,2470.59,19.69,2490.28
24.79,643.4,19.46,75.89,4.39,0.0,4.98,15,1,1770.77,18.81,1789.58
24.37,475.78,8.58,78.62,2.18,0.0,4.44,16,1,1322.83,0.0,1322.83
23.87,224.89,33.32,68.03,2.23,0.0,5.96,17,1,568.21,0.0,568.21
22.12,0.0,11.69,71.73,3.46,0.0,3.38,18,1,0.0,51.2,51.2
19.76,0.0,21.68,81.78,5.33,0.0,4.39,19,1,0.0,61.09,61.09
20.01,0.0,21.18,75.08,0.5,0.0,5.56,20,1,18.26,0.0,18.26
17.59,0.0,4.39,73.32,0.96,0.0,3.61,21,1,25.05,0.57,25.62
18.77,0.0,33.86,69.76,6.43,0.0,2.9,22,1,0.0,136.9,136.9
15.88,0.0,3.02,85.69,5.84,0.0,4.77,23,1,23.62,131.9,155.52
13.88,0.0,19.9,80.01,4.9,0.0,2.51,0,1,5.76,36.83,42.59
13.84,0.0,40.57,78.04,3.74,0.0,4.94,1,1,16.23,12.54,28.77
14.44,0.0,43.1,85.27,1.78,0.0,2.31,2,1,0.0,0.0,0.0
12.81,0.0,20.16,77.93,1.48,0.0,4.58,3,1,24.45,0.0,24.45
12.59,0.0,10.86,79.27,6.91,0.0,5.52,4,1,0.0,185.05,185.05
14.69,0.0,31.17,81.7,3.12,0.0,4.28,5,1,0.0,15.66,15.66
15.48,0.0,34.37,76.69,4.91,0.0,4.53,6,1,0.0,52.89,52.89
15.39,262.38,38.71,91.85,3.51,0.0,4.05,7,1,700.05,0.0,700.05
16.65,465.99,25.14,83.29,5.16,0.0,5.84,8,1,1191.54,26.74,1218.29
19.0,517.87,42.1,77.22,2.09,0.0,3.74,9,1,1446.94,0.0,1446.94
17.77,827.46,21.09,88.91,3.66,0.0,5.97,10,1,2260.58,32.78,2293.36
19.04,887.96,20.8,76.79,3.09,0.0,4.81,11,1,2492.69,0.0,2492.69
21.11,947.58,20.77,82.32,2.39,0.0,4.88,12,1,2665.98,0.0,2665.98
22.66,839.63,31.17,63.85,4.29,0.0,5.48,13,1,2371.5,21.92,2393.42
23.95,781.42,24.24,65.21,3.95,0.0,3.63,14,1,2204.8,0.0,2204.8
25.86,502.21,52.17,60.3,3.72,0.0,4.79,15,1,1377.69,16.14,1393.83
24.77,345.22,49.69,73.31,4.26,0.0,3.41,16,1,1071.48,18.16,1089.64
22.74,220.63,28.4,59.35,1.76,0.0,6.14,17,1,602.34,0.0,602.34
22.16,0.0,5.69,74.95,3.06,0.0,4.5,18,1,0.0,0.0,0.0
19.65,0.0,55.88,71.47,2.82,0.0,5.03,19,1,0.0,0.0,0.0
19.92,0.0,37.76,76.14,5.45,0.0,6.61,20,1,0.0,67.93,67.93
18.22,0.0,7.76,76.98,0.86,0.0,5.52,21,1,16.59,17.17,33.76
17.84,0.0,40.78,82.03,2.59,0.0,4.37,22,1,0.0,0.0,0.0
14.91,0.0,5.94,95.0,7.12,0.0,6.97,23,1,0.0,242.42,242.42
15.95,0.0,7.37,95.0,2.69,0.0,3.44,0,1,24.39,0.0,24.39
16.67,0.0,22.56,85.53,1.83,0.0,4.04,1,1,0.0,0.14,0.14
13.71,0.0,80.01,79.8,5.36,1.42,4.73,2,1,0.0,47.47,47.47
14.31,0.0,13.56,83.34,1.0,0.0,3.8,3,1,0.0,0.0,0.0
14.91,0.0,54.95,77.93,3.35,0.0,4.7,4,1,26.49,0.0,26.49
13.77,0.0,41.52,76.59,6.26,0.0,3.66,5,1,23.9,97.51,121.41
15.5,30.41,13.56,64.77,7.9,0.0,4.44,6,1,93.52,371.25,464.77
16.22,214.24,31.58,77.71,2.41,0.0,3.57,7,1,605.69,0.0,605.69
17.56,351.11,57.01,80.14,2.67,0.0,3.44,8,1,1029.35,0.0,1029.35
17.54,581.3,36.24,82.84,4.12,0.0,5.47,9,1,1561.39,7.51,1568.91
20.03,840.23,8.59,75.86,2.28,0.0,5.16,10,1,2356.55,14.4,2370.94
21.95,915.3,5.47,67.11,1.82,0.0,3.66,11,1,2606.87,0.0,2606.87
24.41,787.59,43.4,65.72,3.35,0.0,4.28,12,1,2183.48,41.62,2225.1
24.47,921.6,16.12,77.02,1.23,0.0,5.98,13,1,2472.87,0.0,2472.87
26.76,785.56,24.28,53.21,6.74,0.0,4.62,14,1,2161.78,170.34,2332.12
22.55,674.92,18.23,67.86,2.87,0.0,3.75,15,1,1907.91,18.87,1926.78
24.84,484.4,20.8,69.38,2.88,0.0,4.2,16,1,1383.8,20.51,1404.31
23.31,240.69,20.32,67.75,5.63,0.0,4.39,17,1,693.61,45.57,739.17
25.52,12.07,14.03,56.23,2.91,0.0,3.45,18,1,48.42,0.0,48.42
19.99,0.0,37.04,82.49,5.38,0.0,4.72,19,1,21.18,59.07,80.24
18.74,0.0,41.56,85.83,2.01,0.0,4.88,20,1,34.81,0.0,34.81
17.8,0.0,14.91,69.74,3.9,0.0,5.34,21,1,50.14,13.26,63.4
14.22,0.0,15.91,56.27,5.44,0.0,4.41,22,1,0.0,57.22,57.22
15.41,0.0,48.16,95.0,3.48,0.0,3.71,23,1,0.0,0.0,0.0
14.08,0.0,13.98,78.78,1.23,0.0,4.91,0,1,0.0,17.57,17.57
14.65,0.0,35.63,73.64,5.2,0.0,4.88,1,1,0.0,57.34,57.34
14.44,0.0,51.84,80.78,3.71,0.0,3.72,2,1,0.0,6.68,6.68
16.57,0.0,10.72,81.68,2.78,0.0,5.17,3,1,38.13,27.11,65.24
15.35,0.0,16.33,75.55,9.99,0.0,6.12,4,1,0.0,989.67,989.67
13.56,0.0,17.48,83.77,6.5,0.0,5.89,5,1,0.0,135.35,135.35
13.87,20.03,21.95,81.4,0.88,0.0,2.97,6,1,41.24,0.0,41.24
16.99,235.23,28.72,73.11,4.27,0.0,5.61,7,1,636.32,0.0,636.32
15.48,415.19,17.68,67.36,2.98,0.0,4.48,8,1,1126.67,0.0,1126.67
21.5,597.43,33.52,83.85,0.88,0.0,3.87,9,1,1689.68,4.11,1693.79
21.82,753.46,37.78,77.33,0.5,0.0,1.68,10,1,2234.39,0.0,2234.39
20.55,480.0,77.63,68.19,4.21,0.64,5.05,11,1,1290.2,5.82,1296.02
19.72,722.2,48.53,78.58,2.8,0.0,5.19,12,1,2008.07,3.44,2011.51
25.12,798.43,35.98,61.91,4.96,0.0,3.95,13,1,2192.67,38.3,2230.97
23.41,774.05,25.57,70.6,3.5,0.0,3.52,14,1,2218.48,18.77,2237.25
25.61,674.38,22.16,73.01,5.43,0.0,4.12,15,1,1867.75,69.57,1937.32
21.19,352.41,46.11,77.28,5.83,0.0,5.12,16,1,1011.65,83.9,1095.55
22.19,261.77,20.63,69.12,4.66,0.0,5.73,17,1,742.61,19.5,762.11
22.3,15.79,21.0,78.77,3.31,0.0,3.59,18,1,56.77,14.83,71.6
21.33,0.0,14.05,73.49,9.51,0.0,3.98,19,1,0.0,805.72,805.72
19.38,0.0,22.1,71.53,2.72,0.0,3.72,20,1,0.0,0.0,0.0
19.69,0.0,11.97,88.77,3.83,0.0,4.33,21,1,7.75,0.0,7.75
15.86,0.0,26.29,70.97,3.86,0.0,3.97,22,1,1.45,28.62,30.07
16.04,0.0,21.13,82.95,3.37,0.0,3.71,23,1,9.99,18.36,28.35
15.46,0.0,27.91,91.79,1.62,0.0,5.98,0,1,0.0,0.0,0.0
15.25,0.0,25.76,67.08,2.97,0.0,2.75,1,1,36.43,2.85,39.28
15.05,0.0,38.06,94.03,2.22,0.0,3.39,2,1,41.63,11.46,53.09
12.12,0.0,27.41,95.0,6.83,0.0,4.39,3,1,0.0,206.27,206.27
11.68,0.0,33.63,81.23,4.64,0.0,5.16,4,1,0.39,22.72,23.11
16.4,0.0,33.77,81.64,2.62,0.0,5.52,5,1,2.01,0.0,2.01
15.77,31.97,30.78,74.18,4.11,0.0,4.33,6,1,93.59,22.46,116.05
15.19,227.76,32.35,74.17,6.23,0.0,5.01,7,1,611.38,104.74,716.12
19.84,469.9,22.46,66.13,7.43,0.0,2.59,8,1,1369.25,270.84,1640.09
18.99,509.94,54.67,89.77,1.26,0.0,3.62,9,1,1418.05,0.0,1418.05
21.87,717.57,31.43,70.89,5.6,0.0,3.71,10,1,2039.97,71.89,2111.86
21.41,948.65,6.48,62.22,8.29,0.0,5.47,11,1,2560.52,453.2,3013.72
25.44,931.78,13.05,76.78,3.57,0.0,4.92,12,1,2601.5,33.24,2634.74
25.77,829.1,31.22,73.46,10.47,0.0,4.49,13,1,2319.16,1182.21,3501.37
23.27,815.82,23.33,74.09,7.98,0.0,4.52,14,1,2265.42,370.46,2635.88
25.27,640.31,27.33,63.41,4.65,0.0,4.13,15,1,1811.29,0.0,1811.29
24.61,482.76,5.55,66.24,6.17,0.0,4.6,16,1,1389.75,111.94,1501.68
25.19,221.51,33.6,85.35,2.67,0.0,4.51,17,1,661.1,2.84,663.95
20.9,0.0,7.56,77.0,7.11,0.0,3.92,18,1,16.02,257.22,273.25
22.34,0.0,52.03,67.96,4.26,0.0,3.89,19,1,14.06,0.0,14.06
21.69,0.0,17.3,78.92,3.8,0.0,4.56,20,1,29.94,27.89,57.82
16.17,0.0,30.42,86.34,6.05,0.0,3.62,21,1,24.43,116.56,140.99
15.74,0.0,13.64,94.62,6.68,0.0,5.12,22,1,0.0,185.5,185.5
13.25,0.0,2.97,83.62,4.95,0.0,3.86,23,1,10.92,39.91,50.83
14.93,0.0,12.52,86.94,0.72,0.0,2.83,0,1,0.0,0.0,0.0
15.61,0.0,22.0,84.51,4.29,0.0,4.33,1,1,49.02,0.0,49.02
16.29,0.0,5.54,73.73,5.91,0.0,5.36,2,1,18.72,79.82,98.54
13.98,0.0,66.16,71.3,3.99,0.0,5.26,3,1,0.0,22.81,22.81
16.48,0.0,25.97,84.19,7.44,0.0,3.58,4,1,0.0,281.53,281.53
12.47,0.0,15.73,89.58,6.79,0.0,3.84,5,1,0.0,183.58,183.58
12.78,0.0,43.6,64.21,3.91,0.0,5.3,6,1,4.35,12.11,16.46
16.29,233.92,21.86,83.7,3.24,0.0,4.89,7,1,635.52,12.06,647.59
18.15,380.35,36.97,76.59,1.07,0.0,4.03,8,1,1077.69,0.0,1077.69
18.82,721.89,11.17,79.9,4.5,0.0,3.46,9,1,2126.13,13.87,2140.0
17.06,669.58,44.71,74.68,2.5,0.0,5.04,10,1,1856.09,0.0,1856.09
21.24,931.13,13.29,85.15,4.73,0.0,2.9,11,1,2635.28,18.54,2653.82
20.45,905.61,25.39,82.7,5.7,0.0,2.31,12,1,2612.6,67.46,2680.07
24.2,894.32,25.05,58.84,3.26,0.0,5.8,13,1,2448.61,16.16,2464.77
24.25,653.31,49.53,62.07,0.56,0.0,4.22,14,1,1827.19,16.58,1843.77
22.46,622.25,29.12,72.53,6.37,0.0,4.47,15,1,1748.07,146.29,1894.36
22.93,418.15,30.9,66.54,4.02,0.0,4.78,16,1,1163.59,0.0,1163.59
21.61,231.58,41.54,81.72,2.77,0.0,5.3,17,1,651.02,0.0,651.02
22.31,1.12,11.85,64.13,4.51,0.0,4.0,18,1,9.95,2.29,12.24
22.8,0.0,21.1,80.22,4.77,0.0,4.68,19,1,40.65,26.01,66.66
18.68,0.0,43.57,57.16,1.8,0.0,4.68,20,1,18.08,7.49,25.58
19.62,0.0,34.48,72.21,4.59,0.0,4.4,21,1,29.43,28.96,58.39
16.78,0.0,22.38,89.97,2.62,0.0,3.18,22,1,0.0,0.0,0.0
15.18,0.0,39.23,80.33,5.74,0.0,4.79,23,1,17.59,102.07,119.66
15.23,0.0,17.34,80.94,7.58,0.0,5.12,0,1,18.08,285.69,303.77
13.04,0.0,17.52,89.57,1.48,0.0,4.68,1,1,0.0,0.0,0.0
13.27,0.0,14.98,87.3,7.11,0.0,4.11,2,1,0.0,242.02,242.02
12.13,0.0,32.77,83.55,6.88,0.0,5.03,3,1,6.38,203.38,209.76
17.05,0.0,16.71,89.09,2.92,0.0,5.21,4,1,5.97,2.06,8.03
14.65,0.0,50.72,82.45,0.77,0.0,5.38,5,1,9.79,0.82,10.61
14.34,0.0,76.47,86.13,4.69,0.01,6.08,6,1,0.0,12.36,12.36
16.75,263.52,14.33,86.46,2.93,0.0,5.02,7,1,738.54,17.7,756.24
17.47,439.65,22.61,58.61,2.08,0.0,5.06,8,1,1213.09,0.0,1213.09
18.6,550.64,38.28,70.93,1.53,0.0,3.92,9,1,1555.03,0.0,1555.03
21.14,724.74,32.76,68.91,2.1,0.0,3.26,10,1,2089.94,0.0,2089.94
22.56,905.82,20.14,77.19,2.34,0.0,5.52,11,1,2483.57,0.0,2483.57
21.67,843.74,32.72,86.95,5.67,0.0,5.73,12,1,2335.82,75.83,2411.64
22.39,828.08,36.99,57.2,5.57,0.0,5.8,13,1,2279.04,76.18,2355.22
23.34,720.35,38.34,67.66,3.72,0.0,4.04,14,1,2067.23,16.74,2083.97
20.47,502.92,53.58,83.18,4.04,0.0,4.2,15,1,1421.58,0.0,1421.58
21.48,413.55,39.81,59.3,7.11,0.0,3.4,16,1,1196.03,221.46,1417.48
25.31,250.89,21.98,71.7,6.95,0.0,2.95,17,1,625.85,192.43,818.28
24.93,12.37,14.6,72.73,5.98,0.0,4.38,18,1,8.49,102.76,111.25
21.05,0.0,21.99,78.04,3.08,0.0,5.89,19,1,7.14,0.0,7.14
21.09,0.0,31.32,64.7,3.04,0.0,4.36,20,1,23.88,10.01,33.89
19.39,0.0,7.28,75.4,6.66,0.0,6.32,21,1,9.63,155.8,165.43
22.25,0.0,24.88,62.68,7.27,0.0,4.82,22,1,0.0,258.83,258.83
18.11,0.0,61.41,86.13,5.7,0.0,4.08,23,1,0.0,68.36,68.36
15.26,0.0,78.83,72.17,5.35,2.19,4.73,0,1,0.0,72.88,72.88
13.23,0.0,30.89,83.43,4.07,0.0,5.65,1,1,13.06,9.77,22.83
11.75,0.0,7.51,95.0,2.89,0.0,5.67,2,1,8.28,0.0,8.28
14.29,0.0,35.36,90.87,2.36,0.0,5.4,3,1,21.99,1.86,23.86
13.02,0.0,6.74,69.22,1.75,0.0,3.04,4,1,0.0,0.0,0.0
12.53,0.0,20.03,81.54,5.14,0.0,4.47,5,1,3.27,58.57,61.84
14.48,11.48,31.78,82.15,5.51,0.0,4.9,6,1,0.0,62.31,62.31
14.87,242.75,37.38,79.64,3.0,0.0,4.92,7,1,656.24,1.04,657.27
20.23,300.24,53.68,77.84,0.5,0.0,4.92,8,1,865.84,0.0,865.84
20.31,701.79,7.07,79.55,7.52,0.0,4.94,9,1,1966.17,292.35,2258.52
20.27,796.38,26.25,89.34,3.41,0.0,4.44,10,1,2254.78,0.0,2254.78
23.71,931.87,18.23,66.81,8.62,0.0,3.65,11,1,2631.29,541.78,3173.07
22.64,843.3,38.77,77.78,4.79,0.0,4.27,12,1,2407.78,23.34,2431.12
22.03,958.3,10.92,71.11,1.64,0.0,4.31,13,1,2697.13,0.0,2697.13
26.1,842.31,8.81,80.22,2.83,0.0,4.58,14,1,2325.85,3.24,2329.08
24.8,637.94,27.95,72.37,4.66,0.0,6.19,15,1,1746.63,31.81,1778.44
22.26,536.86,4.32,72.61,4.61,0.0,4.5,16,1,1521.22,35.59,1556.8
23.03,224.32,45.6,69.27,2.31,0.0,3.87,17,1,647.56,0.0,647.56
21.21,0.0,35.55,66.59,1.99,0.0,6.21,18,1,0.0,0.0,0.0
19.41,0.0,25.4,82.64,2.56,0.0,3.02,19,1,0.81,16.31,17.13
21.67,0.0,18.89,66.43,5.6,0.0,3.41,20,1,26.11,82.79,108.89
21.85,0.0,26.84,57.85,2.37,0.0,5.32,21,1,0.0,8.99,8.99
15.6,0.0,25.93,72.6,4.95,0.0,2.63,22,1,3.02,38.09,41.1
17.33,0.0,52.46,79.42,6.43,0.0,3.89,23,1,0.0,162.09,162.09
14.54,0.0,52.99,71.78,3.17,0.0,4.36,0,1,23.11,0.0,23.11
13.99,0.0,51.74,75.77,0.5,0.0,4.09,1,1,0.0,14.24,14.24
13.33,0.0,55.46,67.87,1.76,0.0,3.88,2,1,44.42,0.0,44.42
12.76,0.0,34.77,77.07,2.75,0.0,4.85,3,1,21.47,0.0,21.47
14.29,0.0,17.14,95.0,2.07,0.0,4.79,4,1,0.0,34.16,34.16
13.47,0.0,47.86,77.77,2.63,0.0,4.11,5,1,0.0,17.05,17.05
15.92,0.0,54.71,79.03,3.99,0.0,3.42,6,1,0.0,4.63,4.63
16.48,224.86,43.54,95.0,0.66,0.0,4.46,7,1,571.35,0.0,571.35
17.4,377.45,44.23,80.77,1.16,0.0,4.25,8,1,1047.93,0.0,1047.93
17.69,660.97,19.84,80.11,6.26,0.0,4.99,9,1,1881.6,132.67,2014.27
19.48,622.07,45.01,67.99,3.87,0.0,4.23,10,1,1743.12,16.64,1759.77
22.68,927.99,14.01,73.59,7.45,0.0,4.45,11,1,2583.06,285.94,2869.0
23.34,721.41,51.24,84.85,0.5,0.0,5.54,12,1,1974.49,6.9,1981.39
21.92,896.52,21.23,63.03,0.5,0.0,6.12,13,1,2453.03,0.0,2453.03
24.03,876.07,8.46,68.68,5.22,0.0,4.98,14,1,2434.52,46.36,2480.88
25.18,479.8,58.83,59.39,3.62,0.0,3.41,15,1,1417.3,20.56,1437.86
21.38,395.85,44.7,86.28,7.05,0.0,3.47,16,1,1137.12,216.56,1353.68
24.2,200.77,36.76,60.53,5.59,0.0,5.83,17,1,554.65,83.95,638.6
21.59,42.74,33.47,67.46,3.77,0.0,4.96,18,1,116.01,33.66,149.67
22.41,0.0,20.81,62.84,3.63,0.0,4.48,19,1,0.0,0.0,0.0
19.2,0.0,41.11,64.9,5.81,0.0,5.71,20,1,40.92,95.93,136.85
16.34,0.0,14.19,80.12,5.74,0.0,6.95,21,1,17.78,74.24,92.02
15.32,0.0,10.19,77.82,2.56,0.0,4.23,22,1,0.0,0.0,0.0
16.62,0.0,50.76,81.86,4.77,0.0,5.46,23,1,18.9,35.98,54.89
15.97,0.0,43.6,84.81,4.57,0.0,5.55,0,1,25.21,19.98,45.19
13.43,0.0,50.1,69.43,6.27,0.0,3.42,1,1,51.14,156.49,207.63
15.24,0.0,62.56,83.12,6.41,0.0,4.8,2,1,1.65,121.32,122.96
11.62,0.0,12.86,77.75,2.52,0.0,5.0,3,1,0.0,4.7,4.7
14.19,0.0,36.37,83.13,6.55,0.0,5.46,4,1,28.79,155.91,184.7
12.97,0.0,25.3,86.11,7.23,0.0,4.83,5,1,0.0,272.6,272.6
14.6,0.0,39.53,79.41,1.53,0.0,4.3,6,1,15.29,1.58,16.86
16.69,212.12,21.05,89.51,4.16,0.0,4.04,7,1,648.57,8.5,657.06
16.53,377.07,47.74,67.7,3.41,0.0,4.21,8,1,1067.27,6.13,1073.4
18.54,532.02,44.42,67.75,3.23,0.0,4.43,9,1,1508.26,20.87,1529.13
21.92,723.8,35.19,74.65,4.97,0.0,4.85,10,1,2008.15,34.05,2042.21
20.75,968.37,4.1,90.99,1.68,0.0,6.22,11,1,2592.79,0.0,2592.79
23.9,922.92,23.14,62.78,5.89,0.0,6.51,12,1,2523.17,71.68,2594.85
21.75,642.32,61.3,72.38,0.74,0.0,6.24,13,1,1760.01,0.0,1760.01
24.74,669.96,39.57,78.84,4.18,0.0,3.89,14,1,1917.27,11.8,1929.07
26.28,503.55,52.11,74.8,2.27,0.0,6.98,15,1,1321.83,0.0,1321.83
20.24,516.19,4.88,79.63,4.72,0.0,5.26,16,1,1405.15,8.37,1413.53
22.25,223.4,4.46,66.54,3.89,0.0,3.61,17,1,644.95,8.59,653.54
23.52,0.0,25.21,70.58,12.97,0.0,4.5,18,1,0.15,1977.03,1977.18
21.31,0.0,35.99,73.66,6.34,0.0,5.6,19,1,0.0,139.91,139.91
20.97,0.0,39.66,82.19,2.88,0.0,4.85,20,1,0.0,0.0,0.0
18.21,0.0,21.78,76.08,3.9,0.0,3.99,21,1,0.0,0.0,0.0
17.95,0.0,27.22,88.31,2.78,0.0,4.75,22,1,0.0,5.92,5.92
16.38,0.0,7.97,78.9,5.14,0.0,4.92,23,1,0.0,44.69,44.69
17.4,0.0,31.51,79.24,3.33,0.0,4.83,0,1,0.0,4.74,4.74
15.23,0.0,11.72,79.7,1.58,0.0,4.42,1,1,0.0,3.01,3.01
14.86,0.0,43.35,79.75,4.68,0.0,4.19,2,1,1.99,21.12,23.11
13.56,0.0,26.94,82.15,0.5,0.0,4.65,3,1,0.0,0.0,0.0
13.62,0.0,42.53,82.93,2.67,0.0,5.12,4,1,20.67,0.0,20.67
14.2,0.0,18.03,68.99,6.94,0.0,5.76,5,1,11.96,169.57,181.53
16.24,14.94,30.3,77.28,1.42,0.0,6.58,6,1,43.86,6.84,50.7
16.05,264.71,18.15,93.25,3.77,0.0,5.53,7,1,756.03,0.0,756.03
18.32,469.91,14.89,62.51,5.67,0.0,5.16,8,1,1316.08,69.31,1385.39
22.29,642.81,22.31,70.29,6.9,0.0,4.88,9,1,1745.58,167.44,1913.02
21.78,812.51,15.01,68.37,4.08,0.0,4.82,10,1,2224.93,0.0,2224.93
21.19,756.54,45.32,76.18,1.83,0.0,4.48,11,1,2138.04,0.0,2138.04
24.52,886.73,27.17,73.66,7.57,0.0,5.23,12,1,2426.76,283.69,2710.44
22.9,874.4,22.12,72.69,5.29,0.0,2.9,13,1,2521.85,46.59,2568.44
20.95,757.27,29.05,57.76,3.19,0.0,5.64,14,1,2089.66,0.0,2089.66
22.67,664.87,20.62,55.57,2.56,0.0,4.48,15,1,1855.87,20.49,1876.36
21.21,428.91,24.62,52.24,1.0,0.0,3.93,16,1,1181.01,10.33,1191.35
22.98,191.38,39.62,70.33,2.07,0.0,4.43,17,1,536.81,30.09,566.91
22.74,27.0,25.71,58.56,5.52,0.0,4.08,18,1,47.53,66.0,113.53
24.2,0.0,24.35,51.18,1.53,0.0,7.29,19,1,17.76,0.0,17.76
20.97,0.0,46.67,66.48,1.68,0.0,4.42,20,1,36.48,52.77,89.25
18.85,0.0,10.69,70.91,2.1,0.0,5.02,21,1,0.0,0.0,0.0
19.13,0.0,18.71,75.38,3.19,0.0,4.0,22,1,5.77,7.63,13.39
13.37,0.0,21.89,83.02,2.06,0.0,5.76,23,1,27.82,11.27,39.09
16.07,0.0,57.09,80.2,6.89,0.0,3.65,0,1,0.0,202.78,202.78
16.08,0.0,28.83,86.27,2.46,0.0,5.86,1,1,0.0,0.0,0.0
12.2,0.0,23.42,82.01,7.14,0.0,5.2,2,1,15.33,228.94,244.27
15.97,0.0,8.05,85.83,9.22,0.0,5.2,3,1,0.0,688.69,688.69
14.93,0.0,17.12,78.29,5.34,0.0,5.43,4,1,0.0,51.99,51.99
14.3,0.0,39.36,78.66,0.5,0.0,4.6,5,1,0.0,0.0,0.0
16.66,0.4,14.11,74.43,2.36,0.0,5.55,6,1,0.0,0.0,0.0
20.16,222.63,33.85,74.52,2.51,0.0,4.55,7,1,624.13,0.0,624.13
18.23,352.62,53.68,82.4,3.98,0.0,4.25,8,1,975.03,30.97,1006.0
19.62,633.28,23.99,80.57,1.87,0.0,3.97,9,1,1758.43,6.95,1765.38
19.85,797.14,19.22,80.05,1.28,0.0,5.91,10,1,2186.87,0.51,2187.38
20.47,927.97,7.53,76.91,1.98,0.0,6.02,11,1,2511.79,0.0,2511.79
24.03,842.36,29.46,60.94,2.83,0.0,6.99,12,1,2275.88,0.0,2275.88
22.3,813.46,35.1,94.3,1.01,0.0,4.6,13,1,2304.3,0.0,2304.3
24.19,826.98,10.53,59.31,2.1,0.0,4.42,14,1,2348.61,10.67,2359.28
23.53,669.07,4.63,71.74,1.93,0.0,4.3,15,1,1887.87,5.81,1893.68
24.8,422.61,29.78,93.22,5.47,0.0,3.33,16,1,1209.99,11.08,1221.07
24.08,227.85,22.23,77.16,1.94,0.0,5.21,17,1,620.94,11.19,632.14
24.34,0.0,50.74,64.19,5.63,0.0,5.06,18,1,7.34,72.21,79.55
20.98,0.0,9.09,83.57,3.79,0.0,4.47,19,1,19.73,32.03,51.75
20.14,0.0,52.53,76.39,5.36,0.0,6.12,20,1,26.82,35.33,62.15
17.78,0.0,29.73,71.13,3.48,0.0,3.98,21,1,34.47,35.81,70.28
17.29,0.0,26.96,80.0,6.84,0.0,3.83,22,1,0.0,201.72,201.72
17.32,0.0,46.72,75.32,2.56,0.0,5.68,23,1,29.6,6.94,36.54
16.92,0.0,50.08,76.98,5.43,0.0,5.89,0,1,0.0,49.86,49.86
13.61,0.0,21.3,83.01,1.9,0.0,4.37,1,1,16.89,0.0,16.89
15.79,0.0,36.36,85.64,6.59,0.0,1.76,2,1,0.0,160.99,160.99
16.35,0.0,25.12,86.59,0.76,0.0,4.66,3,1,0.0,11.75,11.75
15.11,0.0,10.69,75.04,3.52,0.0,4.2,4,1,43.0,9.72,52.73
17.8,0.0,33.44,80.52,3.33,0.0,7.04,5,1,30.19,0.94,31.13
14.62,8.77,23.64,79.31,4.45,0.0,6.27,6,1,0.0,19.92,19.92
14.95,219.31,15.99,87.2,3.43,0.0,4.6,7,1,620.26,0.0,620.26
15.36,427.08,16.79,72.4,4.24,0.0,4.98,8,1,1177.27,11.66,1188.93
21.56,554.03,38.6,72.96,6.33,0.0,5.64,9,1,1531.76,124.55,1656.31
21.59,734.78,28.25,58.45,1.76,0.0,5.05,10,1,2051.14,0.0,2051.14
21.74,880.42,20.96,78.55,2.38,0.0,4.83,11,1,2470.82,0.0,2470.82
23.27,946.6,21.6,85.48,5.73,0.0,5.9,12,1,2563.61,79.22,2642.83
21.96,924.98,9.02,85.02,2.29,0.0,6.21,13,1,2470.23,13.92,2484.15
27.82,658.86,45.28,72.32,6.91,0.0,6.36,14,1,1787.64,174.16,1961.8
24.51,637.2,26.18,74.18,3.97,0.0,5.55,15,1,1725.48,20.43,1745.91
24.31,433.84,32.04,86.35,1.32,0.0,5.58,16,1,1183.63,5.86,1189.49
24.74,213.45,31.0,64.86,0.65,0.0,5.54,17,1,586.19,10.47,596.66
23.58,23.77,55.9,68.68,5.4,0.0,4.83,18,1,60.79,41.41,102.2
22.16,0.0,29.13,83.71,6.27,0.0,5.25,19,1,19.3,121.86,141.16
19.43,0.0,16.85,74.57,2.36,0.0,4.32,20,1,0.0,1.1,1.1
20.03,0.0,29.51,67.57,2.36,0.0,3.48,21,1,0.0,13.27,13.27
20.85,0.0,4.13,61.82,7.9,0.0,5.13,22,1,0.0,353.32,353.32
18.84,0.0,21.31,69.68,4.65,0.0,6.45,23,1,0.0,25.32,25.32
18.24,0.0,36.82,91.17,1.93,0.0,4.55,0,1,0.0,3.81,3.81
14.29,0.0,15.85,81.02,3.47,0.0,5.45,1,1,15.72,23.44,39.16
13.08,0.0,55.3,77.22,6.99,0.0,4.04,2,1,0.0,200.22,200.22
14.2,0.0,11.46,81.25,4.43,0.0,5.76,3,1,0.0,8.82,8.82
14.64,0.0,39.2,84.03,3.26,0.0,4.64,4,1,20.27,15.91,36.18
16.7,0.0,19.89,64.09,1.82,0.0,6.3,5,1,0.0,4.67,4.67
13.32,42.95,62.54,75.9,5.12,0.0,4.25,6,1,147.79,59.0,206.79
19.18,190.27,29.45,64.08,2.56,0.0,6.62,7,1,435.17,1.19,436.36
17.86,437.03,12.91,89.27,4.11,0.0,5.98,8,1,1176.37,13.16,1189.52
18.75,523.54,45.95,75.56,4.31,0.0,4.3,9,1,1494.77,0.0,1494.77
19.17,752.22,34.22,74.6,4.05,0.0,4.28,10,1,2094.64,0.0,2094.64
19.41,786.51,43.02,74.27,2.39,0.0,4.38,11,1,2218.44,0.0,2218.44
24.16,799.45,43.71,61.05,4.99,0.0,6.22,12,1,2155.53,34.66,2190.19
23.83,914.06,18.49,74.55,4.11,0.0,3.48,13,1,2610.25,7.65,2617.9
22.29,501.69,68.06,86.94,3.24,0.0,5.32,14,1,1377.04,0.0,1377.04
22.45,516.56,50.98,67.12,1.04,0.0,3.31,15,1,1521.13,12.44,1533.57
23.72,413.19,44.28,77.65,2.85,0.0,3.48,16,1,1178.66,4.47,1183.13
26.22,220.48,25.81,66.64,2.97,0.0,3.31,17,1,609.06,5.21,614.28
22.54,0.83,9.84,65.85,5.63,0.0,4.3,18,1,0.0,68.42,68.42
19.64,0.0,5.1,82.68,3.82,0.0,3.89,19,1,15.88,0.0,15.88
20.32,0.0,8.96,61.65,7.38,0.0,4.0,20,1,27.72,285.28,312.99
18.98,0.0,17.67,64.84,5.3,0.0,4.11,21,1,0.0,49.77,49.77
14.05,0.0,21.86,95.0,3.95,0.0,4.8,22,1,32.52,0.0,32.52
16.81,0.0,19.12,75.6,1.94,0.0,4.13,23,1,18.42,30.51,48.93
15.58,0.0,48.51,89.83,2.25,0.0,4.09,0,1,1.67,18.45,20.12
16.18,0.0,37.32,78.65,1.88,0.0,7.27,1,1,0.0,1.05,1.05
17.41,0.0,55.94,57.81,3.44,0.0,4.46,2,1,37.09,0.0,37.09
16.15,0.0,17.84,85.06,5.1,0.0,2.91,3,1,9.47,15.15,24.62
14.23,0.0,36.17,84.87,5.37,0.0,5.86,4,1,4.31,58.08,62.39
13.47,0.0,56.33,76.85,1.43,0.0,4.55,5,1,0.0,0.0,0.0
19.79,0.0,55.77,84.02,3.72,0.0,4.08,6,1,0.0,3.33,3.33
17.05,260.38,1.99,86.02,3.65,0.0,3.99,7,1,783.6,6.38,789.99
18.19,463.4,15.16,71.13,3.42,0.0,5.51,8,1,1272.52,11.86,1284.37
19.43,695.2,5.75,84.35,2.69,0.0,5.24,9,1,1960.24,12.12,1972.35
21.05,733.28,30.22,75.49,3.62,0.0,4.37,10,1,1999.49,0.0,1999.49
21.75,809.93,37.47,73.46,3.84,0.0,5.2,11,1,2227.25,23.34,2250.59
22.14,917.05,19.6,66.54,4.31,0.0,5.17,12,1,2557.46,14.34,2571.8
22.97,740.51,44.78,64.1,3.1,0.0,5.27,13,1,2061.1,0.0,2061.1
24.24,822.36,22.64,81.26,7.67,0.0,4.0,14,1,2294.27,334.2,2628.47
23.65,681.01,14.43,73.69,2.89,0.0,5.73,15,1,1905.32,25.08,1930.39
23.22,462.35,27.05,78.69,6.76,0.0,4.07,16,1,1389.8,186.67,1576.47
23.95,236.5,6.49,66.42,5.72,0.0,5.0,17,1,705.46,79.46,784.91
22.62,5.54,37.75,75.89,3.56,0.0,4.59,18,1,48.59,16.39,64.98
24.22,0.0,58.96,67.15,3.73,0.0,5.0,19,1,0.0,0.0,0.0
16.78,0.0,47.45,84.2,6.43,0.0,6.21,20,1,16.08,119.88,135.96
21.1,0.0,39.8,62.46,3.71,0.0,5.08,21,1,2.63,16.13,18.76
20.04,0.0,42.42,63.87,4.8,0.0,5.91,22,1,16.67,44.35,61.01
13.85,0.0,24.31,73.53,5.79,0.0,5.15,23,1,0.0,70.19,70.19
15.49,0.0,40.45,80.32,6.95,0.0,6.86,0,1,12.4,189.28,201.68
14.65,0.0,18.8,63.67,2.23,0.0,5.46,1,1,0.0,0.0,0.0
12.6,0.0,22.39,87.57,8.66,0.0,3.55,2,1,0.0,558.49,558.49
13.37,0.0,37.34,87.86,8.25,0.0,4.04,3,1,0.13,436.47,436.6
13.04,0.0,23.39,69.37,2.67,0.0,4.25,4,1,0.0,0.0,0.0
17.84,0.0,27.59,74.35,4.39,0.0,4.67,5,1,29.99,3.77,33.76
17.41,1.84,19.46,92.97,0.99,0.0,4.32,6,1,20.94,4.41,25.35
18.95,198.34,46.86,72.75,1.93,0.0,3.55,7,1,563.31,0.0,563.31
19.33,417.27,30.51,67.75,4.21,0.0,4.91,8,1,1125.46,12.11,1137.58
17.84,529.76,48.1,74.58,4.61,0.0,2.83,9,1,1491.08,0.0,1491.08
20.05,867.16,11.09,84.32,3.94,0.0,6.7,10,1,2364.2,0.0,2364.2
22.77,918.74,17.51,62.48,4.97,0.0,4.88,11,1,2538.24,30.87,2569.11
21.24,896.01,29.51,77.93,5.65,0.0,6.6,12,1,2399.42,102.54,2501.96
24.94,764.31,41.19,72.46,1.93,0.0,4.01,13,1,2117.47,0.0,2117.47
24.01,781.78,23.64,70.11,4.67,0.0,4.86,14,1,2175.37,36.02,2211.39
23.98,472.94,59.7,67.21,4.09,0.0,5.95,15,1,1270.68,11.46,1282.14
25.43,465.55,12.05,75.9,1.59,0.0,6.88,16,1,1234.36,15.65,1250.01
24.53,225.1,29.63,60.44,2.29,0.0,5.55,17,1,643.2,23.3,666.5
22.53,3.74,53.92,75.19,3.32,0.0,3.71,18,1,10.34,2.05,12.4
23.78,0.0,61.01,58.06,6.35,0.0,4.95,19,1,0.0,120.56,120.56
19.21,0.0,22.83,83.66,2.23,0.0,3.83,20,1,0.0,31.32,31.32
20.46,0.0,7.6,80.5,2.02,0.0,5.92,21,1,6.93,12.76,19.69
19.13,0.0,27.27,72.7,5.08,0.0,5.47,22,1,10.08,12.38,22.46
16.57,0.0,9.69,77.25,8.68,0.0,6.01,23,1,45.01,574.86,619.87
16.57,0.0,25.78,82.94,3.47,0.0,5.54,0,1,16.56,0.0,16.56
13.41,0.0,29.3,72.06,2.95,0.0,5.33,1,1,4.63,6.44,11.07
16.17,0.0,16.08,77.21,2.44,0.0,3.69,2,1,26.39,25.4,51.79
14.34,0.0,34.24,81.78,1.02,0.0,4.68,3,1,19.35,0.0,19.35
14.0,0.0,35.76,68.55,1.99,0.0,5.7,4,1,0.0,0.0,0.0
16.86,0.0,32.73,85.95,1.41,0.0,4.15,5,1,0.0,10.29,10.29
15.02,12.42,35.88,95.0,3.71,0.0,3.83,6,1,31.7,0.0,31.7
15.0,246.66,25.88,95.0,8.8,0.0,5.81,7,1,635.97,613.06,1249.02
15.99,474.03,25.18,64.21,5.6,0.0,5.02,8,1,1292.32,75.84,1368.15
20.52,631.12,22.7,83.66,4.32,0.0,6.09,9,1,1741.83,65.87,1807.7
18.99,775.2,28.4,71.17,3.67,0.0,4.72,10,1,2150.67,19.19,2169.86
24.75,904.69,12.82,68.42,4.41,0.0,5.18,11,1,2515.72,35.97,2551.68
20.03,847.54,37.72,67.11,3.09,0.0,4.77,12,1,2366.93,0.0,2366.93
26.49,866.17,30.11,72.07,1.99,0.0,5.24,13,1,2406.82,7.26,2414.07
24.76,832.49,19.14,49.27,4.25,0.0,6.96,14,1,2229.48,22.3,2251.78
24.47,678.24,14.01,60.04,3.9,0.0,6.21,15,1,1874.33,14.81,1889.14
23.63,513.18,7.28,52.58,7.65,0.0,6.06,16,1,1428.9,297.18,1726.08
24.54,238.06,24.9,64.92,4.61,0.0,3.99,17,1,644.84,24.45,669.29
23.09,27.66,21.99,68.78,5.48,0.0,4.65,18,1,88.46,53.63,142.09
23.77,0.0,53.54,57.89,1.4,0.0,5.08,19,1,0.0,0.0,0.0
21.08,0.0,13.83,77.88,5.38,0.0,4.57,20,1,0.0,69.07,69.07
19.84,0.0,18.29,78.66,9.07,0.0,5.76,21,1,39.87,657.18,697.05
17.77,0.0,5.87,84.6,4.66,0.0,5.65,22,1,5.47,53.2,58.67
17.03,0.0,32.51,89.82,5.24,0.0,3.6,23,1,0.0,60.99,60.99
16.62,0.0,18.89,76.93,8.87,0.0,4.84,0,1,10.3,610.01,620.31
12.8,0.0,33.91,85.42,3.17,0.0,3.58,1,1,2.1,6.06,8.17
12.84,0.0,24.68,75.41,5.93,0.0,4.06,2,1,0.0,96.87,96.87
15.81,0.0,38.66,80.57,3.21,0.0,5.61,3,1,21.29,25.13,46.42
15.12,0.0,44.16,81.76,3.35,0.0,5.97,4,1,13.23,0.0,13.23
15.09,0.0,16.78,93.1,4.66,0.0,2.88,5,1,0.0,36.65,36.65
16.18,20.26,29.2,83.87,2.45,0.0,5.13,6,1,65.13,0.0,65.13
17.71,204.43,16.37,82.19,9.99,0.0,6.06,7,1,539.98,978.15,1518.13
17.59,320.99,56.88,75.48,2.84,0.0,3.28,8,1,918.94,2.23,921.16
18.52,645.56,33.4,50.64,1.63,0.0,4.93,9,1,1773.82,0.0,1773.82
21.28,826.56,16.25,73.65,2.81,0.0,2.98,10,1,2380.61,7.06,2387.67
20.72,849.64,25.88,70.32,6.26,0.0,4.99,11,1,2374.36,159.13,2533.49
23.84,906.66,19.8,61.5,2.76,0.0,6.32,12,1,2450.11,9.34,2459.45
21.47,659.49,53.2,79.16,4.37,0.0,5.27,13,1,1807.27,12.15,1819.42
26.07,829.66,8.96,75.62,7.45,0.0,4.54,14,1,2305.09,262.84,2567.93
25.4,630.47,32.03,60.47,2.47,0.0,6.06,15,1,1725.62,0.0,1725.62
24.91,426.39,37.05,69.42,1.69,0.0,4.11,16,1,1189.17,0.0,1189.17
25.5,219.97,45.81,67.54,1.44,0.0,6.54,17,1,591.02,0.0,591.02
25.73,0.0,6.08,77.22,3.43,0.0,5.16,18,1,0.0,6.03,6.03
23.71,0.0,44.36,74.04,1.49,0.0,4.58,19,1,3.98,0.0,3.98
18.22,0.0,25.71,82.83,3.5,0.0,5.36,20,1,0.0,0.0,0.0
17.77,0.0,8.65,74.72,6.34,0.0,5.43,21,1,6.49,136.81,143.3
17.46,0.0,18.44,81.35,5.52,0.0,6.25,22,1,11.3,70.97,82.27
17.23,0.0,28.81,85.3,4.2,0.0,5.55,23,1,20.7,15.69,36.39
17.01,0.0,35.69,95.0,6.2,0.0,5.89,0,2,0.0,116.56,116.56
14.35,0.0,27.8,77.45,1.46,0.0,4.9,1,2,0.0,0.0,0.0
15.22,0.0,37.94,77.81,4.36,0.0,4.53,2,2,36.67,34.07,70.74
13.64,0.0,32.25,76.72,1.58,0.0,4.96,3,2,26.1,0.0,26.1
14.02,0.0,54.66,78.59,3.65,0.0,5.86,4,2,0.0,19.12,19.12
13.33,0.0,26.97,94.06,3.55,0.0,5.53,5,2,26.07,0.0,26.07
14.85,24.19,51.65,74.55,2.5,0.0,4.29,6,2,83.75,0.43,84.18
15.24,231.27,13.71,83.83,5.99,0.0,3.93,7,2,695.21,103.54,798.74
17.01,457.45,18.57,86.57,2.29,0.0,5.66,8,2,1273.19,0.0,1273.19
21.35,680.63,19.18,82.97,4.03,0.0,6.75,9,2,1844.05,0.0,1844.05
19.64,620.01,50.59,87.07,3.65,0.0,4.94,10,2,1712.65,0.0,1712.65
26.22,951.89,9.78,71.3,3.38,0.0,5.99,11,2,2593.7,0.0,2593.7
24.05,888.89,26.3,73.13,0.83,0.0,3.81,12,2,2494.05,1.03,2495.08
24.38,968.86,0.82,65.2,4.92,0.0,5.9,13,2,2673.67,42.78,2716.45
23.31,784.64,26.04,55.27,0.51,0.0,4.81,14,2,2165.57,27.47,2193.03
25.82,649.9,17.26,63.25,5.9,0.0,5.63,15,2,1794.51,99.79,1894.3
23.74,501.39,3.78,71.79,2.5,0.0,7.24,16,2,1337.02,2.52,1339.53
24.28,206.38,36.0,77.97,1.61,0.0,5.76,17,2,583.63,0.0,583.63
27.15,0.0,41.14,78.43,3.31,0.0,4.16,18,2,20.44,6.58,27.02
22.13,0.0,31.65,72.5,4.07,0.0,3.88,19,2,13.8,20.53,34.32
22.79,0.0,8.54,80.65,2.74,0.0,3.23,20,2,0.0,28.97,28.97
18.72,0.0,38.9,77.88,1.62,0.0,5.02,21,2,15.34,3.03,18.37
18.42,0.0,32.88,78.55,0.61,0.0,4.16,22,2,0.0,0.0,0.0
19.93,0.0,19.1,72.69,4.96,0.0,3.25,23,2,35.65,29.92,65.58
15.38,0.0,48.15,76.74,6.64,0.0,6.2,0,2,24.42,151.0,175.42
18.24,0.0,18.53,72.46,1.46,0.0,5.16,1,2,0.0,42.27,42.27
16.08,0.0,19.72,75.3,2.3,0.0,5.34,2,2,36.02,0.0,36.02
14.01,0.0,32.01,76.8,0.64,0.0,4.02,3,2,0.0,0.0,0.0
15.97,0.0,34.84,86.64,6.62,0.0,5.88,4,2,15.91,161.25,177.17
16.98,0.0,28.12,88.77,3.45,0.0,4.64,5,2,0.0,5.03,5.03
17.25,0.0,46.41,72.23,7.25,0.0,4.09,6,2,0.98,246.8,247.78
15.0,263.46,5.65,73.86,3.58,0.0,5.41,7,2,738.41,0.0,738.41
17.47,335.57,67.03,76.55,6.33,0.0,4.54,8,2,967.41,125.0,1092.42
19.48,421.77,68.18,68.64,7.84,0.0,6.43,9,2,1144.92,362.41,1507.34
21.03,699.73,36.29,65.62,2.88,0.0,5.21,10,2,1926.97,2.9,1929.87
23.28,803.33,33.43,68.27,4.55,0.0,2.91,11,2,2277.84,20.51,2298.35
23.65,942.01,20.64,72.56,4.72,0.0,5.54,12,2,2595.79,21.31,2617.1
22.18,949.18,12.28,74.23,0.66,0.0,7.68,13,2,2487.68,0.0,2487.68
25.25,674.64,44.45,66.19,3.42,0.0,4.1,14,2,1916.09,22.05,1938.14
25.77,670.89,15.39,63.88,6.26,0.0,3.43,15,2,1908.53,130.03,2038.56
25.52,491.47,13.68,73.24,7.69,0.0,6.89,16,2,1330.66,337.97,1668.63
25.8,133.66,66.19,71.14,6.82,0.0,4.21,17,2,400.46,212.46,612.92
24.64,20.55,10.14,70.81,8.55,0.0,5.14,18,2,71.89,537.21,609.09
23.04,0.0,15.2,66.84,4.63,0.0,3.67,19,2,32.01,17.39,49.4
21.04,0.0,31.11,84.42,2.32,0.0,4.23,20,2,0.0,0.0,0.0
17.36,0.0,22.79,67.68,4.16,0.0,4.65,21,2,2.3,2.07,4.37
19.2,0.0,44.49,71.48,3.33,0.0,5.3,22,2,0.0,0.0,0.0
17.66,0.0,21.46,69.91,2.46,0.0,4.05,23,2,0.0,13.56,13.56
16.81,0.0,17.94,78.85,5.48,0.0,5.13,0,2,0.0,62.73,62.73
13.69,0.0,4.41,77.23,4.48,0.0,3.99,1,2,0.0,16.98,16.98
13.48,0.0,39.3,83.57,5.62,0.0,5.31,2,2,15.11,80.79,95.9
16.51,0.0,57.08,83.37,2.52,0.0,4.73,3,2,0.0,18.89,18.89
15.05,0.0,35.87,91.06,6.89,0.0,4.86,4,2,16.53,216.3,232.83
16.63,0.0,44.92,80.76,2.35,0.0,4.46,5,2,51.72,18.43,70.15
16.44,0.0,4.19,80.86,4.32,0.0,5.78,6,2,0.0,0.43,0.43
17.48,252.27,30.1,81.47,1.09,0.0,5.82,7,2,704.64,16.97,721.61
20.05,504.75,17.41,56.66,3.97,0.0,4.65,8,2,1387.04,1.39,1388.43
19.16,533.1,53.96,76.47,1.45,0.0,4.6,9,2,1512.59,9.17,1521.76
21.37,388.79,80.63,64.49,2.86,0.97,6.9,10,2,1063.12,4.87,1067.99
21.74,965.01,9.7,67.72,6.32,0.0,5.47,11,2,2618.14,90.4,2708.54
22.82,893.55,28.15,70.66,6.73,0.0,5.65,12,2,2439.31,172.78,2612.09
23.8,678.79,51.22,78.06,5.43,0.0,6.37,13,2,1901.79,78.93,1980.72
25.1,832.31,3.38,54.74,3.05,0.0,4.69,14,2,2285.12,18.12,2303.24
24.22,677.61,12.36,71.85,4.18,0.0,6.44,15,2,1803.62,11.54,1815.16
26.65,344.26,54.98,67.85,2.27,0.0,3.06,16,2,993.92,0.0,993.92
22.92,157.09,57.14,74.94,4.79,0.0,6.75,17,2,423.14,23.15,446.29
23.19,24.73,7.7,89.07,2.94,0.0,4.33,18,2,36.62,16.49,53.12
21.77,0.0,34.31,85.32,2.25,0.0,5.53,19,2,18.28,17.0,35.28
23.4,0.0,22.88,73.25,4.22,0.0,5.68,20,2,21.88,38.65,60.53
20.23,0.0,15.69,79.21,1.55,0.0,4.49,21,2,0.0,0.0,0.0
20.19,0.0,42.81,74.48,4.85,0.0,5.99,22,2,52.36,71.3,123.66
15.21,0.0,10.95,86.83,2.05,0.0,5.9,23,2,25.23,0.0,25.23
16.88,0.0,9.69,79.02,4.04,0.0,4.95,0,2,8.27,44.51,52.78
17.02,0.0,25.72,81.99,3.18,0.0,4.05,1,2,0.0,26.96,26.96
15.31,0.0,33.42,75.31,4.11,0.0,6.43,2,2,0.0,6.34,6.34
16.62,0.0,51.98,80.9,2.39,0.0,5.32,3,2,0.0,9.23,9.23
14.41,0.0,15.11,92.6,2.74,0.0,6.21,4,2,0.0,0.0,0.0
17.8,0.0,15.89,82.18,1.75,0.0,2.65,5,2,5.76,2.37,8.13
19.93,1.42,20.85,76.01,5.51,0.0,5.63,6,2,0.0,84.12,84.12
16.97,233.32,19.74,55.42,1.21,0.0,4.48,7,2,675.96,0.0,675.96
18.06,396.99,38.33,80.4,3.09,0.0,4.91,8,2,1117.73,0.0,1117.73
22.2,593.78,30.57,71.66,3.47,0.0,5.84,9,2,1637.68,0.0,1637.68
23.68,866.32,8.46,62.0,2.1,0.0,3.1,10,2,2480.22,0.0,2480.22
21.73,831.65,31.12,72.38,3.14,0.0,4.29,11,2,2313.76,3.55,2317.32
22.92,972.88,10.18,70.99,3.31,0.0,5.37,12,2,2700.99,20.76,2721.75
23.93,754.76,42.82,70.34,2.27,0.0,3.31,13,2,2158.37,0.0,2158.37
22.83,893.01,3.95,77.56,4.54,0.0,5.3,14,2,2462.45,27.85,2490.3
23.64,474.27,52.97,68.94,0.8,0.0,3.8,15,2,1331.42,29.69,1361.11
23.34,502.53,9.62,69.03,2.11,0.0,6.79,16,2,1349.35,0.0,1349.35
23.2,237.28,34.27,68.34,4.45,0.0,5.55,17,2,627.69,25.33,653.02
23.5,0.0,38.53,72.75,4.47,0.0,5.72,18,2,31.95,9.97,41.93
22.87,0.0,11.25,75.89,2.5,0.0,3.99,19,2,0.0,0.0,0.0
23.64,0.0,40.23,80.95,4.82,0.0,5.01,20,2,3.95,34.0,37.95
18.52,0.0,38.79,81.01,3.58,0.0,4.63,21,2,1.49,30.19,31.68
20.2,0.0,13.89,83.37,3.89,0.0,5.47,22,2,10.68,6.4,17.08
17.2,0.0,48.81,85.13,2.86,0.0,5.71,23,2,0.0,0.0,0.0
16.49,0.0,24.42,80.43,9.17,0.0,4.85,0,2,5.47,676.85,682.32
16.79,0.0,6.77,73.05,5.2,0.0,5.08,1,2,29.1,50.09,79.19
13.59,0.0,17.7,85.92,2.4,0.0,4.72,2,2,0.0,0.0,0.0
15.68,0.0,21.66,92.65,2.34,0.0,6.76,3,2,29.12,0.0,29.12
15.52,0.0,12.88,89.06,5.49,0.0,3.85,4,2,0.0,53.54,53.54
16.51,0.0,7.74,89.41,3.15,0.0,3.6,5,2,12.55,7.86,20.41
17.0,20.95,19.21,63.85,1.39,0.0,5.27,6,2,25.42,0.0,25.42
21.29,225.82,35.51,57.73,0.86,0.0,4.35,7,2,659.06,0.0,659.06
17.85,397.06,37.46,73.7,3.29,0.0,3.95,8,2,1173.16,0.0,1173.16
19.31,686.88,13.46,79.63,3.29,0.0,5.35,9,2,1871.42,12.98,1884.4
20.46,857.7,9.84,71.45,4.98,0.0,3.89,10,2,2417.17,42.41,2459.57
21.77,936.89,19.97,71.28,4.16,0.0,5.1,11,2,2623.45,9.53,2632.98
22.68,879.3,26.62,59.94,5.46,0.0,4.74,12,2,2424.12,68.06,2492.18
26.22,941.9,8.02,62.68,2.78,0.0,4.88,13,2,2626.99,3.94,2630.93
27.06,842.94,21.18,59.41,4.45,0.0,4.08,14,2,2326.76,30.22,2356.97
24.25,640.03,24.19,63.05,6.63,0.0,4.06,15,2,1786.29,140.31,1926.61
23.68,452.25,28.67,64.69,1.21,0.0,4.65,16,2,1277.86,29.58,1307.45
25.14,214.54,24.19,60.06,5.0,0.0,6.59,17,2,611.77,33.94,645.71
22.81,0.0,60.35,52.46,5.05,0.0,3.42,18,2,21.24,32.58,53.82
23.55,0.0,42.35,82.03,5.66,0.0,5.42,19,2,8.45,68.38,76.83
21.7,0.0,72.61,72.02,2.52,0.0,3.8,20,2,0.0,2.41,2.41
17.83,0.0,10.5,72.11,3.3,0.0,5.13,21,2,1.46,0.0,1.46
21.13,0.0,7.06,72.5,2.36,0.0,4.98,22,2,0.0,2.85,2.85
20.3,0.0,26.74,77.31,2.73,0.0,5.21,23,2,13.37,3.56,16.93
15.74,0.0,12.1,81.02,8.37,0.0,6.67,0,2,0.85,492.38,493.23
15.28,0.0,33.3,74.79,3.46,0.0,5.86,1,2,0.0,0.0,0.0
15.79,0.0,18.19,88.0,6.18,0.0,4.88,2,2,17.58,146.37,163.95
15.69,0.0,7.56,75.41,5.66,0.0,6.43,3,2,0.0,66.64,66.64
16.35,0.0,36.17,77.52,3.45,0.0,3.99,4,2,0.0,0.0,0.0
18.88,0.0,61.96,90.14,9.91,0.0,3.79,5,2,0.4,942.82,943.23
16.39,24.1,23.51,95.0,6.1,0.0,6.67,6,2,46.14,111.95,158.09
16.49,222.85,23.21,88.39,3.65,0.0,5.09,7,2,599.58,9.6,609.18
16.83,409.8,33.28,73.46,2.74,0.0,5.69,8,2,1154.0,11.24,1165.25
19.09,583.92,33.63,72.69,1.26,0.0,3.91,9,2,1618.78,0.0,1618.78
21.44,559.96,55.19,67.04,3.56,0.0,4.35,10,2,1609.78,0.0,1609.78
25.38,922.94,24.35,66.64,3.01,0.0,6.51,11,2,2524.77,7.16,2531.94
22.95,633.31,62.26,75.73,5.02,0.0,2.99,12,2,1783.1,42.38,1825.49
24.86,745.49,42.78,54.13,0.63,0.0,5.21,13,2,2067.44,6.83,2074.27
25.0,839.04,9.86,60.73,6.0,0.0,6.21,14,2,2291.15,103.34,2394.5
26.97,647.58,16.14,67.51,3.3,0.0,3.18,15,2,1838.84,0.0,1838.84
28.81,478.22,16.64,63.66,3.58,0.0,4.97,16,2,1304.6,0.0,1304.6
23.72,140.57,70.63,66.94,2.02,0.0,2.68,17,2,394.9,7.11,402.01
22.99,22.27,18.41,60.24,7.49,0.0,4.77,18,2,42.75,292.43,335.19
24.26,0.0,46.52,65.12,3.21,0.0,5.24,19,2,0.0,17.54,17.54
22.51,0.0,10.37,68.12,6.12,0.0,5.18,20,2,31.12,123.94,155.06
22.96,0.0,29.21,60.8,2.34,0.0,6.0,21,2,39.52,0.0,39.52
19.77,0.0,20.49,68.59,1.43,0.0,5.12,22,2,0.0,32.31,32.31
17.15,0.0,57.95,76.86,4.52,0.0,5.15,23,2,0.92,0.0,0.92
17.63,0.0,9.59,81.62,9.18,0.0,5.34,0,2,1.65,685.46,687.1
17.61,0.0,11.18,85.18,4.59,0.0,4.58,1,2,6.58,23.04,29.61
16.68,0.0,11.16,70.61,4.36,0.0,4.97,2,2,0.0,0.0,0.0
16.04,0.0,15.26,76.95,3.44,0.0,3.66,3,2,16.93,0.0,16.93
17.05,0.0,20.88,76.57,2.6,0.0,8.51,4,2,28.65,0.0,28.65
17.7,0.0,31.87,76.17,3.38,0.0,5.37,5,2,20.42,12.47,32.89
18.82,0.0,38.15,74.28,1.81,0.0,4.21,6,2,0.0,0.0,0.0
18.75,266.62,14.87,67.13,2.48,0.0,6.45,7,2,721.73,6.13,727.86
18.73,471.18,24.75,80.32,3.68,0.0,6.96,8,2,1256.41,18.05,1274.46
20.5,453.96,58.13,71.89,1.78,0.0,4.37,9,2,1263.79,6.28,1270.07
23.38,578.25,56.14,71.2,5.63,0.0,4.29,10,2,1627.54,62.36,1689.91
21.55,956.36,6.51,73.77,0.5,0.0,6.77,11,2,2541.76,0.0,2541.76
24.37,973.71,8.69,64.91,2.8,0.0,3.84,12,2,2802.09,24.5,2826.59
24.02,927.81,12.41,76.29,3.84,0.0,5.44,13,2,2615.24,11.36,2626.6
25.15,731.97,32.11,65.21,7.32,0.0,4.66,14,2,2055.13,239.24,2294.38
27.2,653.01,22.75,67.71,4.15,0.0,5.9,15,2,1761.65,0.0,1761.65
25.4,486.26,13.3,69.29,2.66,0.0,5.64,16,2,1358.58,17.56,1376.14
24.68,199.28,29.37,71.44,2.97,0.0,5.15,17,2,537.63,19.01,556.65
21.77,0.0,57.07,81.47,2.9,0.0,5.28,18,2,35.01,0.0,35.01
23.9,0.0,7.01,64.55,2.01,0.0,3.97,19,2,52.74,24.48,77.22
22.54,0.0,25.67,71.87,1.78,0.0,4.97,20,2,0.0,2.31,2.31
23.52,0.0,17.89,70.44,3.64,0.0,4.9,21,2,20.12,0.0,20.12
18.52,0.0,45.26,74.43,2.53,0.0,4.32,22,2,29.93,0.0,29.93
18.11,0.0,7.6,81.18,1.4,0.0,4.31,23,2,0.0,31.04,31.04
17.21,0.0,19.83,69.03,2.22,0.0,4.1,0,2,0.0,0.0,0.0
18.4,0.0,47.13,88.1,3.86,0.0,5.82,1,2,0.0,4.65,4.65
15.4,0.0,19.47,92.08,2.45,0.0,4.98,2,2,16.5,29.0,45.51
15.79,0.0,28.66,75.0,2.34,0.0,3.87,3,2,0.0,0.0,0.0
16.45,0.0,7.17,78.47,4.43,0.0,5.76,4,2,0.0,34.28,34.28
16.32,0.0,23.7,65.08,4.87,0.0,6.02,5,2,50.62,43.27,93.89
16.16,28.93,30.23,74.37,2.36,0.0,4.59,6,2,81.29,7.22,88.51
18.16,225.62,38.24,95.0,3.6,0.0,4.21,7,2,624.84,4.99,629.83
20.68,523.29,10.37,78.98,5.41,0.0,6.25,8,2,1456.71,51.41,1508.12
18.83,645.1,25.43,81.88,4.87,0.0,6.69,9,2,1731.11,23.48,1754.59
21.86,774.07,32.28,68.8,1.21,0.0,6.09,10,2,2120.82,0.0,2120.82
21.82,866.95,25.23,72.0,3.01,0.0,4.83,11,2,2413.92,0.0,2413.92
25.7,914.07,18.52,67.69,5.1,0.0,4.16,12,2,2567.69,43.41,2611.1
22.41,945.0,11.5,60.89,2.0,0.0,2.89,13,2,2652.59,0.0,2652.59
24.36,770.73,28.11,70.72,2.1,0.0,6.1,14,2,2111.58,3.53,2115.11
25.93,619.43,32.37,73.88,4.49,0.0,3.4,15,2,1778.12,15.26,1793.38
27.55,419.86,40.54,80.07,2.6,0.0,4.03,16,2,1192.6,35.36,1227.95
24.6,257.44,13.31,71.4,2.81,0.0,4.44,17,2,770.87,30.25,801.12
23.07,0.0,40.54,70.24,3.87,0.0,5.47,18,2,0.0,7.88,7.88
25.69,0.0,7.42,67.11,5.3,0.0,2.13,19,2,0.0,24.87,24.87
19.49,0.0,10.84,78.56,3.74,0.0,4.98,20,2,20.15,13.74,33.88
17.07,0.0,41.88,84.67,6.73,0.0,6.61,21,2,0.0,199.76,199.76
19.73,0.0,23.61,83.85,1.51,0.0,4.25,22,2,36.04,0.0,36.04
17.12,0.0,37.27,61.47,5.33,0.0,5.61,23,2,17.65,61.73,79.39
15.39,0.0,54.07,89.05,3.99,0.0,4.38,0,2,16.47,22.39,38.87
17.19,0.0,40.52,68.77,5.86,0.0,5.14,1,2,5.74,93.98,99.73
16.0,0.0,14.25,71.94,2.78,0.0,4.71,2,2,0.0,7.24,7.24
14.61,0.0,26.26,79.78,3.65,0.0,3.85,3,2,18.4,0.0,18.4
13.71,0.0,71.63,86.56,5.93,0.0,5.35,4,2,20.83,100.05,120.87
17.44,0.0,12.46,67.56,6.01,0.0,5.1,5,2,13.69,100.49,114.18
17.9,0.0,46.38,72.76,3.09,0.0,4.91,6,2,0.0,0.0,0.0
17.81,192.49,25.98,79.92,5.91,0.0,6.36,7,2,479.93,88.85,568.78
21.94,264.25,67.44,76.54,4.82,0.0,4.77,8,2,726.55,7.62,734.17
18.85,638.58,26.1,80.05,3.27,0.0,5.22,9,2,1760.14,0.0,1760.14
19.47,775.99,23.98,83.17,8.41,0.0,4.14,10,2,2199.24,467.12,2666.36
21.92,824.8,30.97,81.84,0.8,0.0,5.55,11,2,2311.93,6.4,2318.34
23.93,731.17,49.37,71.15,3.13,0.0,3.66,12,2,2039.69,0.0,2039.69
25.15,813.87,24.78,68.27,2.72,0.0,4.97,13,2,2246.57,16.86,2263.44
24.93,772.35,20.75,62.74,7.46,0.0,4.4,14,2,2149.05,281.45,2430.5
25.99,532.0,50.07,63.19,1.46,0.0,5.28,15,2,1442.42,2.94,1445.36
23.41,470.51,22.41,60.01,4.48,0.0,4.07,16,2,1338.23,9.67,1347.9
26.96,227.57,36.3,77.77,5.05,0.0,5.32,17,2,639.93,46.7,686.63
23.87,12.16,12.75,69.81,2.03,0.0,4.87,18,2,32.46,2.08,34.54
24.64,0.0,16.29,75.39,1.81,0.0,6.2,19,2,17.85,20.12,37.97
22.27,0.0,37.67,93.7,1.0,0.0,3.1,20,2,68.64,16.5,85.14
21.14,0.0,14.24,91.44,1.87,0.0,3.92,21,2,15.11,0.0,15.11
20.02,0.0,10.18,83.85,5.78,0.0,4.28,22,2,0.0,99.75,99.75
18.63,0.0,31.3,73.63,7.64,0.0,5.12,23,2,11.72,309.96,321.68
17.98,0.0,69.81,83.83,6.85,0.0,5.23,0,2,12.57,188.68,201.25
18.22,0.0,17.15,77.1,3.03,0.0,5.39,1,2,0.0,25.07,25.07
16.02,0.0,33.26,72.26,5.12,0.0,5.03,2,2,6.39,42.09,48.49
16.62,0.0,38.28,71.76,5.96,0.0,4.76,3,2,15.85,92.3,108.16
15.59,0.0,16.5,87.11,5.82,0.0,4.29,4,2,2.08,106.11,108.19
18.38,0.0,11.63,82.83,1.14,0.0,5.58,5,2,32.18,0.0,32.18
16.0,0.0,16.04,89.56,2.21,0.0,4.05,6,2,8.58,6.96,15.54
20.75,236.34,20.54,72.21,7.52,0.0,5.21,7,2,653.65,281.58,935.23
19.2,435.01,39.29,72.43,5.22,0.0,5.0,8,2,1171.88,40.24,1212.11
18.41,694.74,11.64,68.2,6.03,0.0,3.25,9,2,1946.69,109.76,2056.45
22.04,623.41,54.31,59.3,3.82,0.0,5.22,10,2,1695.84,0.0,1695.84
22.03,866.43,23.43,65.78,3.18,0.0,7.45,11,2,2326.18,30.92,2357.1
25.35,913.98,24.7,63.37,4.62,0.0,6.84,12,2,2446.78,31.21,2477.98
23.9,908.99,26.28,61.22,3.6,0.0,5.94,13,2,2457.94,14.81,2472.75
24.71,790.41,27.09,65.24,3.08,0.0,5.43,14,2,2175.11,0.0,2175.11
22.72,579.02,37.26,86.91,2.94,0.0,3.69,15,2,1638.91,0.0,1638.91
24.7,413.48,27.01,63.85,1.87,0.0,5.23,16,2,1123.64,1.55,1125.19
21.25,170.61,46.69,58.71,3.91,0.0,6.93,17,2,465.74,0.0,465.74
21.71,13.13,31.95,74.16,3.85,0.0,4.28,18,2,77.82,0.0,77.82
24.19,0.0,21.52,75.09,4.25,0.0,3.27,19,2,0.0,34.96,34.96
23.02,0.0,27.76,64.28,1.58,0.0,5.72,20,2,10.52,0.0,10.52
21.19,0.0,17.81,79.63,7.06,0.0,4.06,21,2,0.0,229.94,229.94
17.81,0.0,29.24,92.07,5.24,0.0,3.77,22,2,34.56,50.99,85.55
17.98,0.0,12.02,75.56,1.69,0.0,5.17,23,2,0.0,25.05,25.05
17.1,0.0,29.9,84.42,1.29,0.0,5.66,0,2,0.0,0.0,0.0
14.58,0.0,19.44,88.9,4.57,0.0,4.92,1,2,8.86,11.13,19.99
18.07,0.0,34.54,80.6,2.91,0.0,5.66,2,2,0.0,0.0,0.0
16.96,0.0,17.33,85.91,2.79,0.0,6.11,3,2,52.91,32.75,85.66
15.48,0.0,39.8,84.68,6.09,0.0,5.26,4,2,0.0,60.76,60.76
16.36,0.0,60.01,71.8,2.93,0.0,5.38,5,2,0.0,8.22,8.22
17.42,25.24,31.0,60.18,4.5,0.0,4.49,6,2,75.31,28.17,103.48
15.08,254.62,32.79,82.4,3.95,0.0,6.67,7,2,631.36,10.29,641.65
18.98,454.34,14.23,74.37,2.49,0.0,5.31,8,2,1216.27,0.0,1216.27
19.62,610.38,26.23,62.44,2.86,0.0,5.28,9,2,1660.92,0.0,1660.92
20.44,826.82,19.16,72.75,7.62,0.0,4.49,10,2,2286.65,319.12,2605.77
22.72,847.9,36.32,70.65,2.86,0.0,4.09,11,2,2370.52,1.05,2371.58
26.88,908.74,25.34,69.14,5.57,0.0,4.01,12,2,2525.9,52.85,2578.74
25.94,664.46,56.01,76.79,6.32,0.0,4.4,13,2,1831.73,132.45,1964.19
24.62,589.75,54.61,63.0,1.22,0.0,4.84,14,2,1662.58,5.97,1668.55
26.5,635.58,31.06,50.68,4.69,0.0,5.14,15,2,1746.18,33.46,1779.64
27.57,492.6,2.34,62.69,5.29,0.0,3.02,16,2,1396.6,60.62,1457.21
26.36,254.6,32.29,73.88,3.4,0.0,6.11,17,2,688.62,0.0,688.62
24.27,7.21,24.68,80.58,4.13,0.0,4.63,18,2,17.8,4.22,22.02
22.18,0.0,17.38,67.57,1.89,0.0,6.34,19,2,2.6,0.0,2.6
22.99,0.0,47.73,76.1,2.79,0.0,5.33,20,2,12.88,7.93,20.81
21.24,0.0,7.3,64.72,4.99,0.0,5.13,21,2,27.58,14.62,42.2
20.69,0.0,27.02,74.22,4.32,0.0,5.96,22,2,24.95,0.99,25.94
19.1,0.0,25.13,53.29,1.72,0.0,6.28,23,2,63.48,0.0,63.48
18.78,0.0,5.79,73.84,9.47,0.0,4.74,0,2,0.0,791.72,791.72
15.61,0.0,33.2,82.83,7.5,0.0,6.22,1,2,0.0,283.13,283.13
17.89,0.0,24.0,73.86,2.27,0.0,4.86,2,2,19.45,0.0,19.45
16.04,0.0,37.89,68.52,6.49,0.0,4.64,3,2,0.0,154.28,154.28
19.02,0.0,7.11,76.79,2.51,0.0,4.55,4,2,0.76,3.43,4.19
15.38,0.0,32.3,95.0,4.1,0.0,3.46,5,2,57.36,0.0,57.36
19.81,4.63,40.71,68.58,5.55,0.0,2.13,6,2,57.89,63.05,120.94
18.54,240.31,43.23,71.04,2.92,0.0,4.12,7,2,653.91,4.73,658.64
18.47,523.97,5.35,74.92,4.05,0.0,5.11,8,2,1418.46,16.46,1434.92
20.01,695.17,14.01,88.29,3.48,0.0,5.3,9,2,1868.6,0.0,1868.6
21.55,799.39,18.96,62.47,5.38,0.0,2.95,10,2,2292.58,84.93,2377.51
23.88,782.17,40.89,64.19,3.63,0.0,5.31,11,2,2149.08,4.65,2153.72
25.06,889.22,29.64,74.33,4.12,0.0,3.66,12,2,2518.05,24.72,2542.77
24.21,924.37,20.64,60.06,6.15,0.0,5.69,13,2,2528.89,106.73,2635.62
25.53,559.83,57.93,61.5,4.93,0.0,5.27,14,2,1534.52,46.99,1581.51
28.95,710.28,9.14,78.45,3.9,0.0,3.55,15,2,1973.94,4.66,1978.6
28.16,478.11,20.11,79.17,3.54,0.0,4.21,16,2,1328.16,21.4,1349.56
25.73,207.2,35.72,72.85,1.66,0.0,3.36,17,2,618.15,0.0,618.15
24.33,26.07,33.5,72.43,1.08,0.0,5.49,18,2,11.65,2.28,13.93
23.42,0.0,35.76,66.2,7.86,0.0,4.71,19,2,0.0,354.19,354.19
22.96,0.0,23.29,71.49,2.04,0.0,4.38,20,2,0.0,0.0,0.0
19.21,0.0,30.56,69.85,2.56,0.0,4.26,21,2,12.85,1.84,14.7
19.06,0.0,5.86,88.27,4.37,0.0,6.23,22,2,0.0,0.0,0.0
15.74,0.0,15.68,81.29,5.97,0.0,4.83,23,2,28.77,116.53,145.3
17.9,0.0,17.95,76.28,6.02,0.0,5.43,0,2,24.97,78.19,103.16
17.48,0.0,31.57,78.46,5.99,0.0,4.71,1,2,0.0,117.25,117.25
15.28,0.0,12.08,75.58,8.8,0.0,4.41,2,2,6.98,591.97,598.94
18.2,0.0,37.6,81.27,1.08,0.0,6.92,3,2,28.36,14.47,42.83
14.17,0.0,21.53,80.24,3.22,0.0,3.45,4,2,0.0,0.0,0.0
14.31,0.0,33.72,95.0,7.04,0.0,3.77,5,2,0.0,214.93,214.93
17.64,0.0,15.53,74.34,3.57,0.0,4.86,6,2,0.0,14.74,14.74
19.91,258.19,23.77,81.79,6.44,0.0,3.2,7,2,731.39,120.09,851.48
22.07,485.89,23.0,87.28,0.6,0.0,3.04,8,2,1398.8,0.0,1398.8
20.15,633.87,21.6,52.5,3.77,0.0,4.47,9,2,1788.83,0.0,1788.83
23.75,561.66,54.62,67.06,7.2,0.0,3.71,10,2,1610.0,256.55,1866.55
23.28,816.42,35.44,83.3,2.48,0.0,5.73,11,2,2236.8,0.0,2236.8
24.11,902.78,26.51,52.09,7.33,0.0,5.32,12,2,2471.66,276.0,2747.66
26.49,839.12,27.12,76.76,0.5,0.0,5.16,13,2,2299.02,10.86,2309.88
26.65,837.45,20.87,69.65,1.29,0.0,4.91,14,2,2341.73,17.54,2359.27
23.47,574.07,38.32,83.17,3.62,0.0,2.75,15,2,1686.76,0.0,1686.76
27.88,499.65,10.71,63.15,1.51,0.0,4.36,16,2,1381.34,0.0,1381.34
27.24,171.79,51.8,68.43,2.28,0.0,5.78,17,2,473.26,3.42,476.68
23.43,0.0,16.62,61.52,2.67,0.0,4.1,18,2,2.29,0.0,2.29
23.93,0.0,14.53,68.46,3.65,0.0,6.69,19,2,1.45,17.06,18.51
22.87,0.0,44.64,65.34,3.17,0.0,5.49,20,2,0.0,3.27,3.27
21.23,0.0,6.36,68.84,7.19,0.0,5.58,21,2,0.0,254.18,254.18
18.72,0.0,58.12,77.73,6.63,0.0,4.9,22,2,17.92,182.06,199.98
17.33,0.0,20.68,71.94,5.28,0.0,5.62,23,2,4.59,28.5,33.09
17.36,0.0,46.71,60.31,4.67,0.0,4.15,0,2,25.28,0.0,25.28
18.36,0.0,35.58,78.92,2.15,0.0,6.07,1,2,0.0,0.0,0.0
16.92,0.0,28.94,80.43,4.32,0.0,3.29,2,2,0.0,0.0,0.0
15.38,0.0,50.26,86.49,1.79,0.0,3.38,3,2,0.0,0.0,0.0
17.26,0.0,20.38,78.23,3.49,0.0,4.4,4,2,25.0,0.0,25.0
12.33,0.0,40.34,75.54,3.54,0.0,3.43,5,2,6.7,12.2,18.9
19.12,0.0,33.16,88.26,4.87,0.0,3.39,6,2,0.0,37.8,37.8
15.82,209.59,26.75,77.3,6.04,0.0,4.9,7,2,558.22,102.69,660.91
19.1,471.37,19.75,68.33,2.8,0.0,4.0,8,2,1312.81,5.18,1317.98
19.25,710.4,3.92,87.53,0.92,0.0,5.04,9,2,1933.61,10.64,1944.25
20.29,794.42,24.58,88.27,0.99,0.0,6.62,10,2,2135.93,0.0,2135.93
25.18,804.76,41.24,46.67,6.49,0.0,3.84,11,2,2295.96,158.53,2454.49
23.77,919.63,22.97,63.06,3.67,0.0,5.92,12,2,2488.36,0.0,2488.36
25.78,885.33,30.59,66.59,2.4,0.0,4.47,13,2,2490.71,0.0,2490.71
25.69,856.07,12.16,70.4,0.82,0.0,4.9,14,2,2385.05,12.71,2397.76
26.65,719.54,4.91,72.25,3.9,0.0,5.98,15,2,1939.35,0.0,1939.35
25.88,465.15,21.2,88.09,1.73,0.0,6.76,16,2,1257.93,0.0,1257.93
23.34,202.0,40.8,62.23,3.31,0.0,5.0,17,2,549.21,0.0,549.21
25.96,0.0,28.95,69.1,3.83,0.0,5.44,18,2,14.45,5.08,19.53
22.69,0.0,14.29,59.97,2.3,0.0,5.18,19,2,54.33,0.0,54.33
19.89,0.0,6.88,76.94,2.12,0.0,6.18,20,2,50.05,9.14,59.2
20.29,0.0,47.81,87.91,0.64,0.0,5.09,21,2,0.0,19.45,19.45
21.89,0.0,25.9,50.37,4.22,0.0,5.2,22,2,0.0,14.46,14.46
19.71,0.0,29.24,63.85,2.13,0.0,3.87,23,2,0.0,13.59,13.59
16.97,0.0,38.56,84.9,6.53,0.0,4.73,0,2,15.85,151.39,167.24
16.18,0.0,1.82,86.06,4.33,0.0,4.08,1,2,24.89,5.35,30.24
15.72,0.0,19.46,73.5,4.06,0.0,3.6,2,2,18.21,25.67,43.88
19.15,0.0,11.05,82.56,3.77,0.0,4.36,3,2,10.46,0.92,11.38
16.78,0.0,10.85,89.31,2.22,0.0,3.68,4,2,0.0,0.0,0.0
17.35,0.0,19.77,82.59,8.4,0.0,2.76,5,2,33.33,492.51,525.84
19.04,31.8,25.66,87.83,8.31,0.0,3.9,6,2,77.29,471.13,548.41
18.89,168.17,39.68,78.92,2.8,0.0,5.12,7,2,429.25,7.92,437.17
19.35,372.38,40.84,73.68,5.51,0.0,4.07,8,2,1005.53,64.68,1070.21
20.74,687.68,15.1,76.39,1.6,0.0,3.98,9,2,1932.91,0.0,1932.91
22.22,777.9,32.8,79.08,5.54,0.0,4.26,10,2,2210.53,57.3,2267.83
23.48,876.86,19.38,57.93,2.61,0.0,3.4,11,2,2470.83,17.76,2488.59
25.66,805.04,41.9,70.37,2.63,0.0,3.57,12,2,2296.17,0.0,2296.17
25.44,750.78,39.56,67.44,3.79,0.0,4.3,13,2,2085.61,0.0,2085.61
26.96,804.88,11.12,62.4,3.18,0.0,4.84,14,2,2207.15,13.28,2220.44
25.91,664.69,29.22,58.82,1.59,0.0,2.58,15,2,1872.16,0.0,1872.16
25.98,493.39,11.38,52.78,4.27,0.0,3.92,16,2,1407.98,24.04,1432.02
22.37,200.1,27.48,68.03,2.21,0.0,3.11,17,2,558.22,0.86,559.09
25.94,0.0,77.8,63.1,3.45,4.2,4.44,18,2,6.9,9.18,16.08
24.05,0.0,16.58,77.67,2.31,0.0,6.0,19,2,0.0,0.0,0.0
23.82,0.0,27.67,79.45,6.28,0.0,3.88,20,2,0.0,143.83,143.83
16.69,0.0,27.34,72.15,2.89,0.0,3.99,21,2,1.15,0.0,1.15
22.87,0.0,19.26,64.65,6.65,0.0,5.17,22,2,14.28,140.57,154.84
18.32,0.0,37.88,72.52,2.83,0.0,5.64,23,2,23.77,0.0,23.77
19.26,0.0,70.91,84.84,2.0,0.0,4.21,0,2,0.0,0.0,0.0
15.24,0.0,21.8,75.34,4.17,0.0,5.66,1,2,0.0,26.48,26.48
17.22,0.0,19.25,94.04,4.05,0.0,2.8,2,2,52.36,0.39,52.75
14.55,0.0,52.89,82.54,4.42,0.0,6.2,3,2,0.0,10.05,10.05
15.37,0.0,25.96,84.1,2.7,0.0,5.08,4,2,12.92,1.39,14.31
19.67,0.0,30.48,71.63,2.79,0.0,3.23,5,2,0.0,0.0,0.0
17.31,0.61,9.75,91.18,2.34,0.0,3.08,6,2,0.0,27.41,27.41
18.96,234.07,18.84,79.73,7.31,0.0,3.86,7,2,643.51,252.5,896.0
21.14,514.73,6.57,69.79,4.82,0.0,4.76,8,2,1424.18,38.76,1462.94
21.88,673.59,18.85,62.2,5.35,0.0,5.98,9,2,1843.52,58.31,1901.83
22.65,857.02,17.94,77.31,2.09,0.0,4.22,10,2,2462.73,0.0,2462.73
24.18,857.0,27.41,64.86,4.68,0.0,4.67,11,2,2403.24,24.8,2428.04
28.27,800.64,43.27,63.65,5.4,0.0,5.76,12,2,2141.94,50.39,2192.33
25.38,848.69,34.44,61.06,2.91,0.0,4.02,13,2,2381.64,5.55,2387.19
26.26,840.03,5.39,60.11,1.86,0.0,5.03,14,2,2297.62,18.06,2315.69
27.71,672.39,13.92,60.87,4.92,0.0,5.07,15,2,1796.07,48.72,1844.79
27.62,495.26,18.26,65.34,4.37,0.0,3.79,16,2,1385.54,23.4,1408.94
27.24,248.49,24.68,56.81,4.17,0.0,5.88,17,2,642.51,2.21,644.71
25.63,0.0,4.89,66.23,2.02,0.0,3.9,18,2,17.83,0.0,17.83
21.92,0.0,45.83,66.94,2.48,0.0,4.82,19,2,0.0,10.85,10.85
24.88,0.0,15.87,68.18,4.46,0.0,4.64,20,2,4.7,7.13,11.83
19.41,0.0,15.13,83.04,4.39,0.0,3.26,21,2,0.0,16.16,16.16
20.29,0.0,29.6,76.33,4.05,0.0,3.03,22,2,18.49,13.02,31.51
17.5,0.0,6.83,73.13,5.44,0.0,7.05,23,2,37.67,39.26,76.93
17.6,0.0,8.68,77.49,5.84,0.0,4.87,0,2,0.0,83.06,83.06
17.4,0.0,27.69,82.9,2.56,0.0,6.06,1,2,1.45,5.88,7.32
16.89,0.0,26.85,84.34,1.86,0.0,5.24,2,2,30.69,0.0,30.69
16.87,0.0,42.88,80.42,2.13,0.0,4.69,3,2,49.83,21.5,71.33
18.82,0.0,6.67,90.79,2.59,0.0,4.8,4,2,20.47,0.0,20.47
17.58,0.0,51.97,70.83,7.73,0.0,5.94,5,2,3.22,354.36,357.58
17.33,0.3,25.61,82.42,1.73,0.0,4.47,6,2,12.25,24.86,37.11
20.18,208.61,19.09,74.24,6.54,0.0,4.09,7,2,567.08,169.74,736.82
21.72,480.35,22.84,81.08,2.15,0.0,5.32,8,2,1298.47,17.67,1316.14
19.39,491.19,57.39,75.81,2.95,0.0,3.11,9,2,1401.79,0.0,1401.79
23.42,785.15,25.11,87.56,1.65,0.0,4.9,10,2,2183.37,0.0,2183.37
24.79,806.85,34.76,69.97,1.49,0.0,5.51,11,2,2214.62,3.26,2217.88
24.32,1004.58,9.69,75.68,1.42,0.0,3.22,12,2,2873.31,0.0,2873.31
27.63,889.32,18.21,64.25,2.92,0.0,5.62,13,2,2415.35,0.0,2415.35
25.84,713.84,41.2,70.74,3.88,0.0,2.76,14,2,2078.36,0.0,2078.36
26.42,660.1,14.62,62.4,2.13,0.0,3.27,15,2,1888.65,0.0,1888.65
25.8,422.43,42.5,71.47,7.39,0.0,4.73,16,2,1132.54,285.77,1418.31
25.59,249.8,20.72,52.59,4.23,0.0,6.84,17,2,659.27,2.56,661.84
23.13,17.9,60.51,66.94,6.62,0.0,2.99,18,2,46.58,166.2,212.78
21.57,0.0,56.99,67.59,1.81,0.0,4.5,19,2,39.05,0.0,39.05
24.92,0.0,36.97,84.33,1.77,0.0,3.65,20,2,0.0,0.0,0.0
19.96,0.0,10.09,69.24,6.16,0.0,4.96,21,2,19.54,81.68,101.22
18.45,0.0,4.86,72.98,4.12,0.0,5.07,22,2,0.0,0.0,0.0
15.5,0.0,8.61,74.3,7.52,0.0,3.35,23,2,0.0,303.47,303.47
16.84,0.0,14.75,82.08,1.79,0.0,4.73,0,2,18.15,0.0,18.15
15.02,0.0,44.85,78.32,0.73,0.0,5.19,1,2,19.43,0.0,19.43
18.97,0.0,13.05,72.59,7.09,0.0,6.27,2,2,38.75,224.9,263.65
17.85,0.0,32.28,94.69,4.93,0.0,4.1,3,2,15.54,46.75,62.29
15.47,0.0,20.68,81.66,5.77,0.0,6.4,4,2,21.79,60.61,82.4
20.38,0.0,33.05,79.96,2.67,0.0,3.75,5,2,0.0,0.0,0.0
19.27,0.0,24.22,79.13,0.5,0.0,5.06,6,2,5.69,0.0,5.69
18.35,235.71,19.14,70.26,3.65,0.0,3.37,7,2,686.03,28.97,715.0
16.29,481.92,5.55,74.82,9.66,0.0,4.91,8,2,1365.73,885.65,2251.38
24.77,638.35,22.36,60.31,6.94,0.0,1.88,9,2,1851.15,221.12,2072.27
20.55,793.75,30.24,64.52,1.23,0.0,4.63,10,2,2217.11,12.37,2229.48
21.37,868.96,22.18,73.63,2.05,0.0,6.31,11,2,2367.95,0.0,2367.95
26.41,967.56,10.12,68.12,2.75,0.0,3.96,12,2,2738.1,0.0,2738.1
29.33,942.78,17.19,62.78,5.99,0.0,5.44,13,2,2563.22,94.05,2657.27
28.24,622.68,55.2,68.12,5.94,0.0,3.67,14,2,1716.31,99.72,1816.02
27.18,671.91,28.7,65.05,2.04,0.0,6.11,15,2,1829.92,0.0,1829.92
27.06,479.04,23.39,76.44,3.93,0.0,3.34,16,2,1400.88,0.0,1400.88
26.95,256.71,10.93,62.66,3.76,0.0,4.43,17,2,681.09,0.0,681.09
26.01,12.4,39.03,75.63,3.29,0.0,3.84,18,2,83.97,0.0,83.97
24.26,0.0,40.59,75.93,3.94,0.0,5.28,19,2,0.0,0.0,0.0
22.79,0.0,47.09,51.16,2.65,0.0,3.81,20,2,0.0,25.08,25.08
21.24,0.0,25.1,61.44,3.92,0.0,4.09,21,2,0.0,19.9,19.9
18.91,0.0,63.91,62.51,4.84,0.0,1.67,22,2,0.0,37.82,37.82
18.42,0.0,39.76,79.32,1.14,0.0,4.56,23,2,0.0,0.0,0.0
15.36,0.0,18.64,71.87,8.32,0.0,4.52,0,2,2.59,459.83,462.43
16.96,0.0,14.04,87.0,1.91,0.0,3.88,1,2,0.0,15.67,15.67
15.13,0.0,20.79,72.09,3.01,0.0,2.15,2,2,13.84,12.05,25.89
14.78,0.0,23.51,82.67,3.59,0.0,3.69,3,2,38.01,20.93,58.94
16.88,0.0,15.85,70.63,0.92,0.0,4.75,4,2,0.0,3.36,3.36
19.2,0.0,46.37,80.54,4.01,0.0,2.6,5,2,5.37,27.34,32.71
19.28,28.52,14.25,73.31,6.43,0.0,1.65,6,2,55.65,127.75,183.4
16.58,209.19,29.46,75.49,6.84,0.0,5.22,7,2,549.14,164.32,713.46
18.66,387.61,42.61,71.11,2.83,0.0,4.27,8,2,1111.38,0.0,1111.38
22.85,652.78,21.87,62.71,4.07,0.0,5.82,9,2,1837.18,0.0,1837.18
21.26,784.08,27.31,76.38,5.51,0.0,3.97,10,2,2211.51,62.6,2274.11
23.6,706.34,49.7,65.23,2.43,0.0,3.74,11,2,2020.69,7.03,2027.72
25.8,1017.19,6.19,87.19,3.9,0.0,2.27,12,2,2877.23,0.0,2877.23
24.32,924.58,15.09,82.54,3.04,0.0,6.59,13,2,2473.79,17.19,2490.98
26.43,703.04,45.04,65.14,3.1,0.0,4.31,14,2,1928.29,0.0,1928.29
24.44,685.34,3.43,66.38,1.41,0.0,3.65,15,2,1971.78,26.98,1998.76
25.37,408.8,41.92,67.0,3.25,0.0,3.47,16,2,1191.61,0.0,1191.61
26.25,130.64,69.88,79.5,1.88,0.0,6.59,17,2,376.87,19.85,396.72
22.59,0.0,5.13,88.73,2.69,0.0,4.44,18,2,11.03,0.0,11.03
24.6,0.0,13.78,53.74,2.85,0.0,5.36,19,2,0.0,0.41,0.41
22.7,0.0,48.25,82.45,3.38,0.0,4.69,20,2,0.0,3.67,3.67
22.27,0.0,17.31,69.97,7.1,0.0,5.65,21,2,62.26,200.95,263.2
20.48,0.0,20.33,67.84,4.49,0.0,4.23,22,2,0.0,12.59,12.59
20.99,0.0,37.21,82.76,8.62,0.0,4.34,23,2,0.0,549.34,549.34
18.2,0.0,24.49,77.82,4.25,0.0,4.0,0,2,0.0,9.89,9.89
16.57,0.0,15.09,90.06,5.76,0.0,5.44,1,2,28.94,108.29,137.23
16.9,0.0,21.49,86.34,6.03,0.0,4.79,2,2,40.29,89.94,130.22
17.36,0.0,8.47,80.83,5.22,0.0,5.97,3,2,11.23,59.97,71.2
16.79,0.0,4.82,91.84,4.74,0.0,4.04,4,2,7.33,26.92,34.25
17.27,0.0,28.52,77.05,3.31,0.0,3.24,5,2,0.0,0.0,0.0
16.96,0.0,19.41,69.88,4.12,0.0,4.88,6,2,0.0,17.19,17.19
18.05,253.38,6.45,92.68,2.09,0.0,4.5,7,2,719.33,2.19,721.52
18.15,474.16,14.82,75.33,4.42,0.0,3.58,8,2,1338.75,23.07,1361.82
24.17,684.54,12.01,71.39,3.82,0.0,2.99,9,2,2012.48,10.28,2022.75
20.97,667.46,43.17,69.33,5.75,0.0,4.58,10,2,1830.09,91.96,1922.05
23.0,950.45,8.76,72.2,6.87,0.0,1.98,11,2,2734.1,213.16,2947.25
24.0,820.53,39.56,72.76,1.7,0.0,3.9,12,2,2313.56,0.0,2313.56
27.22,882.82,19.63,57.44,4.88,0.0,5.21,13,2,2388.85,19.23,2408.07
25.93,790.18,24.05,59.16,7.79,0.0,4.22,14,2,2244.81,333.67,2578.47
28.42,604.41,32.38,57.84,7.11,0.0,3.02,15,2,1717.93,214.81,1932.73
25.36,495.35,18.05,67.55,6.03,0.0,4.1,16,2,1416.73,82.89,1499.63
26.29,192.13,54.57,70.91,1.0,0.0,3.9,17,2,521.34,0.17,521.51
23.83,0.0,19.72,80.78,2.43,0.0,6.94,18,2,0.0,0.0,0.0
27.26,0.0,25.73,85.89,1.8,0.0,6.4,19,2,9.09,11.72,20.8
21.06,0.0,9.66,75.17,7.28,0.0,4.69,20,2,11.87,273.67,285.54
22.01,0.0,35.5,68.98,5.29,0.0,4.72,21,2,33.1,50.92,84.02
21.2,0.0,6.01,54.52,3.92,0.0,3.22,22,2,1.28,21.4,22.68
19.66,0.0,22.94,77.47,8.87,0.0,3.12,23,2,10.92,602.29,613.21
17.84,0.0,19.52,76.24,2.09,0.0,4.07,0,2,26.3,16.59,42.89
17.12,0.0,18.95,75.59,4.56,0.0,4.33,1,2,0.0,43.69,43.69
16.88,0.0,32.41,73.48,4.36,0.0,4.52,2,2,0.0,3.51,3.51
16.43,0.0,43.98,74.28,2.9,0.0,3.2,3,2,0.0,10.72,10.72
18.27,0.0,1.4,79.71,3.67,0.0,4.69,4,2,7.17,8.82,15.99
20.63,0.0,28.76,79.38,2.33,0.0,2.69,5,2,0.0,0.0,0.0
17.28,0.0,37.69,78.06,4.78,0.0,3.69,6,2,26.88,8.7,35.58
17.09,232.78,10.61,84.78,3.31,0.0,4.53,7,2,662.89,3.05,665.94
20.22,414.09,26.48,85.03,0.69,0.0,1.95,8,2,1173.94,0.0,1173.95
25.52,637.89,16.98,67.63,7.81,0.0,3.22,9,2,1799.71,341.59,2141.3
21.74,659.43,45.7,82.7,3.75,0.0,4.05,10,2,1861.26,0.0,1861.26
26.61,910.22,17.25,59.45,4.98,0.0,4.01,11,2,2517.57,71.17,2588.74
27.7,876.7,30.74,68.08,2.11,0.0,2.98,12,2,2499.75,0.0,2499.75
25.15,848.83,26.56,65.76,1.66,0.0,2.93,13,2,2424.47,10.85,2435.32
27.33,767.98,31.48,70.13,6.86,0.0,4.42,14,2,2115.89,195.76,2311.65
29.09,595.99,34.37,46.84,4.25,0.0,2.58,15,2,1742.22,24.55,1766.76
25.91,452.67,27.31,77.32,3.71,0.0,3.53,16,2,1269.82,0.0,1269.82
25.67,159.68,31.74,67.81,3.86,0.0,4.48,17,2,481.06,30.78,511.84
24.31,0.06,40.84,73.3,2.34,0.0,3.85,18,2,33.22,0.0,33.22
22.63,0.0,32.87,65.56,7.03,0.0,3.91,19,2,34.42,202.58,237.0
21.97,0.0,44.61,85.99,2.21,0.0,4.88,20,2,0.0,24.57,24.57
19.81,0.0,8.38,77.98,1.87,0.0,3.15,21,2,0.0,5.35,5.35
20.41,0.0,33.22,71.47,7.34,0.0,3.36,22,2,25.66,265.42,291.09
17.99,0.0,14.99,60.63,2.46,0.0,4.15,23,2,0.0,0.0,0.0
18.57,0.0,40.95,73.93,6.34,0.0,3.33,0,2,0.0,122.48,122.48
15.09,0.0,11.92,62.34,5.48,0.0,3.8,1,2,30.31,74.29,104.6
17.42,0.0,48.37,79.12,3.12,0.0,3.19,2,2,0.0,4.41,4.41
18.01,0.0,28.32,82.12,2.44,0.0,3.5,3,2,26.78,0.0,26.78
13.93,0.0,49.45,87.95,5.37,0.0,4.72,4,2,8.85,70.78,79.64
17.99,0.0,55.08,70.55,4.29,0.0,3.34,5,2,0.0,7.51,7.51
20.06,13.72,23.82,69.86,2.44,0.0,4.74,6,2,0.0,17.13,17.13
17.44,240.12,22.64,77.33,6.7,0.0,4.89,7,2,660.7,170.33,831.03
22.97,410.19,31.99,67.06,5.08,0.0,2.94,8,2,1195.19,42.23,1237.43
22.38,657.69,26.31,58.86,6.97,0.0,4.83,9,2,1810.98,222.99,2033.97
21.99,775.5,26.5,67.65,3.41,0.0,2.47,10,2,2204.67,0.0,2204.67
24.17,777.44,41.57,73.19,1.67,0.0,1.72,11,2,2278.31,0.0,2278.31
26.13,805.11,43.45,63.97,7.23,0.0,5.18,12,2,2200.22,227.32,2427.54
26.2,961.19,9.85,65.68,4.32,0.0,4.14,13,2,2655.87,16.59,2672.46
27.39,680.6,46.66,61.97,4.34,0.0,3.8,14,2,1941.65,9.28,1950.94
25.37,718.56,2.83,87.28,4.22,0.0,4.35,15,2,2016.03,20.2,2036.23
26.84,462.63,15.99,67.8,3.6,0.0,2.9,16,2,1334.51,0.0,1334.51
23.96,223.52,31.58,72.03,2.44,0.0,3.81,17,2,611.68,7.01,618.68
25.12,26.99,11.8,64.28,4.38,0.0,4.95,18,2,70.17,21.83,92.0
22.9,0.0,29.75,75.31,5.07,0.0,5.93,19,2,18.97,30.22,49.18
21.95,0.0,42.58,73.45,7.09,0.0,4.09,20,2,0.0,242.12,242.12
23.61,0.0,47.06,56.74,1.23,0.0,5.22,21,2,0.0,0.0,0.0
22.1,0.0,25.64,84.45,2.44,0.0,3.34,22,2,0.0,0.0,0.0
20.17,0.0,28.33,73.92,5.51,0.0,5.09,23,2,0.0,60.23,60.23
16.69,0.0,57.34,83.26,5.5,0.0,3.87,0,2,17.14,37.55,54.69
17.06,0.0,13.26,73.45,2.2,0.0,3.98,1,2,0.69,2.74,3.43
18.85,0.0,28.83,79.95,2.03,0.0,3.77,2,2,0.0,0.0,0.0
17.07,0.0,17.27,83.84,3.04,0.0,2.77,3,2,0.0,15.93,15.93
20.51,0.0,34.02,62.67,1.15,0.0,2.95,4,2,26.71,3.39,30.1
18.12,0.0,68.52,81.43,5.15,0.0,4.21,5,2,27.88,18.17,46.06
18.61,0.0,17.8,75.8,4.74,0.0,2.99,6,2,0.0,27.67,27.67
18.9,215.71,37.02,68.1,6.3,0.0,4.48,7,2,617.18,161.8,778.98
20.77,430.64,32.06,87.46,3.37,0.0,2.6,8,2,1206.76,17.48,1224.25
21.63,671.67,15.91,65.57,4.53,0.0,2.87,9,2,1952.09,36.93,1989.02
24.22,559.32,58.34,71.81,7.89,0.0,4.29,10,2,1579.13,393.14,1972.26
25.8,835.49,34.45,58.12,8.04,0.0,4.64,11,2,2351.76,406.82,2758.58
24.22,928.2,19.57,61.13,1.22,0.0,5.49,12,2,2569.42,0.0,2569.42
24.2,897.56,25.24,78.44,0.5,0.0,3.52,13,2,2508.79,15.6,2524.39
23.94,865.98,10.03,67.47,8.07,0.0,4.84,14,2,2416.13,415.42,2831.55
27.62,579.45,37.72,77.39,3.94,0.0,3.57,15,2,1658.52,0.72,1659.24
25.04,399.91,38.03,65.66,4.94,0.0,5.69,16,2,1132.07,24.86,1156.93
22.96,214.89,30.54,67.8,7.03,0.0,2.97,17,2,582.76,218.35,801.12
25.98,0.54,27.0,61.73,3.39,0.0,3.78,18,2,0.0,0.0,0.0
28.1,0.0,39.33,61.34,3.43,0.0,3.06,19,2,30.13,0.0,30.13
23.15,0.0,53.1,76.17,1.92,0.0,4.68,20,2,2.47,3.86,6.32
23.12,0.0,45.76,71.95,6.92,0.0,4.61,21,2,20.33,180.44,200.77
20.69,0.0,5.91,71.71,4.6,0.0,5.52,22,2,4.09,21.07,25.17
19.21,0.0,10.35,81.46,2.01,0.0,5.41,23,2,0.0,0.0,0.0
19.81,0.0,26.51,79.63,4.08,0.0,3.7,0,2,11.83,0.0,11.83
17.21,0.0,35.59,76.12,2.84,0.0,2.84,1,2,36.28,0.0,36.28
17.54,0.0,34.99,90.14,1.8,0.0,5.63,2,2,0.0,9.82,9.82
17.45,0.0,29.18,65.72,2.02,0.0,4.59,3,2,1.79,0.0,1.79
16.14,0.0,17.85,82.88,4.07,0.0,4.13,4,2,0.0,40.91,40.91
19.13,0.0,26.45,75.06,4.1,0.0,3.27,5,2,0.0,2.12,2.12
18.17,0.0,26.03,81.22,5.62,0.0,3.06,6,2,2.51,68.35,70.86
18.34,225.18,18.41,77.83,2.4,0.0,4.1,7,2,627.72,0.0,627.72
21.48,479.71,2.77,75.32,7.08,0.0,4.46,8,2,1330.0,204.86,1534.86
20.62,666.88,11.44,59.94,3.85,0.0,4.96,9,2,1825.0,9.33,1834.33
23.31,777.47,35.1,72.84,2.15,0.0,5.24,10,2,2110.2,1.0,2111.21
24.46,893.78,21.26,77.99,3.29,0.0,4.08,11,2,2567.93,1.16,2569.09
27.13,951.7,21.04,61.61,7.21,0.0,3.51,12,2,2702.28,237.84,2940.12
27.01,680.4,55.65,74.55,3.63,0.0,5.86,13,2,1858.69,2.59,1861.28
26.76,750.84,34.03,64.06,6.49,0.0,3.88,14,2,2093.16,127.48,2220.64
28.2,697.55,11.41,60.42,1.88,0.0,2.26,15,2,1975.9,11.25,1987.15
28.89,533.44,7.87,59.78,7.05,0.0,3.21,16,2,1499.49,216.73,1716.22
27.14,224.41,36.59,58.27,3.38,0.0,2.57,17,2,607.72,24.0,631.72
25.52,0.0,14.19,68.95,7.46,0.0,3.85,18,2,4.34,291.67,296.01
22.5,0.0,7.46,67.0,6.38,0.0,6.07,19,2,0.0,134.51,134.51
21.67,0.0,25.57,68.62,4.67,0.0,4.76,20,2,17.56,26.1,43.66
21.51,0.0,21.61,67.71,4.76,0.0,4.75,21,2,0.0,35.89,35.89
19.76,0.0,45.75,77.9,2.19,0.0,4.27,22,2,5.31,11.93,17.24
19.19,0.0,32.84,65.85,4.32,0.0,5.66,23,2,0.0,10.04,10.04
18.63,0.0,29.28,81.38,4.02,0.0,4.79,0,2,10.31,15.52,25.83
18.54,0.0,9.02,80.76,2.87,0.0,4.63,1,2,0.0,0.0,0.0
17.14,0.0,54.05,82.49,3.78,0.0,3.57,2,2,0.0,30.55,30.55
17.81,0.0,43.64,69.78,7.32,0.0,1.91,3,2,0.0,263.17,263.17
17.35,0.0,68.87,80.09,0.5,0.0,1.81,4,2,0.0,20.26,20.26
14.79,0.0,43.11,91.68,3.31,0.0,2.9,5,2,36.46,13.11,49.57
17.14,0.0,25.28,68.78,2.87,0.0,6.07,6,2,49.96,6.91,56.87
19.36,256.77,17.69,77.21,8.11,0.0,2.81,7,2,744.3,429.18,1173.48
18.97,414.23,39.14,67.32,8.59,0.0,4.83,8,2,1178.56,532.73,1711.29
22.98,555.41,43.14,69.24,4.22,0.0,4.15,9,2,1540.25,0.0,1540.25
25.67,839.24,6.21,67.94,4.02,0.0,4.63,10,2,2328.15,3.24,2331.4
26.41,866.25,25.18,62.24,6.88,0.0,4.13,11,2,2422.58,194.91,2617.49
25.3,1003.03,5.9,62.64,0.5,0.0,2.5,12,2,2880.99,3.34,2884.33
28.65,867.24,25.99,66.67,4.09,0.0,5.08,13,2,2387.15,22.26,2409.41
27.13,674.33,45.07,58.36,0.71,0.0,5.15,14,2,1861.17,0.0,1861.17
26.57,552.48,42.59,71.24,8.35,0.0,4.56,15,2,1549.8,439.51,1989.31
25.99,475.17,3.28,81.75,2.8,0.0,4.62,16,2,1364.86,0.0,1364.86
25.96,264.99,31.23,57.63,3.86,0.0,4.22,17,2,714.97,13.36,728.33
25.03,15.68,8.79,58.26,3.31,0.0,3.49,18,2,15.6,0.76,16.36
24.84,0.0,13.02,57.07,6.74,0.0,4.44,19,2,0.0,163.22,163.22
23.61,0.0,32.32,66.85,13.21,0.0,3.99,20,2,3.78,2007.76,2011.54
22.08,0.0,23.94,79.36,1.2,0.0,3.15,21,2,26.54,4.7,31.23
21.44,0.0,11.51,80.85,5.16,0.0,4.32,22,2,5.31,41.74,47.05
21.37,0.0,29.86,76.73,3.05,0.0,4.61,23,2,0.0,42.69,42.69
20.08,0.0,30.63,76.51,1.74,0.0,3.85,0,2,0.0,0.0,0.0
15.63,0.0,10.18,90.45,3.24,0.0,3.98,1,2,0.0,0.0,0.0
13.53,0.0,32.06,78.85,11.29,0.0,3.2,2,2,16.61,1591.54,1608.15
18.59,0.0,29.49,81.16,2.99,0.0,3.53,3,2,0.0,0.56,0.56
15.31,0.0,43.64,95.0,2.56,0.0,3.08,4,2,10.78,0.0,10.78
17.52,0.0,48.63,87.84,6.16,0.0,2.69,5,2,31.48,100.27,131.75
16.9,20.48,25.66,69.75,6.4,0.0,2.64,6,2,14.01,118.29,132.3
16.99,212.7,38.78,73.98,2.89,0.0,3.91,7,2,634.35,12.75,647.1
21.71,447.46,25.33,89.22,2.68,0.0,4.5,8,2,1290.43,0.0,1290.43
23.33,647.43,23.25,66.4,4.59,0.0,3.84,9,2,1796.82,33.27,1830.08
22.62,699.51,41.91,84.64,2.16,0.0,4.63,10,2,1987.29,0.0,1987.29
20.8,780.14,43.87,70.58,3.66,0.0,3.65,11,2,2212.58,21.66,2234.24
24.91,893.44,28.85,67.52,1.76,0.0,4.28,12,2,2516.94,9.16,2526.1
27.11,746.79,45.82,59.13,2.71,0.0,4.31,13,2,2027.28,0.0,2027.28
24.8,768.51,28.35,63.26,2.67,0.0,3.59,14,2,2168.88,8.52,2177.4
27.46,646.36,12.66,64.48,4.9,0.0,1.66,15,2,1864.83,40.27,1905.1
27.0,412.53,27.56,68.08,2.59,0.0,4.07,16,2,1177.97,13.28,1191.25
27.39,260.45,22.25,62.91,6.81,0.0,2.8,17,2,731.63,179.91,911.53
25.9,9.45,34.72,73.52,9.09,0.0,3.26,18,2,7.58,650.36,657.93
23.23,0.0,20.1,67.92,1.31,0.0,5.39,19,2,0.0,0.0,0.0
25.28,0.0,33.5,52.15,3.2,0.0,4.19,20,2,0.0,0.0,0.0
21.95,0.0,26.71,71.0,2.7,0.0,3.09,21,2,1.16,0.0,1.16
20.85,0.0,35.71,70.19,2.96,0.0,4.16,22,2,19.63,9.89,29.53
18.29,0.0,24.33,88.95,2.5,0.0,3.51,23,2,0.0,0.0,0.0
18.1,0.0,1.49,84.45,3.13,0.0,2.72,0,2,0.0,0.0,0.0
16.64,0.0,23.76,86.98,1.76,0.0,2.94,1,2,32.9,13.29,46.2
17.21,0.0,19.53,83.97,2.58,0.0,4.31,2,2,24.88,5.41,30.29
19.87,0.0,69.74,78.67,5.28,0.0,3.79,3,2,24.96,48.6,73.56
15.41,0.0,50.36,83.99,2.92,0.0,2.31,4,2,0.0,24.53,24.53
15.55,0.0,23.05,87.72,2.17,0.0,4.03,5,2,0.0,11.81,11.81
20.97,5.12,32.63,78.47,1.52,0.0,3.27,6,2,20.29,0.71,20.99
19.49,230.53,13.13,71.4,2.94,0.0,3.28,7,2,660.09,2.28,662.38
20.0,460.69,19.97,63.67,4.57,0.0,4.56,8,2,1271.33,0.0,1271.33
23.86,648.29,24.87,55.27,2.43,0.0,4.37,9,2,1834.71,0.0,1834.71
22.69,537.94,67.66,64.98,3.33,0.0,3.71,10,2,1526.49,0.0,1526.49
27.54,969.82,11.05,60.07,7.85,0.0,4.25,11,2,2707.03,329.94,3036.97
26.85,806.89,42.18,66.02,4.03,0.0,3.44,12,2,2270.55,0.7,2271.25
25.9,811.66,37.88,66.94,3.92,0.0,3.01,13,2,2297.56,37.61,2335.17
30.37,829.81,15.64,76.47,3.27,0.0,1.5,14,2,2397.55,0.0,2397.55
26.39,500.63,49.76,71.82,4.06,0.0,4.47,15,2,1403.16,13.15,1416.31
28.24,396.09,38.12,59.14,9.19,0.0,4.54,16,2,1064.78,708.08,1772.87
27.08,229.33,39.82,77.48,2.43,0.0,4.8,17,2,635.48,0.0,635.48
27.79,14.13,33.44,63.81,7.59,0.0,2.77,18,2,31.11,309.76,340.87
27.14,0.0,35.99,70.96,1.81,0.0,3.47,19,2,0.0,0.0,0.0
23.64,0.0,18.18,74.38,1.54,0.0,2.13,20,2,0.0,0.0,0.0
21.17,0.0,42.42,73.92,4.64,0.0,4.11,21,2,0.0,24.14,24.14
21.7,0.0,45.65,84.28,2.42,0.0,3.48,22,2,0.0,0.0,0.0
18.78,0.0,18.95,71.79,3.45,0.0,3.55,23,2,37.72,0.0,37.72
21.9,0.0,40.88,73.75,5.15,0.0,5.38,0,2,12.01,39.32,51.33
18.29,0.0,20.4,69.84,3.94,0.0,3.68,1,2,25.23,0.0,25.23
17.03,0.0,28.32,81.36,0.53,0.0,5.01,2,2,0.0,17.95,17.95
17.69,0.0,15.93,81.03,2.72,0.0,3.95,3,2,0.0,13.13,13.13
15.56,0.0,14.96,81.01,1.16,0.0,3.85,4,2,13.27,13.02,26.3
16.62,0.0,22.0,79.6,7.26,0.0,2.04,5,2,0.0,247.58,247.58
20.68,5.85,27.58,72.79,5.66,0.0,2.7,6,2,0.0,56.02,56.02
18.93,238.65,13.82,79.3,9.14,0.0,2.31,7,2,704.11,696.12,1400.23
19.55,408.14,34.28,80.49,6.62,0.0,3.77,8,2,1162.8,137.21,1300.02
23.22,683.42,12.58,61.45,3.61,0.0,1.3,9,2,1998.48,22.8,2021.28
25.48,755.05,30.65,66.2,6.59,0.0,5.54,10,2,2076.33,188.59,2264.92
25.99,763.56,36.42,64.92,4.75,0.0,3.77,11,2,2137.97,42.43,2180.4
27.44,890.55,21.64,71.36,3.88,0.0,2.16,12,2,2589.37,6.28,2595.65
25.61,684.49,47.31,77.94,3.06,0.0,3.22,13,2,1976.02,0.0,1976.02
25.11,769.76,28.06,72.29,4.81,0.0,4.92,14,2,2108.64,23.05,2131.69
29.66,649.37,28.05,64.55,4.25,0.0,3.43,15,2,1785.26,6.51,1791.78
26.76,429.1,38.37,60.74,4.39,0.0,2.82,16,2,1270.11,20.89,1291.0
26.37,195.03,33.83,82.26,3.22,0.0,3.83,17,2,540.92,3.87,544.79
27.94,0.0,28.36,58.09,5.22,0.0,3.36,18,2,24.44,70.27,94.71
25.75,0.0,8.51,58.06,1.31,0.0,3.76,19,2,0.0,0.0,0.0
24.39,0.0,31.69,75.49,5.12,0.0,3.04,20,2,0.0,57.1,57.1
25.66,0.0,5.62,64.12,5.15,0.0,3.56,21,2,0.0,46.67,46.67
20.15,0.0,16.14,80.93,3.83,0.0,3.75,22,2,12.17,3.54,15.71
21.3,0.0,11.11,84.89,2.49,0.0,4.08,23,2,5.68,3.35,9.03
19.07,0.0,33.28,73.97,3.85,0.0,4.32,0,2,0.0,15.87,15.87
18.6,0.0,20.39,80.33,1.63,0.0,2.24,1,2,0.0,0.0,0.0
19.99,0.0,30.32,71.45,2.61,0.0,2.36,2,2,0.0,0.0,0.0
18.29,0.0,12.14,77.65,3.33,0.0,2.5,3,2,0.0,0.0,0.0
18.5,0.0,17.23,75.77,4.76,0.0,5.53,4,2,12.31,32.69,45.0
19.8,0.0,12.49,82.92,2.05,0.0,2.24,5,2,0.0,8.72,8.72
18.44,0.0,57.96,72.51,1.87,0.0,4.06,6,2,0.0,0.0,0.0
18.77,239.68,15.2,71.09,4.35,0.0,2.57,7,2,699.78,22.68,722.46
19.66,481.82,16.42,73.83,4.8,0.0,3.28,8,2,1364.03,24.45,1388.48
19.57,528.76,49.09,80.81,1.33,0.0,3.4,9,2,1536.52,0.19,1536.71
26.9,719.24,31.87,60.32,0.83,0.0,1.18,10,2,2098.74,8.96,2107.7
23.37,777.54,33.94,61.49,1.8,0.0,4.75,11,2,2152.72,0.0,2152.72
25.73,943.9,17.42,77.53,6.84,0.0,4.08,12,2,2636.69,200.44,2837.13
26.44,800.97,33.71,49.49,4.76,0.0,3.68,13,2,2272.81,57.23,2330.03
27.82,799.16,19.95,55.21,7.17,0.0,4.24,14,2,2189.98,234.55,2424.53
28.75,582.37,33.18,81.83,4.7,0.0,2.21,15,2,1641.46,42.77,1684.24
28.64,373.24,40.22,50.61,8.25,0.0,2.24,16,2,1058.68,454.56,1513.24
25.98,259.9,23.65,64.32,3.42,0.0,3.39,17,2,751.91,0.0,751.91
25.81,9.2,53.32,62.84,4.3,0.0,3.84,18,2,26.5,25.58,52.08
25.45,0.0,36.84,50.11,4.31,0.0,1.76,19,2,0.0,7.33,7.33
23.45,0.0,24.8,62.84,0.5,0.0,4.71,20,2,14.39,17.55,31.93
24.94,0.0,66.7,71.2,0.75,0.0,4.44,21,2,0.0,21.79,21.79
21.97,0.0,7.55,78.68,1.78,0.0,2.59,22,2,16.95,0.0,16.95
21.13,0.0,15.99,82.48,3.81,0.0,4.06,23,2,20.23,0.0,20.23
20.1,0.0,35.66,71.9,3.38,0.0,3.07,0,2,37.19,11.34,48.53
20.07,0.0,30.34,60.12,3.96,0.0,2.8,1,2,73.27,4.42,77.69
18.08,0.0,2.62,77.72,5.71,0.0,3.25,2,2,13.69,77.75,91.44
15.69,0.0,24.52,91.17,5.91,0.0,1.92,3,2,23.31,91.13,114.44
18.41,0.0,37.92,89.12,8.74,0.0,3.75,4,2,0.0,586.43,586.43
17.33,0.0,26.71,86.06,4.06,0.0,4.01,5,2,15.37,3.31,18.68
18.31,25.52,49.44,66.12,2.94,0.0,3.85,6,2,118.37,0.0,118.37
21.02,225.21,18.24,72.22,2.73,0.0,4.73,7,2,591.54,18.82,610.36
23.2,342.61,55.41,73.0,2.9,0.0,2.38,8,2,1020.1,0.0,1020.1
22.67,629.4,22.07,74.93,2.81,0.0,3.84,9,2,1792.78,0.0,1792.78
24.39,689.71,40.21,55.5,3.18,0.0,5.4,10,2,1922.14,12.83,1934.96
27.69,888.67,18.27,82.22,1.26,0.0,4.85,11,2,2457.25,8.39,2465.64
26.53,550.94,69.01,77.72,4.51,0.0,4.55,12,2,1495.99,0.0,1495.99
30.87,919.72,19.35,61.93,4.12,0.0,3.87,13,2,2491.85,0.0,2491.85
28.32,648.93,48.03,66.04,3.54,0.0,3.39,14,2,1824.96,9.77,1834.74
25.0,674.49,26.54,65.01,1.31,0.0,3.51,15,2,1882.54,0.0,1882.54
28.6,301.72,64.42,74.57,1.41,0.0,3.38,16,2,888.95,5.47,894.42
27.54,232.62,14.29,56.69,3.99,0.0,4.08,17,2,623.42,0.0,623.42
28.11,0.0,38.41,66.18,0.87,0.0,4.24,18,2,26.13,18.73,44.86
26.15,0.0,63.05,60.92,5.11,0.0,2.0,19,2,7.52,47.46,54.98
23.72,0.0,28.63,70.39,10.14,0.0,2.4,20,2,18.05,1021.41,1039.46
20.8,0.0,30.96,83.39,4.29,0.0,2.35,21,2,0.0,20.07,20.07
21.03,0.0,23.22,68.62,5.1,0.0,2.83,22,2,47.51,54.0,101.51
18.86,0.0,3.64,77.81,3.42,0.0,3.21,23,2,0.0,4.33,4.33
18.34,0.0,8.28,75.96,4.72,0.0,3.43,0,3,52.4,17.56,69.95
19.3,0.0,42.58,69.96,4.62,0.0,3.68,1,3,12.47,29.42,41.88
20.43,0.0,21.31,69.55,5.93,0.0,3.99,2,3,0.0,105.03,105.03
18.34,0.0,15.75,72.14,5.02,0.0,3.39,3,3,15.23,45.21,60.44
16.13,0.0,83.34,65.2,5.29,2.58,3.05,4,3,21.75,49.56,71.31
19.09,0.0,10.69,74.84,4.06,0.0,2.35,5,3,0.0,22.82,22.82
21.01,47.47,20.34,74.41,3.66,0.0,2.65,6,3,149.05,0.0,149.05
19.34,222.97,2.3,63.67,3.53,0.0,2.69,7,3,664.82,0.0,664.82
21.26,465.27,10.48,69.87,3.17,0.0,3.96,8,3,1288.28,0.0,1288.28
22.77,617.01,39.98,69.87,2.5,0.0,3.73,9,3,1731.17,25.97,1757.14
22.87,751.32,24.85,78.02,0.83,0.0,3.42,10,3,2109.84,25.19,2135.03
26.22,791.41,37.98,81.33,4.75,0.0,3.72,11,3,2275.77,47.53,2323.3
26.11,704.86,52.41,70.82,6.84,0.0,3.0,12,3,2000.14,191.78,2191.92
27.71,901.55,20.04,54.73,7.35,0.0,2.62,13,3,2617.81,239.81,2857.62
26.25,851.25,9.78,60.1,4.19,0.0,1.49,14,3,2484.8,18.74,2503.54
27.09,624.84,27.74,67.07,1.41,0.0,2.74,15,3,1727.45,0.0,1727.45
28.66,447.07,31.96,60.98,6.54,0.0,1.63,16,3,1307.19,164.61,1471.79
26.52,248.44,34.08,66.85,5.28,0.0,3.41,17,3,715.45,56.86,772.31
28.88,0.0,71.75,70.97,2.42,0.0,2.17,18,3,0.0,31.0,31.0
24.65,0.0,68.41,68.05,5.74,0.0,2.98,19,3,0.0,107.37,107.37
24.38,0.0,28.15,89.32,3.6,0.0,2.94,20,3,32.93,0.0,32.93
24.15,0.0,20.64,57.4,6.65,0.0,0.96,21,3,0.0,169.04,169.04
19.33,0.0,14.93,80.12,2.4,0.0,1.24,22,3,0.0,0.0,0.0
17.61,0.0,47.66,64.52,5.72,0.0,3.8,23,3,0.0,70.88,70.88
17.04,0.0,15.61,71.73,5.02,0.0,3.15,0,3,20.51,37.92,58.42
20.43,0.0,41.78,81.22,0.54,0.0,4.46,1,3,3.69,0.0,3.69
17.21,0.0,34.01,61.86,4.1,0.0,3.59,2,3,4.96,0.4,5.36
21.7,0.0,18.71,75.33,5.05,0.0,2.55,3,3,16.06,55.39,71.45
17.19,0.0,30.08,68.42,1.86,0.0,1.04,4,3,10.73,0.0,10.73
18.81,0.0,25.04,75.87,3.92,0.0,3.88,5,3,0.0,0.0,0.0
21.64,0.0,18.77,67.99,2.71,0.0,4.51,6,3,0.0,17.35,17.35
23.37,258.76,15.63,71.06,4.91,0.0,1.08,7,3,770.18,52.72,822.9
24.66,390.07,38.12,72.58,3.97,0.0,3.22,8,3,1115.23,0.0,1115.23
24.68,658.21,20.31,77.86,4.44,0.0,2.87,9,3,1843.23,34.35,1877.58
25.7,781.98,18.83,69.28,1.23,0.0,0.9,10,3,2290.87,14.91,2305.78
26.25,893.49,19.23,72.42,1.73,0.0,1.81,11,3,2624.22,3.18,2627.4
27.57,918.19,28.04,65.38,4.03,0.0,3.45,12,3,2497.93,5.15,2503.08
26.37,722.15,49.07,56.62,2.01,0.0,4.55,13,3,1943.83,13.43,1957.25
26.47,811.31,18.59,58.12,3.74,0.0,3.18,14,3,2299.06,1.51,2300.57
27.86,638.13,27.0,77.5,4.87,0.0,3.14,15,3,1808.71,34.2,1842.91
27.44,372.09,51.4,56.31,5.8,0.0,2.98,16,3,1050.37,98.33,1148.71
26.52,243.56,23.24,68.71,1.77,0.0,3.71,17,3,706.68,0.0,706.68
27.45,4.57,15.09,67.46,5.24,0.0,2.61,18,3,68.22,42.85,111.07
26.8,0.0,24.25,67.79,3.02,0.0,3.32,19,3,21.6,21.84,43.44
24.29,0.0,36.62,78.03,4.8,0.0,4.69,20,3,0.0,12.45,12.45
25.08,0.0,18.09,63.74,1.78,0.0,2.0,21,3,0.0,11.71,11.71
19.86,0.0,26.13,73.48,3.83,0.0,3.22,22,3,2.22,7.83,10.05
20.08,0.0,43.27,72.18,6.07,0.0,2.85,23,3,0.0,114.29,114.29
18.37,0.0,34.72,58.83,1.51,0.0,2.6,0,3,12.06,2.66,14.72
15.85,0.0,3.9,73.89,5.97,0.0,2.53,1,3,15.35,87.17,102.52
18.03,0.0,44.51,85.89,3.49,0.0,2.88,2,3,0.0,0.0,0.0
17.8,0.0,15.14,93.83,5.92,0.0,2.82,3,3,3.38,72.88,76.26
20.42,0.0,16.23,82.1,8.02,0.0,2.42,4,3,8.9,386.87,395.76
19.6,0.0,29.43,78.59,1.88,0.0,3.52,5,3,0.0,12.8,12.8
17.91,0.0,36.63,66.51,4.77,0.0,2.63,6,3,0.0,33.17,33.17
23.26,137.56,66.74,72.57,2.33,0.0,2.39,7,3,411.24,16.39,427.63
23.52,493.55,12.3,71.57,1.72,0.0,2.19,8,3,1416.32,8.23,1424.55
23.85,607.94,33.04,89.1,4.48,0.0,3.71,9,3,1749.22,17.73,1766.95
23.93,670.55,40.36,56.3,1.52,0.0,1.5,10,3,1938.88,17.81,1956.69
24.04,919.7,23.17,60.14,3.56,0.0,3.2,11,3,2619.3,7.21,2626.51
25.96,684.63,55.42,77.55,4.52,0.0,3.43,12,3,1932.31,37.15,1969.46
28.94,583.75,65.13,76.62,3.74,0.0,0.6,13,3,1702.31,7.69,1710.01
30.64,728.76,33.65,64.89,4.92,0.0,2.17,14,3,2074.22,19.91,2094.14
30.3,692.75,8.92,59.73,5.72,0.0,3.94,15,3,1893.03,84.97,1978.0
27.08,472.45,8.58,71.09,6.46,0.0,5.02,16,3,1282.32,143.74,1426.05
25.63,198.3,30.96,85.66,4.08,0.0,2.22,17,3,546.65,0.0,546.65
26.73,0.0,34.98,61.75,2.56,0.0,2.09,18,3,3.64,24.27,27.92
22.83,0.0,50.88,75.33,3.8,0.0,2.26,19,3,16.23,5.29,21.52
24.76,0.0,28.95,67.67,3.15,0.0,3.57,20,3,0.0,0.0,0.0
22.76,0.0,24.36,74.64,2.28,0.0,3.07,21,3,0.0,0.0,0.0
20.99,0.0,31.43,80.04,3.91,0.0,3.18,22,3,0.0,0.0,0.0
18.09,0.0,27.68,72.6,0.68,0.0,3.78,23,3,14.3,1.36,15.65
20.33,0.0,20.01,82.45,4.34,0.0,4.51,0,3,0.0,33.35,33.35
17.97,0.0,62.13,73.5,5.91,0.0,0.96,1,3,0.0,104.64,104.64
16.51,0.0,31.28,83.77,12.31,0.0,3.53,2,3,0.0,1990.56,1990.56
13.79,0.0,9.07,66.91,7.18,0.0,4.04,3,3,0.0,242.45,242.45
18.23,0.0,27.17,83.23,1.38,0.0,3.49,4,3,19.07,42.2,61.27
21.42,0.0,45.25,66.19,1.89,0.0,2.51,5,3,0.0,0.0,0.0
22.05,22.2,34.39,68.54,1.74,0.0,4.1,6,3,41.61,1.91,43.52
19.91,254.79,17.54,57.05,4.07,0.0,2.45,7,3,744.75,22.12,766.86
20.9,345.2,62.07,72.12,0.98,0.0,3.11,8,3,998.37,0.0,998.37
23.8,534.21,40.08,81.07,7.48,0.0,1.72,9,3,1589.02,264.17,1853.19
22.89,817.68,12.84,59.0,1.14,0.0,2.71,10,3,2356.55,30.02,2386.57
26.05,945.36,9.43,69.3,3.17,0.0,4.15,11,3,2635.55,0.0,2635.55
27.78,922.72,17.76,49.34,6.74,0.0,3.96,12,3,2615.2,192.98,2808.18
29.27,979.47,3.53,62.68,7.75,0.0,3.44,13,3,2776.59,330.42,3107.02
27.78,560.16,57.38,72.54,3.56,0.0,5.34,14,3,1589.56,37.45,1627.01
27.79,665.96,25.44,64.78,3.68,0.0,3.75,15,3,1893.07,31.01,1924.07
26.61,471.03,10.08,73.31,4.52,0.0,2.43,16,3,1369.2,16.16,1385.36
26.19,259.5,27.05,63.56,3.26,0.0,3.2,17,3,677.61,3.0,680.61
26.29,0.0,8.93,88.12,2.82,0.0,3.07,18,3,40.55,0.0,40.55
26.15,0.0,45.31,76.43,5.22,0.0,2.23,19,3,0.15,49.47,49.62
25.76,0.0,37.81,69.76,4.28,0.0,2.93,20,3,0.0,3.35,3.35
21.89,0.0,39.13,86.43,3.65,0.0,3.04,21,3,11.42,0.0,11.42
24.04,0.0,28.98,81.31,1.47,0.0,3.87,22,3,0.0,0.0,0.0
20.19,0.0,34.61,70.47,1.2,0.0,4.17,23,3,26.12,0.0,26.12
19.64,0.0,22.59,79.43,3.81,0.0,1.52,0,3,0.0,0.0,0.0
17.76,0.0,41.2,75.32,4.42,0.0,3.22,1,3,25.01,8.92,33.93
14.75,0.0,40.36,88.65,4.66,0.0,3.05,2,3,14.11,34.82,48.92
19.54,0.0,29.67,88.13,6.75,0.0,3.95,3,3,0.15,176.93,177.07
19.49,0.0,52.19,63.78,5.86,0.0,2.19,4,3,32.74,108.65,141.38
18.46,0.0,45.22,77.8,1.75,0.0,2.49,5,3,17.57,0.0,17.57
19.78,0.0,11.93,86.97,5.66,0.0,3.05,6,3,80.81,60.87,141.69
21.49,283.99,12.3,79.3,4.78,0.0,3.09,7,3,797.03,35.13,832.16
19.57,513.1,9.3,78.93,5.97,0.0,3.5,8,3,1459.56,81.84,1541.4
22.42,652.34,15.97,80.7,6.13,0.0,3.88,9,3,1848.07,109.97,1958.03
25.7,763.93,34.42,57.46,2.93,0.0,2.57,10,3,2223.85,0.0,2223.85
23.83,587.27,69.18,74.95,2.49,0.0,1.89,11,3,1714.89,0.0,1714.89
27.19,849.94,28.77,76.24,4.04,0.0,1.84,12,3,2423.83,29.6,2453.43
25.51,852.49,31.35,72.95,2.68,0.0,4.17,13,3,2327.28,10.14,2337.42
28.74,731.72,38.09,54.75,2.95,0.0,1.8,14,3,2083.85,0.0,2083.85
28.16,604.02,35.12,62.19,1.2,0.0,3.78,15,3,1700.07,5.59,1705.66
25.62,496.97,17.07,68.34,9.81,0.0,0.69,16,3,1479.44,916.36,2395.8
29.29,244.46,20.75,57.3,2.74,0.0,3.41,17,3,659.98,13.34,673.32
25.65,9.89,36.66,61.01,5.54,0.0,2.67,18,3,21.82,42.55,64.37
24.5,0.0,21.47,73.53,10.05,0.0,3.58,19,3,0.0,952.75,952.75
24.81,0.0,22.37,82.41,8.39,0.0,2.55,20,3,0.0,475.81,475.81
24.94,0.0,21.51,53.99,4.51,0.0,2.67,21,3,24.42,11.08,35.51
20.39,0.0,39.67,70.66,3.96,0.0,2.99,22,3,0.0,10.32,10.32
20.81,0.0,13.76,68.26,2.74,0.0,1.66,23,3,29.4,17.32,46.72
20.44,0.0,20.44,86.48,6.33,0.0,2.83,0,3,0.0,136.75,136.75
20.04,0.0,64.26,80.74,2.89,0.0,2.75,1,3,0.0,14.87,14.87
18.76,0.0,40.43,87.61,1.51,0.0,4.35,2,3,47.72,0.34,48.06
17.78,0.0,14.12,84.75,2.66,0.0,3.58,3,3,0.0,0.48,0.48
17.26,0.0,31.96,87.74,2.77,0.0,3.49,4,3,0.0,14.21,14.21
19.13,0.0,15.13,78.34,5.07,0.0,2.92,5,3,17.27,52.47,69.74
18.19,27.87,67.04,80.98,1.94,0.0,3.52,6,3,81.63,17.21,98.84
16.45,271.88,12.26,83.46,2.78,0.0,1.09,7,3,827.19,3.31,830.5
22.69,481.77,13.63,72.04,1.27,0.0,3.59,8,3,1390.61,0.0,1390.61
24.69,590.91,37.73,69.42,6.18,0.0,1.88,9,3,1705.43,115.45,1820.87
21.08,803.53,17.99,77.5,5.11,0.0,1.41,10,3,2376.67,54.16,2430.83
24.31,728.56,51.16,73.42,3.41,0.0,2.57,11,3,2093.72,15.0,2108.72
27.79,851.59,33.15,67.34,3.37,0.0,3.26,12,3,2410.63,0.0,2410.63
30.75,686.55,49.82,63.55,1.92,0.0,5.4,13,3,1832.18,0.0,1832.18
28.19,804.39,12.18,70.87,3.13,0.0,0.66,14,3,2419.62,8.59,2428.21
27.24,651.55,11.52,65.29,6.93,0.0,2.1,15,3,1865.57,181.07,2046.64
27.88,422.68,29.95,55.77,1.74,0.0,2.82,16,3,1175.44,0.0,1175.44
29.72,241.6,40.57,64.98,5.42,0.0,2.12,17,3,713.45,60.12,773.58
25.9,53.47,6.09,60.74,0.99,0.0,5.28,18,3,144.23,0.0,144.23
24.63,0.0,39.88,77.75,2.75,0.0,3.21,19,3,24.44,0.0,24.44
23.9,0.0,35.24,65.63,6.17,0.0,2.49,20,3,0.0,103.89,103.89
21.9,0.0,37.62,68.72,3.45,0.0,1.44,21,3,0.0,1.86,1.86
22.22,0.0,17.92,75.66,4.96,0.0,2.08,22,3,29.14,36.62,65.76
23.27,0.0,52.11,70.99,1.49,0.0,3.42,23,3,0.0,7.36,7.36
20.4,0.0,8.34,83.98,4.83,0.0,1.99,0,3,0.0,22.44,22.44
18.74,0.0,32.19,74.84,5.88,0.0,3.28,1,3,0.0,111.7,111.7
18.18,0.0,39.57,74.83,5.76,0.0,3.13,2,3,0.0,69.48,69.48
16.1,0.0,12.96,73.57,3.42,0.0,2.95,3,3,0.0,0.0,0.0
19.94,0.0,5.75,65.59,6.89,0.0,3.17,4,3,0.0,231.04,231.04
19.0,0.0,58.24,71.99,4.16,0.0,3.36,5,3,21.6,0.0,21.6
19.64,0.0,42.63,78.72,5.87,0.0,2.5,6,3,35.34,100.03,135.37
25.74,228.81,39.99,78.39,2.21,0.0,2.35,7,3,642.95,0.76,643.71
22.6,437.96,25.03,78.69,2.19,0.0,2.47,8,3,1296.78,0.0,1296.78
22.32,614.34,31.03,67.65,5.33,0.0,1.18,9,3,1819.8,81.44,1901.24
24.1,752.74,28.07,71.38,4.59,0.0,3.83,10,3,2145.13,7.21,2152.33
27.67,764.15,43.64,66.02,4.78,0.0,1.05,11,3,2247.78,47.27,2295.05
27.15,918.04,27.55,75.69,2.34,0.0,0.72,12,3,2686.95,4.09,2691.04
25.62,954.29,13.28,78.78,3.21,0.0,4.36,13,3,2650.53,4.06,2654.59
29.66,844.16,12.6,47.84,2.46,0.0,3.6,14,3,2346.46,0.0,2346.46
27.44,510.03,51.2,77.21,1.2,0.0,2.46,15,3,1455.48,0.0,1455.48
31.09,490.86,8.19,49.14,2.15,0.0,4.09,16,3,1371.71,0.0,1371.71
29.4,241.82,39.15,65.91,10.39,0.0,2.1,17,3,698.1,1158.32,1856.42
26.31,0.0,18.51,50.71,2.32,0.0,3.67,18,3,2.36,22.1,24.46
27.87,0.0,3.9,73.68,1.87,0.0,2.29,19,3,13.35,0.0,13.35
24.84,0.0,39.8,66.48,4.92,0.0,3.13,20,3,0.0,37.7,37.7
24.73,0.0,35.91,74.74,4.32,0.0,2.64,21,3,13.76,30.11,43.87
22.88,0.0,25.68,69.24,5.27,0.0,1.01,22,3,5.58,38.73,44.31
19.68,0.0,18.77,83.16,4.63,0.0,1.93,23,3,92.39,21.47,113.85
19.06,0.0,56.8,62.79,2.26,0.0,2.11,0,3,0.0,13.43,13.43
20.78,0.0,28.53,78.94,3.75,0.0,2.75,1,3,11.12,19.68,30.8
18.23,0.0,22.39,80.46,1.98,0.0,2.52,2,3,0.0,11.76,11.76
17.96,0.0,11.24,80.45,2.43,0.0,0.76,3,3,3.9,0.0,3.9
17.3,0.0,11.94,82.35,9.37,0.0,1.67,4,3,33.82,767.57,801.38
19.87,0.0,40.21,84.24,5.14,0.0,3.76,5,3,47.43,26.15,73.58
23.12,6.59,22.12,79.15,5.56,0.0,2.19,6,3,1.31,90.63,91.94
19.46,219.23,1.14,64.35,0.79,0.0,1.1,7,3,640.65,0.0,640.65
22.31,444.64,17.04,73.15,3.12,0.0,3.51,8,3,1210.86,7.36,1218.22
25.68,566.04,45.07,71.02,4.05,0.0,2.28,9,3,1677.88,3.04,1680.92
24.74,705.72,37.26,68.78,1.81,0.0,3.39,10,3,1992.34,2.67,1995.0
26.74,926.39,19.09,68.15,6.18,0.0,1.79,11,3,2641.01,95.05,2736.06
25.51,620.42,65.33,72.22,1.74,0.0,1.67,12,3,1815.26,0.0,1815.26
28.54,936.77,10.73,70.81,4.53,0.0,1.6,13,3,2675.66,27.94,2703.59
28.11,831.73,9.09,69.83,4.04,0.0,2.61,14,3,2343.72,12.41,2356.13
30.04,691.22,8.22,69.86,6.19,0.0,4.52,15,3,1874.48,131.29,2005.77
30.17,481.49,15.36,78.54,2.75,0.0,2.07,16,3,1402.29,0.53,1402.82
31.78,186.43,37.59,59.21,2.6,0.0,2.69,17,3,564.73,0.0,564.73
27.97,18.57,18.45,64.36,6.16,0.0,4.55,18,3,63.71,126.62,190.34
26.55,0.0,23.96,72.76,2.25,0.0,2.54,19,3,0.0,11.75,11.75
25.15,0.0,5.65,68.79,5.27,0.0,1.41,20,3,0.0,77.02,77.02
23.03,0.0,51.11,68.65,2.07,0.0,2.41,21,3,0.0,0.0,0.0
22.78,0.0,45.85,68.03,6.5,0.0,2.74,22,3,8.38,122.21,130.59
20.62,0.0,22.68,79.28,6.08,0.0,1.45,23,3,16.12,96.45,112.57
20.4,0.0,22.56,78.14,5.6,0.0,1.95,0,3,15.97,83.58,99.55
21.33,0.0,26.84,88.33,3.7,0.0,1.6,1,3,11.39,6.55,17.94
17.34,0.0,30.79,69.99,0.83,0.0,4.47,2,3,11.44,20.75,32.19
20.39,0.0,28.79,66.52,1.7,0.0,1.08,3,3,9.74,19.0,28.74
20.83,0.0,30.69,74.54,3.51,0.0,1.78,4,3,14.17,0.0,14.17
19.18,0.0,23.7,69.72,0.95,0.0,0.86,5,3,0.0,0.0,0.0
16.96,0.0,12.03,64.39,1.15,0.0,1.62,6,3,0.0,0.0,0.0
20.27,210.4,30.96,71.3,1.65,0.0,2.14,7,3,636.18,5.43,641.62
24.33,491.84,20.2,87.11,2.47,0.0,3.02,8,3,1412.16,0.0,1412.16
23.65,637.92,27.85,90.52,5.29,0.0,3.18,9,3,1849.8,45.7,1895.49
23.48,848.77,8.13,75.16,1.0,0.0,1.9,10,3,2497.77,4.72,2502.5
25.43,883.52,21.15,59.58,9.13,0.0,2.79,11,3,2520.22,706.27,3226.49
28.48,923.85,15.41,58.57,2.55,0.0,0.33,12,3,2751.05,2.05,2753.11
28.83,786.17,37.46,65.14,2.8,0.0,2.61,13,3,2269.77,0.0,2269.77
28.15,765.14,29.15,61.18,2.4,0.0,1.85,14,3,2199.98,0.0,2199.98
28.13,669.6,16.66,66.55,4.32,0.0,2.2,15,3,1953.75,25.55,1979.3
27.92,455.91,18.19,65.84,0.63,0.0,3.47,16,3,1271.47,12.09,1283.56
26.63,254.51,33.56,57.25,1.41,0.0,2.11,17,3,748.78,0.0,748.78
29.64,21.92,32.33,63.04,1.45,0.0,3.06,18,3,86.54,0.0,86.54
25.7,0.0,26.2,71.87,4.7,0.0,0.48,19,3,0.0,13.58,13.58
26.8,0.0,35.25,63.85,2.85,0.0,2.55,20,3,0.0,8.39,8.39
25.96,0.0,47.31,75.42,3.41,0.0,4.07,21,3,0.0,0.0,0.0
23.89,0.0,15.31,70.78,7.79,0.0,2.0,22,3,0.0,349.11,349.11
20.53,0.0,7.38,73.32,2.13,0.0,1.3,23,3,38.0,6.71,44.71
20.87,0.0,36.76,74.45,1.21,0.0,3.06,0,3,0.0,1.6,1.6
19.43,0.0,17.8,71.35,3.43,0.0,3.0,1,3,1.61,23.6,25.21
17.62,0.0,35.7,81.11,1.91,0.0,2.81,2,3,16.86,19.58,36.43
19.29,0.0,38.78,69.0,1.78,0.0,0.27,3,3,0.0,2.56,2.56
17.2,0.0,30.9,95.0,3.27,0.0,1.63,4,3,0.0,20.47,20.47
21.25,0.0,17.11,89.73,4.74,0.0,1.52,5,3,0.0,30.39,30.39
19.57,0.0,2.96,74.9,2.37,0.0,2.1,6,3,0.0,27.1,27.1
21.6,225.66,10.37,77.63,6.5,0.0,1.17,7,3,653.5,157.49,810.99
22.93,447.87,12.79,76.3,3.02,0.0,2.93,8,3,1308.92,0.0,1308.92
23.41,620.95,33.46,75.66,7.42,0.0,2.66,9,3,1743.05,290.39,2033.44
25.98,653.44,52.43,73.31,3.71,0.0,4.36,10,3,1867.05,8.82,1875.87
25.59,933.24,13.21,74.34,5.13,0.0,2.9,11,3,2703.04,44.67,2747.7
28.64,858.16,29.46,70.17,6.19,0.0,1.47,12,3,2428.88,98.52,2527.4
26.11,914.47,21.31,61.38,3.91,0.0,1.65,13,3,2670.41,10.43,2680.84
28.82,871.2,14.6,67.98,6.2,0.0,3.47,14,3,2408.21,143.09,2551.3
31.71,599.17,39.61,54.99,3.1,0.0,0.22,15,3,1746.76,2.61,1749.37
27.13,409.84,46.02,70.63,3.02,0.0,1.11,16,3,1172.94,0.0,1172.94
27.11,203.05,30.32,73.95,5.66,0.0,2.82,17,3,563.24,52.82,616.06
28.11,0.0,37.31,68.27,2.36,0.0,3.02,18,3,0.0,0.0,0.0
26.57,0.0,29.73,73.1,5.06,0.0,2.22,19,3,7.43,42.44,49.87
25.62,0.0,25.31,70.01,1.27,0.0,1.97,20,3,0.0,9.9,9.9
24.53,0.0,49.33,84.35,4.52,0.0,1.79,21,3,1.11,6.06,7.17
23.46,0.0,11.42,74.13,7.59,0.0,1.59,22,3,29.63,298.77,328.41
22.97,0.0,12.09,64.09,3.51,0.0,2.08,23,3,17.82,0.0,17.82
21.0,0.0,2.93,69.91,3.3,0.0,4.04,0,3,5.2,0.0,5.2
19.23,0.0,33.21,79.4,3.97,0.0,0.0,1,3,0.0,17.46,17.46
20.1,0.0,37.11,85.38,5.07,0.0,1.21,2,3,42.86,43.61,86.48
21.77,0.0,27.31,76.09,3.0,0.0,3.92,3,3,19.78,0.0,19.78
18.89,0.0,32.06,78.14,0.5,0.0,3.16,4,3,0.0,0.0,0.0
18.13,0.0,15.0,68.3,3.76,0.0,0.84,5,3,12.75,17.92,30.67
22.04,0.0,19.95,87.72,3.32,0.0,2.01,6,3,15.3,7.6,22.9
21.24,256.34,22.22,62.89,3.93,0.0,2.99,7,3,750.67,0.0,750.67
19.37,490.27,12.13,63.39,5.04,0.0,3.24,8,3,1401.07,46.85,1447.92
25.19,682.08,12.54,65.01,2.6,0.0,1.22,9,3,2062.51,2.62,2065.12
24.41,756.2,29.68,74.45,3.77,0.0,1.5,10,3,2227.87,3.78,2231.65
26.28,948.88,13.99,64.26,2.43,0.0,1.2,11,3,2729.9,3.14,2733.04
27.95,834.95,35.36,60.53,3.53,0.0,1.95,12,3,2348.65,12.2,2360.85
28.54,728.76,49.42,58.18,2.92,0.0,2.66,13,3,2032.8,6.49,2039.29
29.81,823.98,21.72,77.37,3.05,0.0,3.46,14,3,2310.93,15.23,2326.16
28.27,642.49,27.01,67.76,4.19,0.0,0.82,15,3,1903.95,17.02,1920.97
29.52,459.23,8.02,70.75,4.87,0.0,3.22,16,3,1324.3,67.9,1392.2
27.86,243.1,11.17,82.02,0.51,0.0,2.39,17,3,691.79,8.19,699.98
28.56,0.0,8.83,80.92,6.51,0.0,1.96,18,3,0.0,146.75,146.75
27.34,0.0,29.31,59.0,3.03,0.0,4.64,19,3,15.44,0.0,15.44
23.81,0.0,37.92,72.42,4.57,0.0,3.9,20,3,0.0,33.61,33.61
25.55,0.0,14.45,74.64,1.63,0.0,0.39,21,3,12.95,0.0,12.95
21.82,0.0,44.62,73.68,4.14,0.0,3.93,22,3,0.0,14.51,14.51
22.63,0.0,49.56,66.44,4.79,0.0,2.22,23,3,6.33,27.03,33.36
21.05,0.0,23.87,52.4,1.86,0.0,0.77,0,3,0.0,0.0,0.0
22.47,0.0,29.04,82.81,7.02,0.0,3.37,1,3,37.95,190.03,227.97
18.87,0.0,25.0,91.14,5.36,0.0,3.42,2,3,17.47,62.34,79.8
18.52,0.0,27.72,82.68,3.93,0.0,2.2,3,3,49.71,9.98,59.69
19.18,0.0,3.89,75.79,1.92,0.0,2.56,4,3,12.94,0.0,12.94
19.25,0.0,23.57,71.47,6.37,0.0,2.25,5,3,0.0,151.3,151.3
21.7,0.0,1.86,73.99,1.2,0.0,2.02,6,3,0.0,0.0,0.0
19.11,244.52,43.06,86.75,1.57,0.0,3.76,7,3,678.98,6.69,685.67
21.16,405.08,42.19,78.01,4.93,0.0,1.86,8,3,1205.35,41.08,1246.43
22.44,654.07,21.82,54.66,2.44,0.0,3.46,9,3,1867.95,1.13,1869.08
26.76,639.28,53.05,79.72,3.53,0.0,2.68,10,3,1823.39,45.26,1868.64
29.1,663.83,60.07,69.5,3.96,0.0,0.88,11,3,1959.98,49.95,2009.93
27.42,960.33,20.52,57.52,3.52,0.0,1.97,12,3,2792.2,0.0,2792.2
28.12,759.84,39.32,69.99,1.33,0.0,2.07,13,3,2194.52,0.0,2194.52
28.97,630.56,50.94,65.89,5.2,0.0,1.57,14,3,1805.56,50.83,1856.39
30.78,662.75,17.5,63.7,2.36,0.0,1.64,15,3,1861.13,0.0,1861.13
27.48,529.28,8.09,57.96,5.21,0.0,2.78,16,3,1532.72,55.91,1588.63
28.73,242.28,29.3,62.44,6.37,0.0,2.98,17,3,694.3,176.73,871.03
29.04,0.0,30.58,51.26,3.95,0.0,2.75,18,3,28.15,9.76,37.91
27.29,0.0,30.33,76.06,4.98,0.0,2.28,19,3,0.0,44.0,44.0
25.62,0.0,18.36,61.4,0.87,0.0,1.73,20,3,9.66,0.0,9.66
25.54,0.0,20.61,77.33,0.87,0.0,1.75,21,3,0.0,0.0,0.0
18.69,0.0,5.04,81.49,2.11,0.0,2.37,22,3,3.81,0.0,3.81
22.56,0.0,27.34,68.76,3.0,0.0,2.82,23,3,0.0,0.0,0.0
19.64,0.0,53.8,69.44,2.02,0.0,3.66,0,3,21.23,19.1,40.33
17.08,0.0,36.44,80.18,4.52,0.0,2.42,1,3,19.91,3.03,22.94
20.1,0.0,7.13,83.56,2.56,0.0,2.71,2,3,0.0,8.51,8.51
21.22,0.0,15.53,80.04,6.15,0.0,0.45,3,3,0.0,110.72,110.72
19.12,0.0,18.0,80.57,4.08,0.0,0.27,4,3,0.0,12.45,12.45
21.26,0.0,43.71,72.19,3.1,0.0,1.36,5,3,0.0,32.44,32.44
23.04,18.05,62.61,77.88,6.73,0.0,2.57,6,3,52.6,193.95,246.55
23.63,255.54,10.85,58.3,5.97,0.0,1.5,7,3,693.28,94.82,788.1
25.32,420.19,34.67,70.58,5.89,0.0,0.0,8,3,1236.03,85.53,1321.56
25.27,557.59,38.46,68.74,5.14,0.0,1.84,9,3,1631.62,31.79,1663.41
25.57,879.13,4.69,58.53,4.39,0.0,3.73,10,3,2487.57,43.97,2531.54
24.26,929.57,14.86,67.1,3.04,0.0,3.21,11,3,2676.24,11.83,2688.07
27.32,729.56,50.02,79.75,3.33,0.0,0.56,12,3,2148.14,16.45,2164.59
27.22,939.37,3.04,70.9,4.59,0.0,2.0,13,3,2738.15,12.42,2750.57
32.24,870.05,10.26,67.82,1.96,0.0,1.63,14,3,2485.31,2.94,2488.25
28.89,451.5,61.43,60.76,5.97,0.0,1.78,15,3,1305.36,97.4,1402.76
29.17,471.25,31.53,50.56,7.52,0.0,2.49,16,3,1300.03,276.43,1576.46
29.32,206.24,14.89,75.83,1.45,0.0,1.78,17,3,634.13,0.0,634.13
27.76,6.26,19.24,59.83,0.68,0.0,3.4,18,3,0.0,0.0,0.0
29.2,0.0,36.77,61.32,1.77,0.0,0.59,19,3,6.85,0.0,6.85
24.52,0.0,48.72,58.79,5.38,0.0,2.76,20,3,49.44,34.07,83.5
24.45,0.0,47.71,80.8,1.52,0.0,3.03,21,3,0.0,27.65,27.65
21.75,0.0,8.97,75.54,3.07,0.0,1.75,22,3,0.0,24.64,24.64
19.68,0.0,25.65,74.33,1.15,0.0,2.27,23,3,0.0,0.0,0.0
19.83,0.0,16.14,80.12,3.39,0.0,4.25,0,3,18.12,0.0,18.12
19.89,0.0,14.44,72.17,4.33,0.0,1.97,1,3,0.0,17.17,17.17
18.8,0.0,25.1,71.6,4.48,0.0,2.74,2,3,0.0,20.47,20.47
18.24,0.0,35.78,67.66,3.85,0.0,2.92,3,3,0.0,1.76,1.76
17.34,0.0,12.43,67.72,7.51,0.0,0.85,4,3,0.0,304.07,304.07
19.82,0.0,13.39,83.78,3.92,0.0,4.45,5,3,14.6,0.0,14.6
18.49,0.0,22.91,86.96,6.3,0.0,1.7,6,3,0.0,129.7,129.7
22.92,179.4,51.44,57.93,10.03,0.0,1.76,7,3,518.05,982.05,1500.1
23.11,441.34,30.4,70.86,2.3,0.0,2.58,8,3,1275.99,0.0,1275.99
22.09,713.59,11.56,73.33,2.5,0.0,2.1,9,3,2064.09,9.08,2073.17
25.11,663.73,49.94,63.67,3.87,0.0,1.6,10,3,1947.39,7.4,1954.78
25.65,931.79,23.39,61.7,2.02,0.0,2.6,11,3,2650.52,22.91,2673.42
28.29,868.08,26.77,65.86,4.1,0.0,0.65,12,3,2523.21,0.0,2523.21
30.62,852.08,29.68,56.68,4.83,0.0,3.45,13,3,2365.57,9.42,2374.98
26.3,827.51,14.65,67.7,1.12,0.0,2.31,14,3,2345.46,18.89,2364.35
29.45,649.96,11.5,55.02,4.81,0.0,2.53,15,3,1831.56,19.62,1851.18
28.87,474.77,2.94,59.69,1.88,0.0,1.59,16,3,1358.2,1.6,1359.8
29.62,276.4,2.17,61.25,2.68,0.0,1.4,17,3,813.05,4.73,817.78
28.13,10.53,37.32,62.57,5.21,0.0,0.72,18,3,57.5,40.75,98.25
25.65,0.0,21.06,77.39,1.9,0.0,2.7,19,3,28.64,0.0,28.64
25.09,0.0,0.36,64.47,3.92,0.0,0.33,20,3,6.14,8.58,14.71
23.08,0.0,62.24,78.84,4.24,0.0,2.15,21,3,0.0,0.1,0.1
24.6,0.0,37.69,45.68,1.91,0.0,1.43,22,3,0.0,0.0,0.0
21.81,0.0,20.33,72.84,2.55,0.0,2.16,23,3,9.53,13.95,23.49
23.71,0.0,58.18,53.78,4.35,0.0,0.94,0,3,17.83,11.91,29.74
19.98,0.0,36.37,84.89,3.54,0.0,3.1,1,3,0.0,0.0,0.0
18.51,0.0,24.09,92.99,4.67,0.0,0.84,2,3,35.2,33.46,68.65
17.13,0.0,6.11,78.16,6.25,0.0,0.0,3,3,29.54,133.03,162.56
16.86,0.0,22.8,92.54,1.71,0.0,1.52,4,3,36.83,0.0,36.83
17.69,0.0,24.77,71.39,1.22,0.0,0.96,5,3,5.53,0.0,5.53
21.26,0.0,16.48,81.34,4.72,0.0,1.6,6,3,0.0,28.63,28.63
22.66,212.29,28.77,78.57,5.46,0.0,1.03,7,3,642.26,95.02,737.28
20.73,406.77,41.99,72.89,3.48,0.0,2.1,8,3,1179.23,13.88,1193.1
25.74,706.96,22.67,68.04,3.18,0.0,0.5,9,3,2098.43,0.0,2098.43
24.97,836.47,6.43,71.7,4.29,0.0,1.86,10,3,2472.17,0.0,2472.17
27.12,944.98,12.75,68.1,4.03,0.0,1.55,11,3,2731.83,0.0,2731.83
30.35,591.61,64.39,65.33,3.69,0.0,0.89,12,3,1721.17,13.54,1734.71
30.07,921.85,4.95,80.03,5.88,0.0,0.68,13,3,2671.78,84.58,2756.36
28.83,759.25,27.66,80.45,1.96,0.0,3.2,14,3,2120.65,15.89,2136.54
28.06,657.27,22.15,72.11,4.81,0.0,0.58,15,3,1914.35,12.92,1927.27
26.0,424.55,36.72,84.34,5.23,0.0,1.09,16,3,1228.23,31.95,1260.18
27.65,269.91,25.14,57.06,6.85,0.0,3.01,17,3,736.51,179.38,915.89
27.62,5.57,22.52,72.45,7.67,0.0,1.99,18,3,66.5,331.22,397.71
25.42,0.0,46.0,75.4,3.79,0.0,2.09,19,3,0.31,3.22,3.53
25.5,0.0,35.99,65.11,3.39,0.0,1.01,20,3,10.9,0.0,10.9
24.51,0.0,24.62,86.84,3.77,0.0,1.65,21,3,0.0,16.68,16.68
22.77,0.0,27.88,84.62,5.17,0.0,3.91,22,3,0.0,63.25,63.25
20.92,0.0,54.63,78.18,0.59,0.0,2.95,23,3,0.0,0.0,0.0
21.24,0.0,26.68,67.85,1.97,0.0,0.73,0,3,0.0,15.49,15.49
20.85,0.0,47.75,61.69,6.95,0.0,1.42,1,3,3.41,201.95,205.36
18.05,0.0,48.48,69.07,2.1,0.0,0.0,2,3,0.0,16.66,16.66
21.63,0.0,12.99,86.15,2.29,0.0,2.48,3,3,44.31,2.23,46.54
19.54,0.0,12.67,73.37,7.54,0.0,0.71,4,3,0.0,310.6,310.6
20.22,0.0,32.68,83.97,2.66,0.0,2.24,5,3,12.32,0.0,12.32
22.05,0.0,50.13,75.47,2.64,0.0,1.76,6,3,0.0,0.0,0.0
22.37,235.82,16.26,55.96,7.22,0.0,1.37,7,3,681.05,242.08,923.13
24.65,451.37,35.39,67.33,3.09,0.0,1.53,8,3,1387.1,0.0,1387.1
24.95,612.79,36.12,61.4,3.71,0.0,1.53,9,3,1764.44,0.0,1764.44
24.89,834.9,2.67,75.79,4.08,0.0,0.62,10,3,2501.04,25.03,2526.06
27.56,800.15,38.41,73.03,6.41,0.0,2.63,11,3,2292.27,116.93,2409.21
26.34,967.02,16.91,65.92,1.28,0.0,1.83,12,3,2796.18,0.0,2796.18
29.01,842.89,27.16,76.51,2.47,0.0,3.02,13,3,2338.46,0.0,2338.46
29.3,878.51,5.21,72.5,4.23,0.0,0.18,14,3,2575.12,12.71,2587.84
29.21,669.83,17.34,60.53,3.4,0.0,2.74,15,3,1875.37,0.0,1875.37
29.16,482.63,25.22,68.38,2.57,0.0,1.21,16,3,1372.64,0.0,1372.64
26.03,224.36,30.01,61.43,3.27,0.0,1.32,17,3,605.43,1.35,606.78
27.23,0.0,19.78,63.64,8.28,0.0,2.8,18,3,0.0,458.75,458.75
27.16,0.0,23.85,71.29,0.66,0.0,2.9,19,3,0.0,0.0,0.0
26.05,0.0,35.81,68.21,1.79,0.0,3.29,20,3,0.0,0.0,0.0
22.98,0.0,29.29,60.09,0.62,0.0,1.74,21,3,0.0,0.0,0.0
25.12,0.0,10.45,72.18,4.27,0.0,1.52,22,3,0.0,11.02,11.02
20.72,0.0,8.73,71.59,0.51,0.0,3.14,23,3,15.64,0.0,15.64
22.56,0.0,44.9,65.56,3.5,0.0,2.38,0,3,6.27,0.65,6.92
20.95,0.0,37.59,65.1,6.3,0.0,1.95,1,3,3.85,124.64,128.49
18.84,0.0,33.2,74.85,1.44,0.0,0.0,2,3,0.0,0.0,0.0
22.3,0.0,26.26,74.28,3.03,0.0,1.37,3,3,42.01,0.0,42.01
18.02,0.0,17.8,75.53,3.1,0.0,1.26,4,3,0.0,5.94,5.94
21.69,0.0,15.11,75.42,3.02,0.0,1.43,5,3,8.52,15.89,24.41
22.6,47.79,36.28,69.78,5.13,0.0,0.9,6,3,166.8,44.54,211.34
21.13,249.13,13.97,78.37,0.5,0.0,1.3,7,3,726.92,7.36,734.28
25.43,448.28,29.73,67.3,5.54,0.0,3.18,8,3,1227.47,48.73,1276.2
24.26,580.75,35.81,56.8,6.08,0.0,2.64,9,3,1684.69,128.31,1813.0
26.37,842.38,10.88,57.77,3.38,0.0,2.16,10,3,2437.83,9.33,2447.16
27.53,897.84,22.5,61.76,6.65,0.0,2.04,11,3,2546.15,189.41,2735.56
27.97,817.97,36.23,75.51,3.12,0.0,0.68,12,3,2408.0,0.0,2408.0
30.19,890.47,24.4,55.14,4.9,0.0,2.23,13,3,2525.83,28.62,2554.45
30.66,861.76,4.81,65.35,3.16,0.0,2.26,14,3,2450.12,0.0,2450.12
27.02,453.41,53.61,69.83,0.88,0.0,1.71,15,3,1279.89,12.57,1292.46
31.42,464.9,26.64,51.56,1.33,0.0,0.42,16,3,1369.61,0.0,1369.61
26.48,259.51,12.98,65.07,3.44,0.0,3.14,17,3,723.08,4.85,727.93
29.72,4.76,53.93,64.57,9.67,0.0,1.56,18,3,0.0,874.72,874.72
28.83,0.0,8.91,62.17,1.99,0.0,2.11,19,3,19.19,0.0,19.19
24.3,0.0,35.57,74.38,6.76,0.0,2.51,20,3,21.49,178.9,200.39
24.02,0.0,29.4,74.4,7.14,0.0,0.2,21,3,3.41,262.53,265.95
21.69,0.0,16.89,74.67,3.27,0.0,3.22,22,3,15.9,0.0,15.9
21.82,0.0,8.9,80.16,3.54,0.0,0.42,23,3,0.0,0.0,0.0
20.76,0.0,45.28,74.06,3.76,0.0,1.48,0,3,0.0,0.0,0.0
21.6,0.0,21.6,73.99,5.46,0.0,3.08,1,3,31.5,68.38,99.88
21.89,0.0,42.27,74.99,1.64,0.0,0.4,2,3,0.0,18.91,18.91
21.85,0.0,3.33,63.99,2.84,0.0,1.29,3,3,0.0,0.0,0.0
19.09,0.0,45.2,80.74,1.95,0.0,2.44,4,3,0.0,8.86,8.86
20.12,0.0,48.16,69.96,6.53,0.0,2.88,5,3,0.0,158.02,158.02
18.7,7.11,34.26,74.86,1.22,0.0,0.3,6,3,50.27,12.19,62.46
21.05,243.73,17.47,78.11,5.28,0.0,0.54,7,3,714.1,43.42,757.52
24.91,443.0,21.95,72.68,3.43,0.0,1.41,8,3,1306.5,18.8,1325.29
27.18,630.62,29.7,55.01,5.04,0.0,2.24,9,3,1833.74,49.13,1882.88
24.2,751.99,25.1,58.66,6.68,0.0,1.48,10,3,2229.24,170.84,2400.08
26.37,915.99,18.59,59.39,2.9,0.0,1.63,11,3,2637.69,0.0,2637.69
28.25,758.75,47.74,66.7,2.28,0.0,1.45,12,3,2207.04,10.84,2217.88
29.51,924.9,13.69,74.04,4.61,0.0,1.76,13,3,2608.84,29.84,2638.67
28.37,631.35,49.25,61.1,11.02,0.0,1.97,14,3,1835.25,1439.19,3274.44
30.4,638.12,19.15,54.99,5.15,0.0,2.18,15,3,1802.1,14.77,1816.86
28.88,426.97,30.25,56.85,5.67,0.0,3.22,16,3,1213.69,46.43,1260.12
29.07,186.76,43.55,67.62,4.49,0.0,1.99,17,3,526.27,35.81,562.08
29.11,0.0,13.08,72.66,3.05,0.0,2.29,18,3,0.0,0.0,0.0
27.27,0.0,15.61,74.42,4.64,0.0,2.4,19,3,8.82,6.27,15.09
25.4,0.0,21.97,63.12,1.67,0.0,2.43,20,3,6.96,0.0,6.96
24.59,0.0,28.71,57.35,3.69,0.0,1.96,21,3,0.0,7.35,7.35
23.33,0.0,60.14,71.67,4.15,0.0,3.27,22,3,0.0,0.0,0.0
21.7,0.0,4.93,84.81,6.93,0.0,0.0,23,3,0.0,171.63,171.63
20.96,0.0,18.19,77.31,7.15,0.0,1.47,0,3,5.72,228.63,234.36
22.95,0.0,24.67,60.6,1.12,0.0,1.87,1,3,30.92,0.0,30.92
20.89,0.0,36.7,73.39,4.5,0.0,0.94,2,3,0.0,0.0,0.0
19.44,0.0,24.0,67.6,5.68,0.0,2.98,3,3,0.0,86.61,86.61
21.1,0.0,9.65,76.32,3.95,0.0,0.0,4,3,0.0,0.0,0.0
20.05,0.0,24.42,74.6,1.43,0.0,1.18,5,3,3.37,9.81,13.18
23.1,36.8,12.98,69.09,2.32,0.0,0.0,6,3,100.76,7.8,108.56
22.93,193.96,43.25,66.43,2.76,0.0,1.14,7,3,556.13,0.0,556.13
23.42,341.85,61.56,74.3,4.69,0.0,0.75,8,3,1051.32,43.27,1094.6
25.55,627.37,27.76,77.89,1.17,0.0,1.86,9,3,1834.04,14.53,1848.57
23.82,833.48,8.4,83.36,4.02,0.0,3.84,10,3,2366.29,0.0,2366.29
25.69,934.29,12.13,71.48,1.53,0.0,2.9,11,3,2659.32,0.97,2660.29
26.62,891.65,19.26,77.22,3.19,0.0,0.17,12,3,2647.88,0.0,2647.88
29.42,721.37,50.92,55.6,3.35,0.0,2.03,13,3,2063.13,19.68,2082.82
32.31,851.65,12.21,57.55,3.49,0.0,1.04,14,3,2426.64,0.0,2426.64
33.23,728.38,9.97,51.46,5.01,0.0,2.44,15,3,2054.43,37.69,2092.12
30.67,477.01,4.64,58.29,1.31,0.0,2.33,16,3,1333.6,2.1,1335.69
29.96,212.25,29.88,54.84,2.51,0.0,2.95,17,3,622.39,17.1,639.5
25.71,0.0,8.2,81.17,4.56,0.0,3.17,18,3,16.53,23.31,39.85
26.57,0.0,9.79,64.14,7.63,0.0,2.59,19,3,12.18,320.58,332.76
24.99,0.0,48.09,67.88,4.43,0.0,1.4,20,3,0.21,41.47,41.68
23.95,0.0,30.53,57.9,6.6,0.0,1.38,21,3,0.0,155.49,155.49
23.33,0.0,33.22,54.94,8.36,0.0,0.24,22,3,23.97,471.37,495.34
21.67,0.0,14.43,86.59,6.6,0.0,1.94,23,3,0.0,168.27,168.27
18.5,0.0,51.47,74.89,8.52,0.0,1.95,0,3,0.0,493.21,493.21
21.79,0.0,44.11,91.2,5.51,0.0,0.0,1,3,0.0,41.77,41.77
18.56,0.0,26.84,75.52,6.65,0.0,2.62,2,3,0.0,171.08,171.08
20.36,0.0,12.06,64.62,3.7,0.0,1.2,3,3,0.0,5.24,5.24
23.28,0.0,53.22,71.24,2.93,0.0,0.43,4,3,23.16,27.82,50.98
19.29,0.0,9.7,76.44,12.84,0.0,1.69,5,3,0.0,1996.31,1996.31
17.67,0.0,27.76,78.95,1.44,0.0,0.06,6,3,0.0,6.48,6.48
22.07,276.09,6.51,71.96,8.02,0.0,0.8,7,3,815.59,374.69,1190.28
25.36,309.2,59.58,56.46,3.38,0.0,0.61,8,3,901.64,0.0,901.64
27.94,633.93,23.64,53.2,0.68,0.0,0.62,9,3,1884.4,24.0,1908.4
24.45,824.95,9.17,78.97,5.74,0.0,0.45,10,3,2498.09,60.17,2558.26
28.25,971.22,6.49,80.84,3.45,0.0,1.26,11,3,2824.08,11.41,2835.49
27.84,799.71,45.13,63.3,5.7,0.0,2.33,12,3,2296.95,95.56,2392.52
29.17,914.31,16.5,49.36,0.96,0.0,0.45,13,3,2695.98,0.0,2695.98
33.8,872.21,2.62,68.07,8.6,0.0,0.81,14,3,2499.19,514.22,3013.41
27.75,660.54,21.78,58.92,4.74,0.0,0.46,15,3,1991.79,43.43,2035.22
30.21,263.41,74.79,65.53,1.0,0.0,2.35,16,3,736.37,14.79,751.16
30.03,220.2,18.52,58.77,0.5,0.0,1.1,17,3,647.14,0.0,647.14
30.16,0.0,71.38,58.85,4.27,0.0,1.88,18,3,0.0,20.68,20.68
27.65,0.0,58.1,58.92,8.72,0.0,1.06,19,3,32.1,550.79,582.89
26.76,0.0,33.86,78.07,3.88,0.0,2.98,20,3,0.0,0.0,0.0
24.41,0.0,14.71,73.32,2.97,0.0,1.32,21,3,0.0,0.39,0.39
24.11,0.0,36.2,72.72,7.52,0.0,2.6,22,3,0.68,295.55,296.22
21.99,0.0,21.51,72.92,9.15,0.0,2.39,23,3,37.04,665.25,702.3
22.52,0.0,31.95,75.06,5.57,0.0,1.08,0,3,38.21,58.2,96.42
20.24,0.0,12.9,65.24,5.06,0.0,0.73,1,3,0.0,20.94,20.94
20.86,0.0,16.04,78.15,0.5,0.0,0.97,2,3,24.81,12.55,37.35
20.08,0.0,37.36,84.58,2.76,0.0,1.1,3,3,2.91,7.02,9.92
21.98,0.0,30.61,74.38,7.25,0.0,2.82,4,3,0.0,255.99,255.99
20.71,0.0,3.5,81.07,3.05,0.0,2.42,5,3,35.44,0.0,35.44
18.93,0.0,41.58,73.04,2.87,0.0,1.82,6,3,18.87,0.0,18.87
24.51,227.03,24.23,72.86,3.95,0.0,0.89,7,3,689.61,11.99,701.59
22.47,508.78,12.77,68.94,3.47,0.0,0.58,8,3,1523.23,20.95,1544.18
24.14,539.6,48.77,56.86,6.3,0.0,0.0,9,3,1608.28,133.54,1741.83
25.52,790.76,22.15,66.49,1.31,0.0,1.07,10,3,2334.05,10.09,2344.15
29.68,893.47,23.72,72.39,4.67,0.0,0.85,11,3,2604.77,32.02,2636.78
25.45,823.89,40.26,57.78,4.92,0.0,2.69,12,3,2341.18,39.8,2380.98
34.16,859.06,20.98,71.07,6.55,0.0,1.92,13,3,2428.23,154.6,2582.83
31.53,871.12,4.18,56.75,3.3,0.0,1.38,14,3,2526.23,0.0,2526.23
30.46,684.45,12.08,66.95,2.66,0.0,2.24,15,3,1976.7,13.12,1989.82
29.87,364.07,44.95,75.3,4.47,0.0,2.7,16,3,1005.95,26.79,1032.74
29.88,241.16,9.66,77.77,5.11,0.0,1.26,17,3,689.01,47.74,736.75
29.44,5.67,34.01,76.54,1.95,0.0,1.25,18,3,36.18,3.74,39.92
28.59,0.0,31.24,58.63,1.87,0.0,0.03,19,3,0.0,0.0,0.0
27.25,0.0,34.11,75.45,2.49,0.0,2.82,20,3,0.0,17.93,17.93
25.25,0.0,24.9,63.95,2.4,0.0,2.39,21,3,29.99,0.0,29.99
23.53,0.0,12.0,63.25,5.3,0.0,0.87,22,3,0.0,47.86,47.86
22.39,0.0,20.27,67.43,3.91,0.0,2.39,23,3,0.0,23.71,23.71
21.41,0.0,20.59,83.42,4.01,0.0,0.0,0,3,19.64,6.23,25.86
22.61,0.0,52.73,68.11,0.55,0.0,0.88,1,3,27.36,0.0,27.36
21.3,0.0,40.69,67.21,10.22,0.0,1.42,2,3,0.0,1063.03,1063.03
15.83,0.0,12.05,92.81,5.99,0.0,1.67,3,3,17.83,125.47,143.29
21.4,0.0,39.08,72.24,3.45,0.0,2.28,4,3,0.0,18.17,18.17
21.2,0.0,6.83,78.79,1.18,0.0,0.5,5,3,0.0,30.04,30.04
21.68,0.0,30.07,65.46,4.9,0.0,1.93,6,3,0.0,29.06,29.06
22.16,229.19,28.26,69.25,3.94,0.0,2.17,7,3,701.24,0.0,701.24
25.63,447.76,14.01,66.62,4.79,0.0,1.13,8,3,1349.47,0.0,1349.47
26.66,673.77,6.58,62.38,4.79,0.0,0.9,9,3,1973.38,46.52,2019.89
25.38,840.93,12.85,67.9,1.85,0.0,0.14,10,3,2508.36,4.32,2512.68
28.35,923.8,13.15,57.87,2.84,0.0,0.77,11,3,2746.26,0.0,2746.26
27.32,933.55,13.33,65.61,0.6,0.0,0.0,12,3,2812.01,0.0,2812.01
27.5,802.51,37.93,75.12,9.04,0.0,1.16,13,3,2317.63,662.95,2980.58
29.13,876.49,3.71,50.66,5.77,0.0,1.46,14,3,2526.57,81.09,2607.67
31.53,549.31,48.86,60.1,7.31,0.0,1.07,15,3,1595.41,261.74,1857.15
31.5,495.27,11.88,57.35,0.96,0.0,0.93,16,3,1439.24,0.0,1439.24
30.34,210.5,32.34,57.97,3.75,0.0,1.3,17,3,631.04,23.77,654.8
29.86,13.68,37.32,78.79,5.28,0.0,1.56,18,3,27.5,46.66,74.16
28.52,0.0,47.71,76.35,1.49,0.0,1.92,19,3,17.01,0.0,17.01
25.57,0.0,39.32,64.4,5.51,0.0,0.0,20,3,4.87,65.06,69.93
25.89,0.0,17.99,57.09,4.6,0.0,0.91,21,3,28.1,31.86,59.96
25.15,0.0,14.41,80.99,9.22,0.0,0.0,22,3,0.0,706.29,706.29
23.87,0.0,40.77,73.56,1.75,0.0,0.9,23,3,0.0,5.71,5.71
23.61,0.0,43.74,61.43,4.48,0.0,2.34,0,3,12.54,0.0,12.54
22.09,0.0,27.74,65.2,7.72,0.0,1.51,1,3,10.61,328.94,339.55
21.06,0.0,12.06,74.57,5.25,0.0,0.91,2,3,0.0,51.47,51.47
21.97,0.0,22.27,86.68,2.88,0.0,0.58,3,3,5.45,0.0,5.45
20.49,0.0,36.26,71.47,1.6,0.0,0.82,4,3,0.0,19.83,19.83
19.71,0.0,10.59,78.98,8.2,0.0,0.71,5,3,23.34,424.04,447.38
21.58,0.74,33.03,68.37,1.23,0.0,1.64,6,3,1.89,11.74,13.63
21.74,230.24,16.99,76.7,8.65,0.0,0.39,7,3,692.28,541.38,1233.65
23.05,463.02,15.65,58.29,2.71,0.0,0.87,8,3,1358.33,9.09,1367.42
25.14,645.48,24.04,73.94,6.31,0.0,0.64,9,3,1938.84,146.19,2085.03
25.47,601.17,47.58,70.37,4.05,0.0,0.13,10,3,1796.67,18.82,1815.49
27.4,831.65,37.94,59.52,7.03,0.0,0.0,11,3,2523.54,201.26,2724.8
26.06,856.3,32.7,40.92,3.36,0.0,1.26,12,3,2498.6,9.13,2507.73
30.01,491.89,76.4,75.99,6.2,2.78,0.01,13,3,1449.8,128.23,1578.03
30.19,669.7,46.97,48.85,2.35,0.0,1.21,14,3,1934.99,0.55,1935.53
29.14,648.99,24.21,74.13,3.57,0.0,2.26,15,3,1847.21,0.6,1847.81
31.18,433.98,22.0,54.97,6.16,0.0,1.24,16,3,1284.99,128.39,1413.38
31.1,185.89,41.34,64.73,1.6,0.0,1.06,17,3,486.53,0.0,486.53
26.49,0.0,32.91,72.13,5.14,0.0,0.0,18,3,21.74,35.43,57.17
26.72,0.0,9.27,80.18,3.41,0.0,0.6,19,3,0.0,6.34,6.34
25.5,0.0,14.41,59.73,3.82,0.0,0.37,20,3,11.76,15.8,27.56
23.95,0.0,9.21,69.94,4.19,0.0,0.68,21,3,0.0,6.84,6.84
25.31,0.0,12.17,60.91,2.56,0.0,1.35,22,3,2.51,20.68,23.19
22.57,0.0,16.78,63.56,1.43,0.0,1.9,23,3,3.49,0.0,3.49
21.55,0.0,24.01,73.89,0.62,0.0,0.0,0,3,0.0,0.0,0.0
18.15,0.0,17.73,83.95,3.38,0.0,2.44,1,3,0.0,0.0,0.0
21.61,0.0,17.98,92.96,2.52,0.0,0.02,2,3,52.53,0.0,52.53
18.62,0.0,33.97,74.89,4.5,0.0,3.14,3,3,0.27,20.27,20.54
20.74,0.0,24.17,73.55,5.05,0.0,0.69,4,3,0.62,62.77,63.4
21.57,0.0,50.03,73.08,3.77,0.0,1.52,5,3,33.48,0.0,33.48
23.99,0.0,38.72,71.52,4.42,0.0,1.32,6,3,18.0,22.73,40.73
21.02,210.22,34.78,75.79,4.08,0.0,0.8,7,3,624.98,22.75,647.72
19.66,411.17,41.84,66.17,0.5,0.0,2.12,8,3,1191.2,10.39,1201.59
25.76,682.63,11.45,46.06,6.11,0.0,2.46,9,3,1958.91,97.57,2056.48
29.48,707.79,37.14,61.47,1.12,0.0,0.99,10,3,2104.19,2.61,2106.8
29.84,942.2,15.53,78.88,3.27,0.0,0.32,11,3,2736.53,2.46,2738.98
29.33,692.06,49.78,64.38,1.54,0.0,0.0,12,3,2015.85,0.0,2015.85
29.07,881.96,27.86,63.05,4.69,0.0,2.35,13,3,2496.71,39.39,2536.11
31.52,850.9,17.34,61.0,2.82,0.0,0.0,14,3,2459.63,27.65,2487.28
29.02,491.64,54.16,58.58,1.22,0.0,1.38,15,3,1427.82,0.0,1427.82
31.03,392.94,35.93,60.97,0.97,0.0,1.78,16,3,1141.01,1.94,1142.96
30.57,242.73,21.71,62.68,2.34,0.0,0.54,17,3,696.17,0.0,696.17
30.61,9.63,56.43,62.59,4.72,0.0,1.88,18,3,10.37,23.74,34.11
32.12,0.0,58.42,61.35,5.06,0.0,1.17,19,3,22.58,30.33,52.9
27.36,0.0,23.04,66.98,1.67,0.0,1.0,20,3,6.44,21.35,27.78
24.72,0.0,4.09,68.84,1.74,0.0,0.0,21,3,0.0,21.45,21.45
24.15,0.0,22.14,79.11,4.27,0.0,0.66,22,3,0.0,1.93,1.93
20.33,0.0,37.42,89.76,7.99,0.0,0.5,23,3,14.8,382.59,397.39
21.02,0.0,20.47,60.26,4.04,0.0,1.93,0,3,38.32,0.0,38.32
20.66,0.0,10.45,69.76,5.02,0.0,1.46,1,3,4.78,40.77,45.55
19.99,0.0,28.17,57.27,4.16,0.0,0.38,2,3,7.27,21.24,28.5
20.83,0.0,17.16,77.99,1.5,0.0,0.0,3,3,3.0,0.0,3.0
19.54,0.0,42.37,85.53,7.7,0.0,1.89,4,3,19.06,320.46,339.52
22.95,0.0,5.79,72.35,1.23,0.0,2.19,5,3,0.0,21.13,21.13
22.07,0.0,53.2,73.5,5.37,0.0,2.21,6,3,7.62,52.84,60.46
23.09,184.13,45.55,66.68,8.86,0.0,1.51,7,3,540.84,587.07,1127.92
23.82,513.89,6.87,71.92,2.79,0.0,0.19,8,3,1533.04,6.25,1539.28
25.83,695.72,12.44,67.4,1.95,0.0,0.54,9,3,2049.32,0.0,2049.32
28.13,808.96,23.5,73.91,4.11,0.0,0.0,10,3,2400.58,3.9,2404.49
26.8,685.19,53.39,83.16,5.67,0.0,1.33,11,3,1980.03,72.61,2052.63
28.15,981.48,14.83,77.68,7.78,0.0,1.83,12,3,2816.82,335.35,3152.17
29.48,926.32,20.3,81.76,4.89,0.0,0.29,13,3,2731.97,47.66,2779.63
28.41,711.68,42.23,70.14,2.88,0.0,0.36,14,3,2098.21,12.88,2111.09
29.37,613.17,28.41,66.45,3.72,0.0,0.0,15,3,1771.48,10.16,1781.64
29.72,453.32,25.32,63.21,5.39,0.0,1.66,16,3,1327.61,49.97,1377.58
31.24,241.13,12.35,64.48,5.6,0.0,2.36,17,3,668.57,61.56,730.12
29.53,29.5,39.55,66.27,1.25,0.0,1.13,18,3,96.55,8.47,105.02
28.39,0.0,52.45,75.52,4.39,0.0,0.5,19,3,0.0,16.17,16.17
28.17,0.0,40.95,63.77,8.33,0.0,0.33,20,3,0.0,477.96,477.96
25.4,0.0,26.16,60.15,5.58,0.0,0.68,21,3,29.22,70.36,99.59
24.89,0.0,31.7,68.89,0.5,0.0,1.97,22,3,0.0,2.45,2.45
22.95,0.0,18.99,64.08,2.27,0.0,0.71,23,3,2.31,0.0,2.31
22.58,0.0,37.58,70.18,3.45,0.0,0.09,0,3,0.0,3.53,3.53
20.52,0.0,36.13,60.58,4.98,0.0,3.18,1,3,7.68,36.34,44.02
17.23,0.0,33.16,78.61,4.05,0.0,0.0,2,3,0.0,11.92,11.92
20.52,0.0,20.39,67.32,1.28,0.0,0.06,3,3,0.0,0.0,0.0
23.03,0.0,25.01,77.33,5.21,0.0,0.3,4,3,40.76,30.14,70.9
22.78,0.0,17.39,68.64,6.08,0.0,1.28,5,3,0.0,93.92,93.92
23.63,0.0,30.89,55.32,2.16,0.0,0.81,6,3,0.0,16.31,16.31
25.08,219.96,22.39,65.66,1.19,0.0,0.62,7,3,641.17,0.0,641.17
24.56,463.08,20.01,68.86,5.63,0.0,1.1,8,3,1373.79,64.97,1438.77
26.02,346.52,78.22,70.44,4.55,1.95,0.01,9,3,1016.11,30.78,1046.89
26.09,831.83,3.74,71.94,5.74,0.0,1.47,10,3,2433.82,73.24,2507.06
27.75,826.38,33.96,59.25,4.11,0.0,1.97,11,3,2368.55,7.63,2376.18
30.18,1015.93,7.6,56.69,3.37,0.0,0.46,12,3,2936.75,0.0,2936.75
31.86,880.74,25.61,60.54,8.17,0.0,1.34,13,3,2501.48,434.07,2935.55
30.34,704.29,41.18,65.02,5.54,0.0,0.9,14,3,2038.15,53.5,2091.65
30.05,689.67,13.24,66.73,3.28,0.0,1.66,15,3,1990.23,0.0,1990.23
30.55,463.01,5.61,69.95,6.94,0.0,1.06,16,3,1314.82,224.07,1538.9
30.95,189.25,34.5,48.45,10.1,0.0,2.09,17,3,528.26,1017.29,1545.56
27.09,11.96,15.05,74.25,2.73,0.0,3.55,18,3,46.62,0.0,46.62
24.78,0.0,11.28,75.82,6.72,0.0,1.82,19,3,0.0,175.19,175.19
26.19,0.0,21.29,74.37,0.97,0.0,1.98,20,3,0.0,0.0,0.0
23.89,0.0,60.2,68.55,2.21,0.0,0.65,21,3,0.0,12.63,12.63
23.67,0.0,19.58,72.64,1.88,0.0,0.51,22,3,14.92,0.0,14.92
23.0,0.0,16.75,75.34,2.99,0.0,1.31,23,3,0.0,0.0,0.0
21.63,0.0,20.98,71.57,4.09,0.0,0.0,0,3,35.19,4.72,39.9
23.69,0.0,9.88,78.18,5.08,0.0,2.13,1,3,11.43,32.44,43.87
21.5,0.0,21.41,63.75,6.87,0.0,1.81,2,3,0.0,190.75,190.75
21.29,0.0,52.98,79.21,1.87,0.0,0.51,3,3,9.43,11.53,20.96
21.95,0.0,11.68,76.62,4.18,0.0,1.67,4,3,16.1,29.57,45.67
19.8,0.0,12.54,87.39,4.05,0.0,3.27,5,3,0.0,31.56,31.56
23.86,0.0,38.44,85.87,3.52,0.0,1.29,6,3,14.23,0.0,14.23
23.23,228.21,41.96,69.59,4.9,0.0,1.79,7,3,653.83,26.48,680.31
25.55,367.34,48.95,80.64,3.82,0.0,1.36,8,3,1071.67,0.0,1071.67
24.23,724.79,4.87,72.35,4.02,0.0,1.38,9,3,2153.78,0.0,2153.78
24.8,841.72,19.18,71.89,6.88,0.0,1.01,10,3,2463.81,184.72,2648.53
29.57,772.29,40.68,66.68,6.31,0.0,3.19,11,3,2158.57,97.14,2255.71
29.94,945.49,8.81,52.36,4.18,0.0,0.0,12,3,2779.85,27.81,2807.66
28.82,725.53,47.85,73.5,1.85,0.0,1.53,13,3,2112.43,0.0,2112.43
29.37,716.58,41.9,52.66,8.03,0.0,0.92,14,3,2063.06,415.31,2478.38
32.53,720.33,8.55,64.0,4.44,0.0,2.23,15,3,2038.04,14.65,2052.69
28.89,468.06,18.54,44.29,5.78,0.0,2.2,16,3,1374.46,67.51,1441.98
32.64,244.11,19.84,58.1,1.07,0.0,1.89,17,3,695.17,0.0,695.17
28.03,0.0,33.32,65.29,6.78,0.0,0.24,18,3,0.0,190.51,190.51
29.3,0.0,21.48,68.96,4.89,0.0,2.48,19,3,34.18,6.78,40.96
26.64,0.0,14.42,78.64,4.84,0.0,0.71,20,3,0.86,20.37,21.23
26.75,0.0,55.15,66.3,1.54,0.0,2.31,21,3,50.16,13.08,63.24
23.73,0.0,18.15,60.55,5.03,0.0,1.45,22,3,0.0,34.27,34.27
23.1,0.0,25.31,67.7,1.27,0.0,1.34,23,3,28.97,0.0,28.97
22.49,0.0,35.35,73.91,1.08,0.0,0.7,0,3,52.98,0.0,52.98
20.13,0.0,18.69,76.08,2.82,0.0,0.0,1,3,0.0,15.44,15.44
22.24,0.0,36.02,58.4,0.69,0.0,3.02,2,3,0.0,0.0,0.0
20.19,0.0,20.33,70.67,1.88,0.0,1.48,3,3,0.0,1.58,1.58
20.79,0.0,60.81,69.79,5.12,0.0,0.68,4,3,35.55,53.27,88.82
20.14,0.0,16.46,73.17,6.04,0.0,1.59,5,3,0.0,93.15,93.15
18.58,0.0,20.83,81.5,2.0,0.0,0.7,6,3,29.26,0.0,29.26
23.17,220.31,44.9,64.88,5.92,0.0,0.22,7,3,657.75,98.67,756.41
28.29,373.9,48.16,73.59,3.64,0.0,0.43,8,3,1086.26,5.44,1091.7
27.14,624.28,25.42,72.34,8.01,0.0,0.61,9,3,1824.31,409.81,2234.12
27.23,533.53,61.44,49.6,1.74,0.0,0.53,10,3,1600.89,0.0,1600.89
28.07,962.74,6.84,61.98,1.06,0.0,1.28,11,3,2810.16,0.0,2810.16
29.53,912.44,24.75,65.26,6.15,0.0,2.28,12,3,2582.91,108.45,2691.36
31.11,908.03,20.14,73.75,3.02,0.0,1.45,13,3,2645.21,0.0,2645.21
29.02,750.34,27.48,54.59,3.52,0.0,0.93,14,3,2192.59,0.0,2192.59
32.63,631.79,15.0,46.05,3.81,0.0,0.0,15,3,1856.3,18.72,1875.02
31.86,455.73,28.31,62.55,5.94,0.0,1.54,16,3,1360.28,81.25,1441.53
31.37,276.97,9.7,53.3,1.27,0.0,0.38,17,3,825.92,5.89,831.81
30.15,0.0,24.0,62.23,4.03,0.0,1.34,18,3,26.28,6.27,32.55
28.49,0.0,23.88,58.98,3.38,0.0,1.53,19,3,0.0,0.0,0.0
28.26,0.0,29.71,72.45,2.9,0.0,0.75,20,3,2.62,0.0,2.62
26.85,0.0,24.45,72.72,2.94,0.0,0.26,21,3,0.0,0.0,0.0
24.14,0.0,18.98,65.19,7.34,0.0,1.43,22,3,0.0,262.73,262.73
22.6,0.0,13.09,83.97,2.51,0.0,0.0,23,3,8.53,0.0,8.53
22.7,0.0,33.89,72.27,3.5,0.0,3.34,0,3,0.0,5.29,5.29
24.07,0.0,18.56,72.76,3.71,0.0,1.12,1,3,28.02,25.08,53.1
19.39,0.0,38.12,70.43,5.08,0.0,1.63,2,3,14.03,14.21,28.25
18.88,0.0,19.31,70.45,3.85,0.0,0.95,3,3,4.5,0.0,4.5
21.5,0.0,11.46,85.47,4.43,0.0,0.26,4,3,10.09,28.76,38.85
21.83,0.0,7.37,73.74,3.21,0.0,3.01,5,3,0.0,14.31,14.31
22.8,0.0,15.39,73.45,5.07,0.0,0.0,6,3,0.0,40.39,40.39
23.95,159.35,58.66,66.17,3.56,0.0,1.05,7,3,431.2,0.0,431.2
24.45,462.17,8.28,71.84,2.26,0.0,0.81,8,3,1352.88,0.0,1352.88
28.31,657.73,11.66,65.17,5.86,0.0,0.64,9,3,1960.1,92.9,2053.01
24.97,781.54,24.35,68.89,5.42,0.0,0.35,10,3,2307.18,74.52,2381.7
27.34,907.92,16.44,79.4,4.47,0.0,0.7,11,3,2656.2,38.5,2694.7
29.46,899.7,23.82,64.72,3.87,0.0,1.56,12,3,2642.53,0.0,2642.53
27.95,835.62,34.52,56.41,2.18,0.0,1.29,13,3,2420.74,3.63,2424.37
30.65,598.39,53.28,66.21,6.41,0.0,1.43,14,3,1659.42,139.6,1799.01
33.57,670.44,18.45,55.77,1.44,0.0,0.72,15,3,1911.32,0.0,1911.32
30.94,313.46,62.78,53.76,3.13,0.0,1.9,16,3,872.98,3.92,876.9
30.76,185.07,49.42,56.37,6.23,0.0,0.0,17,3,538.32,91.09,629.41
27.73,0.0,15.3,74.45,4.28,0.0,0.89,18,3,3.61,9.16,12.77
27.66,0.0,50.5,57.59,3.42,0.0,0.79,19,3,51.19,13.99,65.18
26.81,0.0,13.66,59.0,5.63,0.0,0.79,20,3,4.49,88.21,92.71
25.6,0.0,8.42,68.78,9.61,0.0,0.79,21,3,0.0,835.38,835.38
26.71,0.0,11.69,64.32,2.06,0.0,0.88,22,3,0.0,28.51,28.51
24.42,0.0,21.35,61.86,1.03,0.0,1.66,23,3,0.0,0.0,0.0
21.0,0.0,3.62,81.16,3.55,0.0,0.56,0,3,23.05,0.0,23.05
22.24,0.0,11.65,68.94,2.62,0.0,0.59,1,3,26.89,13.08,39.97
22.12,0.0,5.41,62.1,4.72,0.0,2.24,2,3,0.0,27.78,27.78
22.91,0.0,63.75,73.9,3.72,0.0,1.99,3,3,1.13,0.0,1.13
23.74,0.0,19.25,77.03,3.74,0.0,1.09,4,3,0.0,3.25,3.25
20.35,0.0,36.62,78.35,2.98,0.0,1.22,5,3,0.0,0.0,0.0
21.45,30.37,17.36,78.53,2.19,0.0,0.0,6,3,104.07,21.89,125.96
21.81,232.89,24.52,77.96,2.21,0.0,0.82,7,3,700.82,11.36,712.18
24.55,465.23,7.21,67.4,3.15,0.0,1.67,8,3,1346.23,0.0,1346.23
26.9,676.29,14.67,63.01,4.82,0.0,1.65,9,3,2007.48,29.38,2036.85
28.97,747.47,29.11,58.86,2.89,0.0,0.0,10,3,2222.87,0.0,2222.87
28.59,985.67,6.96,64.64,2.83,0.0,0.0,11,3,2941.05,20.68,2961.73
29.25,940.3,16.02,50.81,3.35,0.0,1.73,12,3,2700.51,0.0,2700.51
30.76,842.23,27.52,52.85,9.75,0.0,2.08,13,3,2395.04,877.62,3272.66
29.78,888.26,9.74,73.9,1.39,0.0,1.78,14,3,2559.39,0.0,2559.39
34.33,521.62,51.06,64.97,2.66,0.0,3.05,15,3,1441.8,8.85,1450.65
28.62,450.6,22.19,65.9,2.64,0.0,2.4,16,3,1301.65,3.31,1304.96
30.81,255.46,35.13,74.25,8.62,0.0,0.3,17,3,766.63,523.39,1290.02
32.77,26.18,21.57,62.73,3.25,0.0,2.38,18,3,40.04,0.0,40.04
28.71,0.0,31.0,64.77,4.12,0.0,0.25,19,3,1.83,40.16,42.0
27.21,0.0,16.59,55.52,2.11,0.0,1.42,20,3,0.0,19.2,19.2
25.66,0.0,10.12,65.98,0.51,0.0,0.0,21,3,0.0,0.29,0.29
24.63,0.0,9.74,77.27,2.9,0.0,2.1,22,3,22.3,13.25,35.55
25.76,0.0,33.64,72.57,4.54,0.0,0.58,23,3,10.33,14.06,24.39
19.46,0.0,21.9,91.3,4.88,0.0,3.35,0,3,23.88,31.98,55.86
24.29,0.0,15.48,70.05,5.33,0.0,1.38,1,3,0.69,68.94,69.63
19.35,0.0,8.31,55.3,6.32,0.0,1.02,2,3,0.0,131.06,131.06
20.92,0.0,21.56,76.98,1.58,0.0,0.17,3,3,14.1,0.0,14.1
20.84,0.0,22.96,54.4,1.32,0.0,1.5,4,3,20.39,0.0,20.39
22.87,0.0,33.08,67.72,5.6,0.0,1.4,5,3,0.0,73.82,73.82
20.38,13.68,33.0,81.68,3.4,0.0,0.43,6,3,50.5,11.29,61.78
24.51,209.74,46.3,83.06,7.72,0.0,2.65,7,3,594.27,352.1,946.37
28.06,497.03,5.06,57.05,7.63,0.0,0.37,8,3,1454.9,300.93,1755.83
24.27,640.22,30.33,73.06,1.76,0.0,0.0,9,3,1939.92,6.79,1946.71
27.9,785.43,19.82,78.13,4.88,0.0,0.9,10,3,2302.76,17.42,2320.18
27.82,913.52,21.47,66.38,1.19,0.0,1.04,11,3,2668.45,0.0,2668.45
30.49,961.75,16.59,57.48,3.23,0.0,0.77,12,3,2747.54,4.17,2751.71
30.68,922.0,7.67,76.96,6.11,0.0,1.69,13,3,2625.35,92.51,2717.86
30.18,817.19,14.46,70.71,3.54,0.0,1.19,14,3,2371.32,0.31,2371.64
32.05,678.05,23.14,61.07,0.83,0.0,2.45,15,3,1924.86,0.0,1924.86
33.85,444.82,31.31,46.15,2.36,0.0,2.21,16,3,1240.76,0.0,1240.76
30.36,218.34,33.81,59.72,1.35,0.0,1.77,17,3,617.42,11.57,628.99
30.93,6.58,10.27,56.04,3.26,0.0,1.8,18,3,0.0,0.0,0.0
26.88,0.0,24.62,53.0,4.92,0.0,0.0,19,3,0.0,28.1,28.1
26.18,0.0,30.02,78.38,4.68,0.0,1.83,20,3,0.0,11.16,11.16
27.03,0.0,25.7,71.15,5.07,0.0,1.77,21,3,4.05,72.38,76.44
27.25,0.0,3.19,60.62,3.13,0.0,2.62,22,3,16.68,0.0,16.68
24.35,0.0,26.06,65.1,2.5,0.0,0.44,23,3,20.25,0.0,20.25
22.43,0.0,17.71,68.42,1.09,0.0,0.3,0,4,0.0,5.05,5.05
22.1,0.0,18.17,64.49,7.58,0.0,0.64,1,4,1.44,309.42,310.86
19.73,0.0,44.36,95.0,1.6,0.0,1.03,2,4,0.0,0.0,0.0
22.34,0.0,41.24,66.46,1.99,0.0,0.0,3,4,5.84,0.0,5.84
22.93,0.0,18.22,68.91,0.72,0.0,0.0,4,4,7.81,9.06,16.87
21.43,0.0,21.06,67.78,2.78,0.0,0.43,5,4,0.0,0.0,0.0
22.2,21.58,10.6,58.03,5.88,0.0,0.0,6,4,117.85,98.0,215.86
24.33,293.41,7.86,59.94,2.86,0.0,0.0,7,4,890.84,0.35,891.18
24.49,415.6,43.91,78.09,4.71,0.0,0.34,8,4,1219.83,29.81,1249.64
26.34,531.08,52.56,64.79,8.26,0.0,1.09,9,4,1549.49,442.05,1991.55
30.88,716.55,41.41,65.26,6.72,0.0,0.78,10,4,2048.09,186.2,2234.29
28.57,603.93,63.49,68.38,2.0,0.0,1.77,11,4,1735.37,0.0,1735.37
29.43,907.4,29.42,67.36,3.0,0.0,0.0,12,4,2674.08,0.0,2674.08
29.79,875.16,24.06,57.7,5.31,0.0,1.93,13,4,2514.73,30.25,2544.98
32.38,733.07,32.53,73.66,8.77,0.0,0.76,14,4,2100.1,563.24,2663.34
31.16,638.76,28.4,68.97,5.05,0.0,2.59,15,4,1858.9,22.97,1881.87
30.29,469.5,27.91,66.46,2.43,0.0,1.16,16,4,1338.96,5.01,1343.97
32.75,231.12,25.01,61.71,1.7,0.0,0.96,17,4,649.49,0.0,649.49
32.1,0.0,26.95,49.46,3.72,0.0,0.79,18,4,0.19,8.25,8.43
28.04,0.0,36.87,71.99,2.08,0.0,1.27,19,4,0.0,22.19,22.19
24.93,0.0,11.66,68.03,2.29,0.0,2.05,20,4,20.32,11.28,31.6
27.95,0.0,39.79,58.98,4.51,0.0,1.83,21,4,0.0,0.66,0.66
24.11,0.0,35.33,61.89,3.83,0.0,1.27,22,4,15.58,12.37,27.95
25.12,0.0,5.07,76.71,1.61,0.0,0.84,23,4,0.0,15.4,15.4
20.06,0.0,30.63,63.75,1.84,0.0,1.17,0,4,46.48,0.0,46.48
23.56,0.0,41.58,67.53,0.63,0.0,3.16,1,4,0.0,20.84,20.84
19.91,0.0,13.95,76.39,2.24,0.0,1.66,2,4,34.24,2.8,37.04
22.65,0.0,37.74,70.64,6.65,0.0,2.08,3,4,6.06,177.01,183.08
21.75,0.0,49.7,76.24,5.65,0.0,1.64,4,4,14.67,63.58,78.24
20.79,0.0,28.76,83.45,3.29,0.0,1.43,5,4,0.0,6.15,6.15
22.41,0.0,37.07,77.06,5.24,0.0,0.0,6,4,0.0,43.43,43.43
25.08,257.75,9.52,69.42,3.25,0.0,0.02,7,4,768.23,2.21,770.44
25.42,393.37,41.29,64.93,5.64,0.0,1.07,8,4,1180.57,79.79,1260.36
27.43,623.35,27.81,54.62,2.02,0.0,1.09,9,4,1812.79,0.0,1812.79
30.81,638.12,47.28,61.51,1.83,0.0,1.29,10,4,1876.01,0.0,1876.01
26.71,754.09,40.58,63.95,1.28,0.0,1.63,11,4,2187.13,30.65,2217.79
32.51,917.36,25.93,64.21,2.37,0.0,0.0,12,4,2620.52,15.65,2636.17
31.04,879.69,27.8,60.66,1.79,0.0,1.21,13,4,2520.81,7.73,2528.53
30.03,795.37,19.83,71.27,5.7,0.0,1.14,14,4,2302.08,78.61,2380.68
29.56,637.16,28.32,60.01,2.36,0.0,1.5,15,4,1848.89,14.33,1863.21
31.1,340.26,52.31,57.2,3.83,0.0,0.0,16,4,992.36,0.0,992.36
32.27,250.19,25.04,63.66,5.35,0.0,1.06,17,4,773.23,64.08,837.32
29.9,0.0,52.03,63.98,4.78,0.0,0.0,18,4,10.63,12.08,22.71
31.32,0.0,52.96,64.45,2.15,0.0,0.0,19,4,0.0,0.0,0.0
25.67,0.0,13.62,67.14,1.27,0.0,2.91,20,4,0.0,0.0,0.0
26.54,0.0,23.11,67.37,7.01,0.0,0.87,21,4,35.57,236.22,271.79
23.38,0.0,16.69,68.57,4.44,0.0,0.0,22,4,0.0,38.49,38.49
24.6,0.0,44.24,70.54,4.98,0.0,0.0,23,4,12.88,40.75,53.63
24.47,0.0,26.07,79.53,3.14,0.0,0.74,0,4,28.06,0.0,28.06
21.71,0.0,27.93,68.88,2.37,0.0,2.65,1,4,0.0,0.0,0.0
17.93,0.0,43.12,72.63,3.91,0.0,0.94,2,4,0.0,23.98,23.98
21.97,0.0,61.85,75.19,1.28,0.0,1.53,3,4,35.31,0.0,35.31
22.5,0.0,61.68,70.52,5.71,0.0,0.23,4,4,0.0,86.19,86.19
22.95,0.0,22.29,82.76,4.64,0.0,0.18,5,4,18.61,29.96,48.57
24.99,0.0,54.08,74.61,5.39,0.0,1.08,6,4,31.14,87.52,118.65
22.56,201.65,37.71,78.77,4.13,0.0,0.8,7,4,587.53,0.95,588.47
26.4,404.35,38.9,74.89,4.18,0.0,0.85,8,4,1225.02,14.95,1239.97
28.46,398.17,63.92,59.6,4.31,0.0,1.23,9,4,1157.4,0.0,1157.4
25.3,842.74,11.07,69.54,5.57,0.0,1.7,10,4,2448.0,64.23,2512.24
29.65,895.24,23.54,68.84,2.27,0.0,0.0,11,4,2618.54,4.42,2622.95
29.45,718.27,52.78,63.7,4.81,0.0,0.5,12,4,2126.66,38.99,2165.66
30.88,896.33,22.22,54.77,4.04,0.0,1.67,13,4,2552.47,0.0,2552.47
32.02,732.21,34.35,68.0,3.72,0.0,0.37,14,4,2126.86,12.8,2139.67
30.94,670.86,18.8,60.48,3.97,0.0,2.48,15,4,1900.21,0.0,1900.21
30.49,483.88,21.53,64.83,2.54,0.0,1.7,16,4,1342.86,0.0,1342.86
31.05,265.27,37.08,66.4,0.87,0.0,0.19,17,4,771.8,5.95,777.75
28.58,0.0,42.14,76.81,5.37,0.0,0.41,18,4,23.63,31.05,54.68
27.54,0.0,19.44,67.58,7.09,0.0,0.63,19,4,0.0,218.99,218.99
28.98,0.0,41.89,48.09,3.64,0.0,0.15,20,4,0.0,8.86,8.86
24.95,0.0,24.47,70.52,6.07,0.0,0.46,21,4,0.0,103.72,103.72
26.38,0.0,40.07,69.6,4.05,0.0,0.0,22,4,1.73,6.25,7.99
24.86,0.0,27.26,55.82,7.34,0.0,0.79,23,4,4.87,279.64,284.51
20.66,0.0,33.69,85.98,3.79,0.0,1.46,0,4,14.69,0.0,14.69
21.44,0.0,26.22,52.09,2.15,0.0,1.56,1,4,29.66,0.0,29.66
23.75,0.0,8.22,75.14,6.43,0.0,1.2,2,4,15.85,126.03,141.88
20.32,0.0,22.22,62.37,5.71,0.0,0.0,3,4,0.0,90.87,90.87
21.26,0.0,28.61,82.04,3.21,0.0,1.26,4,4,2.88,0.0,2.88
23.15,0.0,25.17,75.74,6.11,0.0,0.53,5,4,26.28,126.01,152.29
24.43,20.28,66.47,81.49,0.5,0.0,1.14,6,4,68.76,10.95,79.71
23.91,197.9,41.81,74.45,5.71,0.0,0.22,7,4,609.89,87.87,697.76
24.6,434.14,33.95,72.32,4.86,0.0,0.11,8,4,1308.44,20.94,1329.38
28.92,594.53,28.27,61.67,3.11,0.0,0.71,9,4,1729.15,0.0,1729.15
30.69,857.52,6.26,48.29,5.64,0.0,2.04,10,4,2403.12,110.86,2513.98
30.76,866.02,27.32,79.54,1.66,0.0,0.0,11,4,2526.41,19.13,2545.54
30.45,781.38,40.54,58.59,2.15,0.0,1.64,12,4,2243.09,25.28,2268.36
29.91,905.69,17.77,65.81,3.93,0.0,2.12,13,4,2573.67,0.0,2573.67
30.37,847.18,17.66,55.97,6.57,0.0,0.0,14,4,2478.84,155.49,2634.33
32.57,685.12,11.7,51.33,1.68,0.0,0.62,15,4,1963.79,14.51,1978.31
32.24,494.02,13.44,60.78,4.1,0.0,0.15,16,4,1443.1,25.19,1468.29
33.22,167.12,80.23,62.47,5.32,1.24,0.31,17,4,495.41,68.14,563.56
31.3,0.0,41.67,75.5,5.25,0.0,0.73,18,4,0.0,58.59,58.59
27.03,0.0,34.52,74.61,4.47,0.0,1.15,19,4,1.18,24.32,25.5
29.66,0.0,34.15,65.66,7.57,0.0,0.56,20,4,19.48,311.77,331.26
25.29,0.0,60.91,68.17,3.65,0.0,0.0,21,4,36.79,15.59,52.39
24.92,0.0,48.7,71.86,6.56,0.0,0.0,22,4,24.83,151.34,176.17
24.66,0.0,5.29,67.31,4.42,0.0,0.8,23,4,15.35,35.94,51.29
26.36,0.0,14.9,69.44,5.2,0.0,0.97,0,4,0.0,60.69,60.69
27.24,0.0,36.01,59.95,3.56,0.0,0.44,1,4,8.12,2.68,10.8
22.98,0.0,30.91,66.99,1.93,0.0,0.0,2,4,23.57,2.02,25.59
21.63,0.0,28.66,72.63,1.53,0.0,0.11,3,4,0.0,0.0,0.0
22.88,0.0,10.69,74.14,4.82,0.0,1.04,4,4,0.0,15.72,15.72
23.91,0.0,23.57,69.37,3.09,0.0,0.0,5,4,5.58,7.01,12.59
22.89,47.61,38.92,73.08,4.12,0.0,0.77,6,4,103.72,33.89,137.61
27.1,216.65,19.66,59.19,5.27,0.0,0.0,7,4,633.49,40.79,674.29
25.95,466.8,9.3,58.25,5.59,0.0,0.0,8,4,1380.11,83.07,1463.18
27.65,544.75,43.45,65.42,3.8,0.0,2.04,9,4,1577.69,21.72,1599.42
29.2,852.05,8.91,50.47,2.77,0.0,0.0,10,4,2504.83,6.65,2511.49
30.04,751.49,42.61,69.84,5.5,0.0,2.59,11,4,2125.34,54.99,2180.33
31.7,925.78,24.7,49.97,3.3,0.0,0.9,12,4,2652.22,5.71,2657.93
30.31,871.31,24.71,59.51,7.48,0.0,2.55,13,4,2467.26,270.7,2737.96
30.9,695.35,38.71,65.95,5.94,0.0,0.0,14,4,2035.34,80.85,2116.19
30.25,639.55,19.79,70.02,5.27,0.0,2.48,15,4,1781.35,60.88,1842.23
32.39,355.23,53.29,65.27,2.36,0.0,0.85,16,4,1027.49,6.54,1034.03
32.4,256.55,15.17,64.0,3.02,0.0,0.83,17,4,745.67,0.0,745.67
31.13,18.15,38.32,82.23,6.19,0.0,0.16,18,4,73.5,93.17,166.67
31.92,0.0,18.11,52.27,0.69,0.0,0.8,19,4,17.42,22.48,39.91
28.19,0.0,32.01,67.68,5.55,0.0,1.35,20,4,22.88,69.27,92.15
27.91,0.0,30.75,70.58,3.24,0.0,0.02,21,4,0.0,0.0,0.0
23.97,0.0,35.36,73.09,5.7,0.0,0.1,22,4,11.47,69.46,80.92
23.82,0.0,10.83,66.7,4.03,0.0,1.33,23,4,0.0,17.15,17.15
24.53,0.0,47.25,73.93,3.89,0.0,0.98,0,4,0.0,8.58,8.58
23.96,0.0,41.85,74.04,4.95,0.0,0.0,1,4,0.0,35.77,35.77
21.75,0.0,33.93,82.86,5.77,0.0,1.64,2,4,0.0,50.7,50.7
21.91,0.0,17.75,76.49,4.89,0.0,1.73,3,4,8.93,56.14,65.07
19.91,0.0,17.72,59.9,3.48,0.0,0.0,4,4,5.5,22.68,28.19
22.15,0.0,46.78,78.73,2.8,0.0,0.0,5,4,0.0,3.51,3.51
24.82,0.0,12.48,66.01,6.15,0.0,0.0,6,4,34.24,130.19,164.43
25.38,202.58,20.58,67.02,3.86,0.0,2.44,7,4,587.65,36.09,623.74
26.48,355.5,58.2,58.08,5.57,0.0,0.26,8,4,1023.0,61.85,1084.85
27.09,653.23,21.59,67.58,10.51,0.0,1.41,9,4,1932.39,1197.05,3129.44
28.32,756.27,34.83,80.8,4.57,0.0,2.11,10,4,2149.89,21.38,2171.27
28.53,897.94,22.06,73.3,2.57,0.0,1.68,11,4,2597.71,0.0,2597.71
31.6,679.06,57.1,51.6,6.37,0.0,0.92,12,4,1964.4,119.52,2083.92
31.98,648.17,59.75,59.03,2.54,0.0,1.92,13,4,1804.64,7.35,1811.98
32.59,654.09,47.36,67.97,2.47,0.0,0.0,14,4,1936.3,3.94,1940.24
31.23,577.6,31.26,60.09,1.25,0.0,1.52,15,4,1714.39,30.01,1744.39
28.62,443.53,30.05,48.28,1.29,0.0,0.73,16,4,1271.42,4.89,1276.31
33.0,229.96,41.07,55.04,6.34,0.0,0.71,17,4,670.56,162.3,832.86
29.84,0.0,43.51,74.24,2.3,0.0,1.16,18,4,7.6,0.0,7.6
28.23,0.0,27.26,77.19,1.53,0.0,2.22,19,4,6.1,0.0,6.1
29.35,0.0,43.43,62.36,2.97,0.0,1.99,20,4,49.4,2.32,51.72
26.43,0.0,32.21,65.09,5.03,0.0,0.69,21,4,5.63,54.98,60.61
27.32,0.0,9.15,47.87,2.9,0.0,1.25,22,4,12.54,0.0,12.54
25.44,0.0,18.6,67.7,2.74,0.0,0.09,23,4,26.67,12.27,38.94
24.62,0.0,35.71,64.88,3.68,0.0,0.67,0,4,45.74,23.96,69.7
20.76,0.0,34.77,58.94,0.66,0.0,1.32,1,4,0.0,20.78,20.78
24.12,0.0,35.58,62.43,3.7,0.0,1.19,2,4,0.0,34.82,34.82
22.53,0.0,59.13,61.48,9.66,0.0,1.39,3,4,8.88,833.52,842.4
21.75,0.0,8.48,73.36,5.7,0.0,1.25,4,4,0.0,70.57,70.57
23.02,0.0,34.41,83.78,1.22,0.0,0.51,5,4,26.73,32.36,59.09
20.93,0.0,49.42,72.66,4.64,0.0,0.38,6,4,3.06,11.31,14.36
25.25,208.9,34.67,70.79,3.54,0.0,0.71,7,4,593.48,0.0,593.48
24.3,471.14,18.45,89.55,5.95,0.0,1.32,8,4,1382.98,95.77,1478.75
25.11,696.75,13.68,53.63,1.45,0.0,1.25,9,4,2024.67,24.59,2049.26
26.15,841.64,10.94,69.16,2.32,0.0,1.47,10,4,2450.25,0.0,2450.25
31.3,908.11,20.26,70.59,5.63,0.0,1.06,11,4,2561.24,52.42,2613.66
29.73,876.29,34.56,65.83,6.19,0.0,0.99,12,4,2562.5,107.63,2670.14
33.77,875.65,25.9,45.47,3.91,0.0,0.26,13,4,2513.31,26.41,2539.72
31.16,476.43,69.58,77.04,0.63,0.0,1.21,14,4,1345.55,5.46,1351.01
29.57,704.25,10.02,70.22,6.74,0.0,2.17,15,4,2002.75,140.79,2143.54
30.29,443.91,24.39,64.8,3.13,0.0,0.0,16,4,1333.74,2.26,1336.0
33.32,243.44,13.5,47.96,0.91,0.0,1.32,17,4,707.82,0.0,707.82
30.44,11.27,7.53,80.81,5.88,0.0,2.01,18,4,79.38,100.53,179.91
28.81,0.0,72.7,69.12,3.31,0.0,0.11,19,4,0.0,2.22,2.22
28.67,0.0,50.23,68.16,2.07,0.0,1.21,20,4,0.0,3.46,3.46
27.89,0.0,29.72,70.22,5.72,0.0,0.72,21,4,0.0,77.39,77.39
27.52,0.0,43.18,73.64,3.52,0.0,0.0,22,4,40.42,0.0,40.42
26.81,0.0,15.55,67.74,4.35,0.0,0.99,23,4,19.48,18.99,38.48
23.17,0.0,14.33,70.25,5.92,0.0,1.37,0,4,20.91,84.1,105.01
20.93,0.0,3.3,55.95,3.87,0.0,1.75,1,4,0.0,7.3,7.3
21.8,0.0,40.74,66.56,1.54,0.0,1.18,2,4,0.0,28.41,28.41
22.64,0.0,51.67,87.68,8.2,0.0,0.0,3,4,0.0,421.37,421.37
20.97,0.0,21.97,67.19,2.61,0.0,2.25,4,4,9.79,0.0,9.79
21.48,0.0,8.53,70.84,10.22,0.0,0.07,5,4,19.57,1071.53,1091.1
24.23,20.82,39.62,60.7,0.5,0.0,0.0,6,4,62.11,0.0,62.11
24.68,206.08,34.46,73.47,3.66,0.0,1.54,7,4,576.6,17.3,593.91
26.0,409.76,37.98,65.75,4.97,0.0,1.86,8,4,1172.06,40.22,1212.28
26.11,623.86,17.29,65.34,6.92,0.0,0.04,9,4,1877.7,217.53,2095.23
28.2,756.73,23.63,58.76,5.54,0.0,0.0,10,4,2275.77,32.31,2308.08
28.36,719.27,49.42,68.3,2.45,0.0,2.17,11,4,2071.17,14.79,2085.96
32.12,986.48,13.01,72.23,2.38,0.0,0.0,12,4,2864.05,1.76,2865.81
33.13,766.48,40.36,45.7,2.99,0.0,0.0,13,4,2209.15,6.76,2215.91
29.31,801.7,28.14,61.4,1.54,0.0,1.35,14,4,2308.05,0.0,2308.05
30.85,638.45,31.64,60.68,4.74,0.0,0.13,15,4,1904.18,14.82,1919.0
29.83,411.95,43.01,57.09,7.58,0.0,0.77,16,4,1183.72,310.6,1494.32
30.6,183.89,62.8,71.53,4.56,0.0,0.0,17,4,517.62,11.67,529.29
30.66,26.29,26.49,71.56,3.93,0.0,1.23,18,4,64.69,6.64,71.33
27.57,0.0,8.79,67.75,3.76,0.0,0.38,19,4,2.92,7.69,10.61
27.16,0.0,3.22,60.98,4.26,0.0,1.3,20,4,0.0,12.06,12.06
25.74,0.0,46.75,77.29,5.01,0.0,2.24,21,4,0.0,29.16,29.16
26.27,0.0,19.54,65.12,5.66,0.0,2.73,22,4,11.4,88.08,99.48
24.85,0.0,27.0,77.0,4.93,0.0,1.99,23,4,0.0,19.14,19.14
22.74,0.0,5.69,91.25,4.97,0.0,1.22,0,4,0.0,17.7,17.7
23.3,0.0,13.94,71.05,7.83,0.0,1.22,1,4,0.0,329.26,329.26
21.71,0.0,20.47,74.21,6.82,0.0,0.0,2,4,9.98,154.85,164.83
21.96,0.0,45.74,67.07,5.93,0.0,1.29,3,4,0.0,91.43,91.43
25.04,0.0,22.83,77.1,0.95,0.0,0.54,4,4,0.0,0.0,0.0
25.04,0.0,57.94,70.64,4.73,0.0,1.7,5,4,12.23,0.0,12.23
21.88,48.91,12.8,62.69,3.51,0.0,0.85,6,4,206.12,3.08,209.19
26.11,234.31,9.06,61.96,4.41,0.0,2.16,7,4,673.3,27.65,700.95
27.29,446.08,25.21,81.92,4.85,0.0,0.0,8,4,1335.93,21.25,1357.18
25.64,650.43,24.07,66.27,5.04,0.0,1.7,9,4,1893.6,36.83,1930.43
29.88,813.38,16.08,54.37,6.42,0.0,2.08,10,4,2307.28,147.24,2454.52
32.17,849.83,31.68,61.9,6.98,0.0,0.96,11,4,2455.92,201.07,2656.99
29.21,934.05,22.52,59.69,4.35,0.0,0.92,12,4,2709.35,12.98,2722.34
30.32,935.34,19.3,61.14,6.74,0.0,0.96,13,4,2682.44,185.13,2867.57
33.72,671.54,46.43,62.87,5.41,0.0,1.63,14,4,1897.35,56.37,1953.72
32.77,552.19,42.76,62.38,2.14,0.0,2.36,15,4,1516.37,3.36,1519.73
33.02,428.39,38.32,59.65,0.85,0.0,0.69,16,4,1253.41,1.9,1255.31
32.2,154.94,65.57,55.45,0.5,0.0,1.86,17,4,459.3,7.84,467.14
31.48,0.0,18.95,46.97,4.23,0.0,0.52,18,4,26.97,0.0,26.97
27.87,0.0,38.35,80.92,3.86,0.0,1.16,19,4,0.0,8.47,8.47
30.23,0.0,52.02,77.61,4.91,0.0,0.72,20,4,0.0,39.92,39.92
29.12,0.0,35.77,64.25,6.12,0.0,1.49,21,4,55.42,115.51,170.93
25.72,0.0,52.22,74.81,1.91,0.0,1.04,22,4,0.0,21.09,21.09
24.8,0.0,19.82,68.98,6.27,0.0,0.06,23,4,0.0,110.12,110.12
21.64,0.0,32.47,66.85,1.45,0.0,0.31,0,4,0.0,0.0,0.0
23.92,0.0,31.32,70.89,6.59,0.0,1.79,1,4,0.0,186.66,186.66
23.5,0.0,10.37,71.92,6.2,0.0,0.36,2,4,0.0,131.46,131.46
22.38,0.0,28.06,84.06,4.92,0.0,0.03,3,4,0.0,20.84,20.84
24.33,0.0,14.79,70.56,2.69,0.0,1.71,4,4,0.0,0.0,0.0
22.64,0.0,46.93,85.46,1.41,0.0,1.86,5,4,0.0,0.0,0.0
24.79,17.43,15.04,67.97,5.52,0.0,0.19,6,4,38.03,48.64,86.67
23.45,159.8,59.18,66.33,2.23,0.0,0.25,7,4,398.94,0.0,398.94
26.15,389.51,49.62,79.54,3.43,0.0,1.34,8,4,1112.18,0.0,1112.18
27.21,709.13,7.2,77.5,3.91,0.0,1.9,9,4,2048.66,0.0,2048.66
29.11,840.45,14.07,64.69,4.84,0.0,0.61,10,4,2444.42,45.39,2489.81
29.42,890.45,19.88,66.43,3.68,0.0,0.73,11,4,2571.53,3.14,2574.68
30.81,812.53,37.07,64.31,4.9,0.0,0.29,12,4,2365.9,29.15,2395.04
33.04,697.67,54.11,61.04,5.84,0.0,2.53,13,4,1941.62,94.66,2036.28
31.65,731.17,30.86,58.05,5.03,0.0,1.06,14,4,2116.42,37.25,2153.67
30.07,477.13,55.99,82.09,2.68,0.0,1.25,15,4,1380.84,8.42,1389.26
34.93,466.3,21.97,53.88,6.75,0.0,0.81,16,4,1322.43,176.35,1498.78
33.88,277.8,28.36,62.79,4.02,0.0,0.79,17,4,767.27,0.0,767.27
29.07,14.35,23.37,65.64,3.56,0.0,1.84,18,4,36.56,0.0,36.56
31.01,0.0,49.52,41.64,4.16,0.0,1.09,19,4,0.0,0.0,0.0
28.02,0.0,23.59,66.32,3.66,0.0,1.93,20,4,49.74,11.28,61.01
27.87,0.0,53.51,63.3,5.34,0.0,1.93,21,4,0.0,29.32,29.32
26.62,0.0,34.23,62.6,3.32,0.0,0.6,22,4,1.82,0.0,1.82
24.62,0.0,14.72,61.14,5.51,0.0,0.26,23,4,0.0,69.68,69.68
22.88,0.0,34.53,85.97,5.38,0.0,0.37,0,4,0.0,32.18,32.18
22.22,0.0,23.82,63.43,2.56,0.0,0.0,1,4,2.59,4.15,6.74
21.38,0.0,41.26,71.81,1.43,0.0,2.63,2,4,0.0,0.0,0.0
21.34,0.0,47.71,69.21,6.21,0.0,1.08,3,4,16.38,126.8,143.19
22.66,0.0,45.34,63.35,1.94,0.0,2.49,4,4,20.57,2.73,23.31
22.18,0.0,33.98,78.52,0.8,0.0,2.66,5,4,0.0,0.0,0.0
25.08,0.0,21.69,72.47,3.23,0.0,1.82,6,4,14.6,21.13,35.74
27.32,184.67,28.66,62.23,2.44,0.0,0.81,7,4,585.69,25.98,611.67
25.42,469.09,12.63,61.13,2.25,0.0,1.35,8,4,1386.51,0.0,1386.51
27.95,405.63,62.06,69.66,1.96,0.0,1.06,9,4,1193.03,0.94,1193.97
29.63,776.52,22.25,66.93,5.29,0.0,1.87,10,4,2180.81,56.19,2237.0
30.8,810.12,36.31,60.88,5.57,0.0,2.64,11,4,2300.37,89.46,2389.83
31.24,993.27,7.34,73.01,0.98,0.0,2.03,12,4,2808.6,0.0,2808.6
33.03,831.37,31.27,71.93,4.0,0.0,2.51,13,4,2344.07,18.55,2362.61
33.14,811.36,7.15,55.16,1.71,0.0,0.65,14,4,2337.62,0.0,2337.62
30.73,457.05,58.67,78.83,3.74,0.0,1.18,15,4,1284.61,0.0,1284.61
33.72,436.69,21.81,56.33,2.94,0.0,1.19,16,4,1235.03,3.31,1238.34
33.25,209.34,37.39,57.0,2.14,0.0,2.53,17,4,612.41,8.54,620.96
29.98,1.92,36.42,68.73,7.74,0.0,1.14,18,4,81.63,349.28,430.91
30.14,0.0,10.26,65.61,7.97,0.0,1.13,19,4,0.0,367.76,367.76
29.91,0.0,20.04,63.37,4.1,0.0,0.56,20,4,0.0,16.34,16.34
27.27,0.0,21.09,50.95,2.05,0.0,1.37,21,4,0.0,11.91,11.91
27.9,0.0,4.35,52.75,4.21,0.0,1.46,22,4,6.21,0.0,6.21
28.63,0.0,37.05,54.37,7.31,0.0,1.54,23,4,14.43,248.74,263.16
22.99,0.0,5.82,71.5,3.1,0.0,1.88,0,4,25.14,0.0,25.14
21.3,0.0,40.49,69.3,1.73,0.0,0.84,1,4,11.28,0.0,11.28
23.33,0.0,33.72,67.99,4.89,0.0,2.24,2,4,0.0,27.87,27.87
23.78,0.0,47.44,68.09,4.65,0.0,0.0,3,4,8.94,23.03,31.96
22.52,0.0,3.42,79.79,0.5,0.0,2.99,4,4,0.0,5.61,5.61
25.55,0.0,57.91,74.53,6.24,0.0,0.0,5,4,0.0,137.7,137.7
22.16,0.0,2.16,69.09,4.68,0.0,0.0,6,4,30.26,12.32,42.58
26.24,219.27,37.18,65.08,2.1,0.0,1.62,7,4,664.08,0.0,664.08
25.5,490.44,7.2,61.5,0.5,0.0,0.16,8,4,1412.17,9.27,1421.44
30.28,661.08,23.55,59.97,8.52,0.0,1.13,9,4,1938.31,542.44,2480.75
31.98,874.07,7.17,71.02,5.33,0.0,1.32,10,4,2502.41,52.78,2555.19
29.05,932.35,19.12,71.49,3.03,0.0,2.97,11,4,2655.2,5.65,2660.85
30.41,860.15,35.26,65.57,3.39,0.0,2.27,12,4,2396.66,5.05,2401.71
33.32,830.25,32.03,50.43,3.96,0.0,0.0,13,4,2392.34,3.89,2396.22
31.95,777.53,20.74,60.24,5.07,0.0,0.0,14,4,2250.14,31.35,2281.48
32.63,519.77,48.92,56.76,1.96,0.0,1.49,15,4,1472.56,11.14,1483.69
32.57,490.9,7.78,58.69,2.1,0.0,1.8,16,4,1391.85,35.12,1426.97
29.15,263.36,6.69,70.34,1.0,0.0,1.23,17,4,707.75,14.44,722.19
31.21,0.0,7.36,70.16,9.28,0.0,0.91,18,4,0.0,728.34,728.34
29.17,0.0,23.19,83.57,6.5,0.0,0.83,19,4,0.0,144.69,144.69
28.25,0.0,5.49,57.91,4.04,0.0,0.08,20,4,0.0,13.85,13.85
29.87,0.0,27.65,73.0,3.38,0.0,0.0,21,4,0.0,3.06,3.06
24.52,0.0,22.88,68.48,2.34,0.0,0.19,22,4,57.03,0.0,57.03
26.42,0.0,18.46,61.59,4.28,0.0,0.46,23,4,0.0,0.14,0.14
23.86,0.0,7.94,87.76,4.87,0.0,4.58,0,4,0.0,38.19,38.19
23.06,0.0,43.44,85.42,4.86,0.0,1.41,1,4,16.12,57.22,73.34
24.17,0.0,25.43,67.75,0.5,0.0,0.91,2,4,22.13,5.01,27.14
23.32,0.0,23.49,65.24,4.95,0.0,1.44,3,4,17.17,18.83,36.0
23.84,0.0,17.02,56.32,6.38,0.0,2.04,4,4,0.0,127.79,127.79
24.93,0.0,28.74,79.12,1.57,0.0,1.26,5,4,27.97,33.32,61.29
23.78,0.0,56.29,54.09,5.34,0.0,1.35,6,4,14.19,40.93,55.11
24.39,253.55,13.44,68.57,5.92,0.0,2.4,7,4,752.4,111.77,864.18
24.89,478.96,14.03,61.99,2.56,0.0,3.58,8,4,1370.9,0.0,1370.9
26.57,691.97,9.46,78.26,5.02,0.0,0.78,9,4,2062.94,28.42,2091.36
33.53,788.29,29.22,73.52,1.44,0.0,0.0,10,4,2286.78,18.75,2305.53
32.18,803.59,39.47,46.76,4.61,0.0,0.21,11,4,2343.4,28.35,2371.75
29.32,968.88,11.07,64.47,3.8,0.0,0.47,12,4,2826.68,5.46,2832.14
30.16,883.77,23.42,64.97,6.2,0.0,1.19,13,4,2540.08,108.72,2648.81
33.36,823.3,21.11,56.66,3.49,0.0,0.85,14,4,2398.95,21.44,2420.39
33.63,618.91,32.61,53.51,3.36,0.0,2.99,15,4,1698.93,0.0,1698.93
33.46,459.13,33.84,71.36,7.41,0.0,0.98,16,4,1303.48,260.64,1564.12
31.76,256.71,18.66,56.71,7.42,0.0,1.52,17,4,723.03,286.5,1009.53
31.16,5.17,8.25,77.47,0.86,0.0,0.0,18,4,22.79,0.0,22.79
30.8,0.0,9.18,56.74,3.67,0.0,0.4,19,4,0.0,0.0,0.0
29.23,0.0,14.93,70.1,1.89,0.0,0.0,20,4,0.0,22.63,22.63
24.48,0.0,29.41,76.3,2.54,0.0,2.11,21,4,0.0,0.0,0.0
26.17,0.0,11.14,62.29,4.71,0.0,2.85,22,4,1.79,23.41,25.2
24.03,0.0,29.8,55.93,1.67,0.0,0.53,23,4,0.0,7.65,7.65
24.65,0.0,28.72,62.55,0.5,0.0,1.91,0,4,9.98,0.0,9.98
28.07,0.0,67.2,55.88,5.13,0.0,3.0,1,4,0.0,21.98,21.98
23.64,0.0,52.1,77.22,4.56,0.0,2.6,2,4,2.36,9.02,11.38
22.45,0.0,78.78,69.03,6.87,0.01,1.57,3,4,26.4,207.18,233.58
24.47,0.0,32.96,80.62,3.98,0.0,1.77,4,4,4.61,15.49,20.1
24.31,0.0,32.04,74.41,7.67,0.0,0.93,5,4,14.02,310.46,324.47
25.01,0.0,11.59,67.44,4.36,0.0,0.0,6,4,0.0,44.82,44.82
26.33,194.41,51.77,68.07,3.15,0.0,2.81,7,4,516.7,3.99,520.68
29.71,491.3,15.87,52.73,4.36,0.0,1.88,8,4,1427.48,31.96,1459.44
26.22,712.26,13.62,65.98,5.29,0.0,1.49,9,4,2116.76,43.46,2160.22
29.92,611.31,53.24,64.24,2.94,0.0,0.0,10,4,1832.08,27.97,1860.06
29.03,768.72,40.66,61.09,3.07,0.0,0.0,11,4,2242.99,0.0,2242.99
32.29,976.84,11.73,55.75,4.49,0.0,1.8,12,4,2752.94,35.61,2788.54
30.87,934.25,13.96,70.0,3.51,0.0,0.0,13,4,2686.45,0.0,2686.45
32.12,800.97,16.3,52.91,3.89,0.0,1.24,14,4,2269.58,26.92,2296.5
32.48,614.54,25.49,64.71,9.02,0.0,0.97,15,4,1758.95,652.46,2411.41
34.21,460.69,37.22,66.74,0.95,0.0,0.12,16,4,1338.47,0.0,1338.47
33.63,207.95,43.83,62.6,4.6,0.0,0.78,17,4,596.56,17.39,613.95
29.59,15.93,26.07,53.86,7.2,0.0,3.24,18,4,68.39,243.69,312.09
30.5,0.0,21.36,63.31,2.34,0.0,1.39,19,4,22.71,0.0,22.71
28.15,0.0,37.12,72.37,2.2,0.0,1.12,20,4,0.0,0.0,0.0
26.03,0.0,25.46,65.45,3.02,0.0,2.63,21,4,17.16,15.15,32.31
26.3,0.0,12.73,60.61,1.25,0.0,0.54,22,4,0.72,18.72,19.44
24.96,0.0,52.75,61.94,4.08,0.0,0.62,23,4,26.55,0.0,26.55
28.13,0.0,22.59,67.81,4.58,0.0,0.0,0,4,31.57,41.34,72.91
24.35,0.0,13.94,67.12,5.89,0.0,2.66,1,4,6.26,69.34,75.6
21.13,0.0,19.21,68.7,1.18,0.0,1.59,2,4,9.79,8.67,18.45
22.18,0.0,39.55,55.59,3.41,0.0,0.0,3,4,9.98,6.07,16.05
24.73,0.0,12.06,83.75,5.57,0.0,0.0,4,4,0.0,60.1,60.1
26.83,0.0,52.28,64.29,5.44,0.0,1.66,5,4,30.72,83.3,114.03
22.11,0.0,33.65,78.97,1.24,0.0,2.81,6,4,0.0,0.0,0.0
22.71,184.52,39.93,82.46,0.5,0.0,0.47,7,4,554.76,22.94,577.7
29.54,372.28,34.95,90.8,5.57,0.0,0.29,8,4,1105.76,70.13,1175.88
28.61,659.15,11.82,70.12,1.73,0.0,0.0,9,4,1947.76,0.0,1947.76
28.02,731.14,35.44,68.06,4.18,0.0,0.2,10,4,2148.25,26.97,2175.22
31.33,969.95,9.13,49.0,1.42,0.0,1.85,11,4,2785.43,0.0,2785.43
27.61,840.29,34.05,49.65,2.66,0.0,0.96,12,4,2425.24,9.59,2434.83
32.36,887.31,19.99,41.07,1.87,0.0,2.2,13,4,2516.47,15.07,2531.54
33.35,804.77,20.43,57.62,5.2,0.0,0.2,14,4,2316.95,31.59,2348.54
34.42,683.67,11.98,49.72,4.76,0.0,2.38,15,4,1869.34,32.39,1901.73
31.34,460.62,21.84,57.51,1.72,0.0,0.02,16,4,1351.7,11.75,1363.45
32.49,243.35,32.94,71.51,1.11,0.0,2.21,17,4,653.21,14.5,667.71
30.18,0.0,9.09,66.92,3.57,0.0,0.89,18,4,0.0,8.37,8.37
30.91,0.0,14.84,61.79,2.1,0.0,1.62,19,4,0.0,13.48,13.48
27.98,0.0,28.34,66.99,0.5,0.0,1.96,20,4,26.61,12.62,39.23
27.42,0.0,2.66,60.53,2.49,0.0,0.0,21,4,24.14,0.0,24.14
25.24,0.0,5.13,64.88,2.22,0.0,0.38,22,4,8.2,0.0,8.2
26.51,0.0,12.98,56.13,4.84,0.0,1.69,23,4,15.09,31.68,46.77
25.89,0.0,28.45,74.15,6.32,0.0,0.73,0,4,16.31,130.66,146.97
23.46,0.0,32.02,85.02,2.34,0.0,1.09,1,4,0.0,0.4,0.4
23.37,0.0,34.84,81.85,2.26,0.0,1.25,2,4,44.5,16.57,61.08
20.96,0.0,31.37,74.04,3.15,0.0,0.0,3,4,0.0,0.0,0.0
22.86,0.0,33.66,79.22,1.96,0.0,0.13,4,4,0.0,0.0,0.0
23.73,0.0,15.68,74.87,7.71,0.0,1.42,5,4,0.0,349.38,349.38
28.53,12.22,26.66,66.14,2.38,0.0,1.6,6,4,0.0,10.81,10.81
23.97,186.69,30.55,73.05,1.41,0.0,3.47,7,4,508.11,0.0,508.11
29.04,397.8,37.09,53.61,4.06,0.0,0.69,8,4,1152.94,0.0,1152.94
29.63,731.5,4.26,59.6,3.95,0.0,1.42,9,4,2095.59,25.17,2120.76
29.85,771.53,23.17,57.72,4.5,0.0,0.66,10,4,2237.41,8.46,2245.87
33.28,798.73,35.29,46.97,8.3,0.0,1.46,11,4,2243.34,439.25,2682.59
32.23,956.07,13.56,64.94,2.81,0.0,3.54,12,4,2646.93,25.48,2672.41
33.05,945.32,16.61,64.96,3.0,0.0,2.28,13,4,2666.93,15.16,2682.09
32.89,854.74,11.26,39.26,2.89,0.0,1.59,14,4,2434.98,0.1,2435.08
34.97,489.27,54.31,56.91,4.48,0.0,0.55,15,4,1341.24,21.56,1362.8
34.61,472.45,13.37,54.75,4.33,0.0,0.26,16,4,1363.37,19.81,1383.18
31.53,230.94,17.51,56.17,3.9,0.0,2.31,17,4,643.22,2.43,645.65
29.69,0.0,20.1,50.18,3.03,0.0,1.73,18,4,0.0,13.02,13.02
30.33,0.0,10.69,63.09,3.36,0.0,0.0,19,4,32.06,23.7,55.76
28.23,0.0,29.74,65.27,5.64,0.0,2.21,20,4,13.73,87.16,100.89
28.04,0.0,23.01,62.33,4.36,0.0,0.08,21,4,0.0,13.35,13.35
28.7,0.0,62.63,71.03,5.05,0.0,2.51,22,4,29.6,40.84,70.44
24.95,0.0,15.86,75.18,2.56,0.0,0.0,23,4,0.0,0.0,0.0
24.65,0.0,6.99,54.52,7.01,0.0,1.01,0,4,0.0,223.02,223.02
24.0,0.0,52.72,76.3,0.85,0.0,2.17,1,4,0.0,0.0,0.0
24.69,0.0,23.14,61.73,4.28,0.0,0.78,2,4,0.0,14.6,14.6
19.87,0.0,20.26,72.97,5.82,0.0,1.34,3,4,0.0,71.82,71.82
22.51,0.0,25.39,85.18,6.38,0.0,1.35,4,4,0.0,125.43,125.43
24.23,0.0,41.38,69.58,2.79,0.0,0.95,5,4,0.0,0.36,0.36
26.51,9.18,58.98,75.41,3.53,0.0,2.79,6,4,42.82,0.0,42.82
25.01,280.44,7.75,66.96,0.85,0.0,2.39,7,4,858.14,0.0,858.14
24.14,294.26,64.36,77.53,5.62,0.0,0.0,8,4,925.23,43.66,968.89
29.17,672.22,8.68,63.56,1.64,0.0,2.72,9,4,1877.27,0.0,1877.27
28.59,622.95,51.08,62.55,3.36,0.0,0.87,10,4,1872.73,42.51,1915.24
28.96,966.93,10.81,65.23,9.74,0.0,3.41,11,4,2687.28,898.81,3586.08
30.84,891.63,27.98,53.04,7.11,0.0,0.59,12,4,2556.11,231.6,2787.71
32.3,922.29,15.01,56.12,2.85,0.0,0.7,13,4,2652.81,0.0,2652.81
32.17,816.71,23.16,65.29,2.27,0.0,1.14,14,4,2326.81,0.0,2326.81
29.94,574.21,41.79,69.78,2.42,0.0,2.34,15,4,1610.39,3.7,1614.08
34.42,447.33,41.18,50.4,4.84,0.0,1.08,16,4,1252.15,39.06,1291.21
34.49,200.24,32.98,71.4,5.12,0.0,1.63,17,4,589.82,59.93,649.76
32.76,0.0,13.53,74.15,2.22,0.0,1.89,18,4,0.0,0.0,0.0
29.04,0.0,33.71,56.76,2.36,0.0,0.92,19,4,0.0,16.02,16.02
29.24,0.0,15.33,60.27,2.81,0.0,3.44,20,4,0.0,13.14,13.14
28.24,0.0,27.72,64.87,3.39,0.0,1.16,21,4,0.0,0.0,0.0
27.85,0.0,36.1,75.3,7.11,0.0,0.63,22,4,0.0,206.69,206.69
26.75,0.0,11.26,71.49,0.74,0.0,1.41,23,4,0.0,0.0,0.0
23.71,0.0,13.57,68.09,4.54,0.0,2.78,0,4,7.85,36.53,44.38
24.14,0.0,12.65,59.92,6.33,0.0,1.23,1,4,0.5,130.11,130.61
24.21,0.0,24.19,54.3,5.1,0.0,1.89,2,4,13.12,40.18,53.31
25.53,0.0,32.66,70.64,2.22,0.0,1.15,3,4,0.0,21.44,21.44
24.58,0.0,19.06,84.07,3.62,0.0,2.31,4,4,5.81,0.0,5.81
25.2,0.0,56.59,68.78,6.99,0.0,0.0,5,4,0.0,213.66,213.66
24.94,16.88,9.81,72.39,1.58,0.0,1.95,6,4,64.85,0.0,64.85
27.97,226.92,31.53,67.13,9.42,0.0,1.37,7,4,668.23,783.98,1452.22
27.67,341.3,56.91,52.68,1.77,0.0,3.07,8,4,993.44,2.73,996.17
27.06,677.44,4.07,79.1,1.76,0.0,1.71,9,4,1994.21,7.12,2001.33
31.75,849.73,11.07,54.6,5.83,0.0,1.0,10,4,2506.27,97.56,2603.82
31.9,948.9,7.57,54.32,5.97,0.0,2.21,11,4,2715.96,101.28,2817.24
31.22,951.14,18.99,65.27,0.88,0.0,1.6,12,4,2724.57,0.0,2724.57
31.96,962.82,8.54,54.9,1.93,0.0,1.41,13,4,2783.97,23.04,2807.01
33.63,825.44,12.22,48.22,7.75,0.0,2.58,14,4,2341.72,358.96,2700.68
34.05,499.36,51.02,65.89,2.58,0.0,2.06,15,4,1385.26,3.51,1388.77
33.48,426.45,34.23,59.85,0.5,0.0,1.56,16,4,1181.54,0.0,1181.54
33.15,204.09,40.21,66.9,2.44,0.0,3.34,17,4,523.34,22.79,546.13
34.44,0.0,17.99,54.73,5.19,0.0,0.4,18,4,0.0,52.53,52.53
32.46,0.0,42.33,56.41,7.09,0.0,1.66,19,4,0.0,235.36,235.36
29.93,0.0,9.93,65.1,1.85,0.0,2.5,20,4,46.1,11.64,57.73
29.76,0.0,20.66,66.1,2.27,0.0,0.0,21,4,0.0,0.0,0.0
25.51,0.0,16.27,63.25,3.43,0.0,0.0,22,4,0.0,0.0,0.0
26.45,0.0,44.22,61.17,5.29,0.0,0.32,23,4,28.91,25.94,54.86
27.63,0.0,24.76,73.09,4.67,0.0,3.04,0,4,3.35,11.49,14.84
23.8,0.0,21.81,73.11,2.83,0.0,2.79,1,4,20.29,13.38,33.67
22.36,0.0,20.1,74.37,1.18,0.0,2.63,2,4,0.0,10.12,10.12
22.48,0.0,41.34,56.23,2.43,0.0,2.37,3,4,0.0,9.31,9.31
21.99,0.0,21.4,74.67,2.24,0.0,1.86,4,4,15.8,0.0,15.8
22.95,0.0,7.77,74.44,0.66,0.0,2.8,5,4,12.38,21.45,33.83
24.37,11.02,61.64,67.2,8.64,0.0,1.39,6,4,50.74,579.11,629.85
23.85,236.78,30.45,74.9,2.44,0.0,0.96,7,4,697.01,0.0,697.01
27.19,519.04,4.81,60.83,6.06,0.0,3.45,8,4,1506.83,100.07,1606.89
29.81,638.4,25.24,65.97,3.66,0.0,1.47,9,4,1841.62,0.0,1841.62
28.39,897.55,5.55,52.73,8.52,0.0,2.18,10,4,2588.39,501.65,3090.03
33.24,913.4,15.76,66.35,1.81,0.0,3.1,11,4,2538.13,0.0,2538.13
32.76,733.86,48.99,53.51,1.54,0.0,1.25,12,4,2042.94,0.0,2042.94
34.33,835.99,34.5,61.28,0.5,0.0,2.32,13,4,2342.35,25.58,2367.93
32.3,849.36,15.92,70.19,5.07,0.0,1.12,14,4,2449.31,42.86,2492.17
34.74,428.49,61.16,65.21,2.72,0.0,1.78,15,4,1226.67,1.28,1227.96
31.65,477.45,7.13,64.47,6.43,0.0,3.19,16,4,1310.08,147.88,1457.96
34.12,244.6,20.21,64.63,4.51,0.0,1.86,17,4,711.98,0.0,711.98
32.25,11.9,29.55,72.25,4.18,0.0,1.85,18,4,2.03,3.89,5.92
31.79,0.0,45.55,61.82,3.68,0.0,1.05,19,4,8.36,2.07,10.43
27.99,0.0,28.79,73.18,2.46,0.0,2.88,20,4,0.0,18.13,18.13
27.11,0.0,19.63,57.03,1.16,0.0,3.26,21,4,0.0,1.57,1.57
28.06,0.0,6.91,59.56,3.45,0.0,2.0,22,4,0.0,27.27,27.27
24.53,0.0,32.69,81.61,1.45,0.0,1.06,23,4,27.27,23.33,50.6
25.72,0.0,16.76,66.15,6.92,0.0,0.6,0,4,26.44,184.9,211.34
22.18,0.0,57.04,68.19,5.98,0.0,0.96,1,4,0.0,94.43,94.43
25.0,0.0,19.43,66.71,4.43,0.0,0.7,2,4,0.0,22.74,22.74
21.71,0.0,4.56,67.25,3.49,0.0,2.36,3,4,0.0,0.0,0.0
24.56,0.0,15.93,68.17,3.5,0.0,0.0,4,4,26.34,0.0,26.34
25.17,0.0,11.98,60.41,3.56,0.0,1.65,5,4,25.22,1.3,26.52
23.98,28.07,20.66,65.68,5.26,0.0,1.29,6,4,47.2,47.06,94.26
26.93,247.09,17.09,67.31,1.65,0.0,2.84,7,4,658.23,0.0,658.23
27.66,502.19,25.04,78.39,3.92,0.0,2.16,8,4,1486.8,0.31,1487.12
27.75,683.54,13.6,65.34,5.82,0.0,0.81,9,4,2022.86,90.88,2113.74
28.34,813.03,16.97,51.19,3.8,0.0,1.46,10,4,2359.07,4.04,2363.11
28.12,722.35,48.59,73.31,0.53,0.0,2.5,11,4,2044.56,0.0,2044.56
32.62,803.88,43.88,66.3,2.38,0.0,1.65,12,4,2266.34,24.34,2290.68
30.54,805.13,36.16,55.99,4.73,0.0,0.0,13,4,2362.19,70.63,2432.82
33.53,744.89,21.54,65.07,7.42,0.0,1.55,14,4,2139.65,293.31,2432.96
33.17,616.95,28.5,58.15,6.74,0.0,0.0,15,4,1772.96,177.67,1950.63
34.41,439.1,11.46,69.26,5.92,0.0,1.46,16,4,1267.12,87.11,1354.23
32.44,260.03,13.01,79.18,7.79,0.0,3.04,17,4,703.23,344.5,1047.73
31.6,0.0,17.31,64.26,2.58,0.0,1.87,18,4,0.0,0.0,0.0
32.16,0.0,54.85,66.55,0.5,0.0,1.73,19,4,0.0,0.0,0.0
30.36,0.0,11.34,75.39,2.98,0.0,0.75,20,4,18.3,5.02,23.32
29.03,0.0,31.91,71.85,4.17,0.0,1.57,21,4,22.82,19.8,42.62
27.97,0.0,43.49,69.07,2.78,0.0,1.12,22,4,0.0,26.17,26.17
23.76,0.0,64.72,69.62,0.96,0.0,2.41,23,4,37.5,9.09,46.6
26.26,0.0,59.75,58.41,3.79,0.0,1.46,0,4,0.0,0.0,0.0
25.25,0.0,43.53,66.48,2.12,0.0,2.12,1,4,9.48,0.0,9.48
22.31,0.0,23.78,70.34,5.13,0.0,1.62,2,4,0.0,46.06,46.06
23.3,0.0,25.5,71.21,1.38,0.0,1.81,3,4,8.07,0.0,8.07
23.78,0.0,8.92,55.81,8.02,0.0,1.38,4,4,0.0,413.57,413.57
24.13,0.0,8.04,67.16,6.51,0.0,1.35,5,4,0.0,161.03,161.03
25.63,0.0,21.76,66.17,6.47,0.0,1.72,6,4,21.43,133.58,155.01
28.31,199.68,40.59,53.88,5.62,0.0,1.14,7,4,598.77,67.5,666.27
28.99,406.94,41.02,67.46,4.51,0.0,3.16,8,4,1160.96,7.82,1168.78
26.7,584.06,44.3,74.38,1.05,0.0,0.0,9,4,1687.48,26.71,1714.19
30.89,717.21,36.99,61.9,4.69,0.0,2.57,10,4,2018.65,12.98,2031.63
33.16,905.98,21.21,49.28,5.27,0.0,3.39,11,4,2529.4,31.0,2560.4
32.78,942.72,24.07,58.84,1.68,0.0,1.32,12,4,2673.18,0.0,2673.18
34.63,868.73,27.64,63.31,4.4,0.0,1.51,13,4,2488.59,0.0,2488.59
36.51,864.53,8.67,60.77,3.63,0.0,0.83,14,4,2467.33,0.0,2467.33
35.2,675.16,9.2,56.39,3.6,0.0,2.84,15,4,1849.43,10.37,1859.81
33.87,407.27,41.42,61.64,2.12,0.0,2.55,16,4,1125.87,1.05,1126.92
34.56,255.55,14.13,52.45,5.22,0.0,0.66,17,4,678.54,81.15,759.68
32.42,35.53,14.3,66.06,7.24,0.0,0.34,18,4,103.53,282.57,386.1
31.2,0.0,34.56,58.29,5.6,0.0,1.46,19,4,0.0,73.17,73.17
29.43,0.0,8.55,57.57,3.05,0.0,2.43,20,4,0.0,12.73,12.73
31.01,0.0,19.55,69.4,9.16,0.0,2.34,21,4,37.91,687.36,725.27
26.14,0.0,43.46,68.7,3.03,0.0,1.72,22,4,0.0,15.84,15.84
28.46,0.0,32.54,65.5,2.33,0.0,2.07,23,4,49.83,0.43,50.26
25.98,0.0,6.6,72.09,8.35,0.0,1.84,0,4,0.0,461.78,461.78
22.34,0.0,24.77,71.65,5.62,0.0,1.27,1,4,0.0,61.46,61.46
24.49,0.0,5.2,62.16,5.39,0.0,1.94,2,4,10.74,53.72,64.46
20.62,0.0,7.24,72.46,1.28,0.0,0.97,3,4,16.96,0.68,17.64
24.87,0.0,4.37,57.23,2.08,0.0,2.9,4,4,53.05,15.56,68.61
25.76,0.0,33.67,77.46,0.62,0.0,1.33,5,4,0.0,0.7,0.7
24.34,42.84,13.72,60.92,5.51,0.0,1.36,6,4,121.51,46.09,167.6
26.45,240.47,15.34,82.81,2.57,0.0,0.0,7,4,749.54,21.78,771.33
30.4,460.58,15.14,56.2,1.69,0.0,1.33,8,4,1316.72,1.39,1318.12
28.01,672.51,10.96,70.32,2.02,0.0,1.89,9,4,1945.38,14.48,1959.86
28.47,826.15,17.83,79.86,4.56,0.0,0.2,10,4,2393.03,0.0,2393.03
33.49,898.61,19.69,60.9,3.39,0.0,2.94,11,4,2518.2,0.0,2518.2
35.25,585.57,64.37,54.13,7.58,0.0,0.75,12,4,1741.96,265.46,2007.42
33.1,689.68,53.91,59.54,3.04,0.0,1.9,13,4,1925.42,0.0,1925.42
35.11,671.26,41.6,49.94,6.03,0.0,2.71,14,4,1925.17,115.19,2040.37
35.78,644.83,27.67,39.86,4.0,0.0,0.02,15,4,1879.71,11.12,1890.83
32.48,481.77,19.53,64.79,4.97,0.0,0.64,16,4,1413.83,38.11,1451.94
32.37,170.25,56.59,43.95,1.93,0.0,2.06,17,4,486.23,24.27,510.5
34.15,5.71,30.74,47.08,5.29,0.0,2.41,18,4,19.46,56.15,75.61
33.79,0.0,28.18,58.91,1.35,0.0,0.0,19,4,13.32,0.31,13.63
30.9,0.0,32.88,56.64,4.88,0.0,2.0,20,4,7.08,10.08,17.16
27.45,0.0,50.38,69.99,3.56,0.0,1.06,21,4,0.0,18.2,18.2
30.45,0.0,27.19,75.25,2.29,0.0,1.91,22,4,6.72,35.78,42.5
25.47,0.0,8.38,66.39,3.64,0.0,1.76,23,4,46.73,0.0,46.73
24.83,0.0,3.32,64.34,6.26,0.0,2.76,0,4,16.39,127.99,144.37
25.05,0.0,11.88,83.09,1.84,0.0,1.21,1,4,0.0,0.0,0.0
26.37,0.0,30.93,72.83,1.94,0.0,3.64,2,4,0.0,0.0,0.0
25.15,0.0,15.25,76.21,3.93,0.0,2.67,3,4,32.58,0.0,32.58
24.66,0.0,36.91,76.17,4.46,0.0,1.48,4,4,11.73,9.11,20.83
25.23,0.0,42.75,66.75,3.32,0.0,1.08,5,4,32.12,0.0,32.12
25.4,0.0,33.07,65.52,2.5,0.0,2.65,6,4,13.48,0.0,13.48
27.2,258.85,10.48,58.75,1.19,0.0,1.94,7,4,777.97,0.56,778.53
23.78,503.08,13.64,76.28,1.02,0.0,2.81,8,4,1461.93,0.0,1461.93
28.42,494.74,59.86,67.98,0.92,0.0,2.21,9,4,1422.43,11.21,1433.64
30.52,559.3,58.63,67.54,6.85,0.0,0.0,10,4,1659.29,179.73,1839.02
29.64,600.32,59.83,48.46,1.69,0.0,1.51,11,4,1666.29,0.0,1666.29
32.98,780.69,44.88,66.87,2.66,0.0,1.95,12,4,2183.05,33.86,2216.91
32.89,608.05,58.24,55.86,9.29,0.0,0.11,13,4,1785.57,721.85,2507.42
36.33,855.24,8.58,38.61,7.29,0.0,2.87,14,4,2302.33,241.04,2543.37
36.23,678.67,15.67,45.14,0.94,0.0,1.51,15,4,1928.76,0.0,1928.76
33.0,411.35,37.46,55.39,4.03,0.0,0.56,16,4,1187.69,0.0,1187.69
32.97,287.9,10.62,53.7,4.51,0.0,1.26,17,4,795.57,3.95,799.52
32.29,1.54,26.84,60.35,1.06,0.0,1.46,18,4,7.28,0.0,7.28
30.69,0.0,14.98,65.84,5.14,0.0,2.22,19,4,0.0,59.83,59.83
30.45,0.0,55.54,61.54,9.45,0.0,2.83,20,4,19.38,737.29,756.67
27.73,0.0,26.59,61.94,3.37,0.0,0.27,21,4,34.32,0.0,34.32
25.88,0.0,16.93,69.08,3.48,0.0,2.42,22,4,0.0,24.26,24.26
27.3,0.0,58.71,67.49,4.67,0.0,0.74,23,4,41.69,10.12,51.82
26.38,0.0,14.13,77.5,5.2,0.0,2.24,0,4,20.63,49.46,70.09
23.43,0.0,28.11,66.0,5.62,0.0,0.42,1,4,16.85,81.06,97.91
25.48,0.0,47.73,67.53,1.28,0.0,2.94,2,4,15.3,0.0,15.3
23.02,0.0,10.91,84.56,5.71,0.0,2.67,3,4,0.0,105.4,105.4
24.52,0.0,23.51,59.82,6.36,0.0,2.59,4,4,2.61,94.58,97.2
25.87,0.0,9.76,65.04,0.97,0.0,2.65,5,4,4.93,0.0,4.93
25.38,13.13,33.76,61.23,0.9,0.0,1.65,6,4,40.34,0.0,40.34
27.15,197.06,46.03,56.39,4.03,0.0,2.21,7,4,556.07,5.68,561.75
26.9,460.85,20.67,68.52,3.73,0.0,1.7,8,4,1328.87,21.4,1350.27
28.67,621.55,27.27,75.24,8.91,0.0,3.88,9,4,1687.82,626.92,2314.74
29.95,654.53,44.59,79.84,2.66,0.0,3.8,10,4,1784.86,0.0,1784.86
30.35,915.1,16.9,62.25,4.25,0.0,1.24,11,4,2625.58,23.65,2649.23
32.24,971.74,14.15,64.35,3.78,0.0,4.25,12,4,2617.21,25.69,2642.9
30.97,845.28,31.49,66.16,3.94,0.0,3.05,13,4,2371.67,27.38,2399.05
33.06,761.88,29.2,57.68,4.67,0.0,3.88,14,4,2118.52,27.75,2146.27
33.54,673.11,17.96,69.0,3.95,0.0,0.64,15,4,1919.42,1.67,1921.09
33.41,370.12,44.37,57.59,0.5,0.0,0.76,16,4,1090.26,0.0,1090.26
32.93,240.28,28.72,68.17,6.13,0.0,3.28,17,4,696.99,150.64,847.64
32.41,0.0,39.13,57.26,2.13,0.0,0.33,18,4,0.0,0.0,0.0
32.19,0.0,42.69,51.15,2.31,0.0,1.73,19,4,0.02,0.0,0.02
31.57,0.0,20.34,52.39,4.6,0.0,2.73,20,4,0.0,15.99,15.99
27.99,0.0,27.09,52.46,3.63,0.0,2.84,21,4,0.0,18.57,18.57
25.87,0.0,26.54,78.07,4.16,0.0,2.58,22,4,11.03,15.64,26.67
24.9,0.0,19.29,79.33,3.73,0.0,2.9,23,4,0.0,22.66,22.66
24.8,0.0,22.36,63.53,3.31,0.0,0.7,0,4,0.0,0.0,0.0
24.21,0.0,45.2,61.41,3.66,0.0,1.5,1,4,3.9,0.0,3.9
23.08,0.0,26.98,65.09,1.75,0.0,3.02,2,4,0.0,13.34,13.34
22.12,0.0,15.87,73.88,8.4,0.0,2.15,3,4,0.0,482.95,482.95
23.55,0.0,8.85,63.25,4.16,0.0,1.18,4,4,9.03,0.0,9.03
25.01,0.0,9.68,73.39,2.62,0.0,2.98,5,4,30.63,20.27,50.9
26.42,8.75,9.11,64.86,5.03,0.0,1.5,6,4,24.53,48.78,73.3
25.73,165.04,57.33,76.79,6.55,0.0,1.94,7,4,493.18,135.2,628.37
27.15,402.58,39.34,71.81,2.67,0.0,2.06,8,4,1157.17,0.0,1157.17
27.68,605.31,27.2,56.81,2.82,0.0,2.0,9,4,1731.07,0.0,1731.07
30.31,599.39,55.57,52.54,3.42,0.0,2.74,10,4,1701.36,10.19,1711.55
30.29,834.22,33.69,64.31,2.23,0.0,2.5,11,4,2334.81,0.0,2334.81
33.46,939.92,7.35,57.39,5.8,0.0,0.8,12,4,2684.81,71.26,2756.07
30.72,938.86,10.97,72.33,4.22,0.0,1.8,13,4,2631.42,16.87,2648.29
33.36,830.15,22.75,62.09,1.09,0.0,1.69,14,4,2302.18,22.16,2324.34
34.52,661.97,20.2,53.92,10.76,0.0,0.42,15,4,1905.0,1314.42,3219.42
34.17,449.0,29.75,71.45,4.16,0.0,2.67,16,4,1271.54,13.33,1284.88
37.44,226.83,42.17,50.65,6.68,0.0,4.15,17,4,602.24,156.76,759.0
33.13,11.37,17.77,48.54,3.76,0.0,3.54,18,4,34.39,0.0,34.39
30.06,0.0,72.18,61.28,4.21,0.0,2.85,19,4,33.33,21.54,54.87
30.22,0.0,33.93,56.29,3.5,0.0,0.29,20,4,7.69,3.75,11.44
26.4,0.0,35.57,75.22,3.34,0.0,1.87,21,4,16.48,12.76,29.24
27.65,0.0,25.61,56.78,2.23,0.0,3.43,22,4,0.0,0.0,0.0
25.32,0.0,43.68,75.41,8.14,0.0,3.46,23,4,0.0,438.2,438.2
27.0,0.0,26.95,64.52,2.02,0.0,2.53,0,4,0.0,7.47,7.47
24.01,0.0,15.72,57.51,3.89,0.0,1.73,1,4,48.06,27.02,75.08
24.16,0.0,31.39,73.42,1.36,0.0,1.86,2,4,18.64,0.0,18.64
23.21,0.0,34.47,80.64,10.08,0.0,2.34,3,4,0.0,1028.47,1028.47
26.94,0.0,20.87,67.49,4.05,0.0,0.0,4,4,0.0,28.67,28.67
24.35,0.0,16.32,68.25,5.84,0.0,1.35,5,4,42.42,115.48,157.9
28.38,2.9,24.51,79.82,4.09,0.0,0.02,6,4,0.0,34.43,34.43
27.88,230.93,28.9,75.14,5.75,0.0,0.08,7,4,718.39,89.41,807.8
28.59,443.29,34.63,70.86,3.93,0.0,0.38,8,4,1381.08,10.3,1391.38
29.72,619.62,39.05,47.25,3.45,0.0,2.35,9,4,1757.4,0.0,1757.4
31.05,739.24,30.23,56.16,3.51,0.0,1.23,10,4,2098.0,0.0,2098.0
28.77,912.35,19.67,62.77,0.5,0.0,2.09,11,4,2575.79,0.0,2575.79
32.28,834.72,33.46,63.97,3.06,0.0,2.25,12,4,2374.74,0.0,2374.74
34.76,908.05,19.38,64.45,7.84,0.0,0.74,13,4,2589.45,352.79,2942.24
33.92,809.63,10.71,49.96,4.77,0.0,0.69,14,4,2293.71,0.0,2293.71
32.06,654.94,17.32,65.17,7.14,0.0,1.05,15,4,1882.42,217.12,2099.54
33.91,457.21,23.68,48.99,2.13,0.0,2.12,16,4,1283.85,6.52,1290.37
36.05,248.38,29.96,61.43,3.7,0.0,3.32,17,4,720.51,0.0,720.51
34.57,0.0,21.87,48.69,0.84,0.0,0.0,18,4,40.53,7.27,47.8
31.57,0.0,31.5,71.06,4.78,0.0,3.34,19,4,0.0,31.59,31.59
31.88,0.0,26.42,62.77,5.57,0.0,3.06,20,4,11.76,71.87,83.64
28.61,0.0,23.4,61.59,5.28,0.0,1.02,21,4,0.0,54.8,54.8
25.31,0.0,8.45,71.05,1.36,0.0,1.95,22,4,0.0,3.86,3.86
25.28,0.0,6.29,63.43,2.4,0.0,2.23,23,4,14.71,3.05,17.77
28.07,0.0,10.29,65.5,4.65,0.0,2.18,0,4,0.0,10.76,10.76
24.52,0.0,19.69,61.59,5.37,0.0,1.99,1,4,10.37,55.44,65.81
24.06,0.0,13.94,72.5,2.55,0.0,3.09,2,4,0.0,17.39,17.39
23.81,0.0,24.52,68.41,3.25,0.0,1.21,3,4,36.21,4.33,40.54
27.29,0.0,11.65,64.61,2.96,0.0,2.91,4,4,0.0,14.83,14.83
27.37,0.0,20.54,65.82,0.5,0.0,2.16,5,4,0.0,20.36,20.36
29.05,0.0,8.28,57.02,4.17,0.0,1.26,6,4,20.07,16.12,36.19
26.52,259.47,12.82,83.8,4.73,0.0,1.64,7,4,791.96,38.1,830.06
28.41,396.97,35.97,63.28,2.56,0.0,0.0,8,4,1176.59,4.84,1181.42
26.98,577.26,39.32,75.41,4.86,0.0,3.44,9,4,1644.02,27.76,1671.78
32.77,835.47,15.77,50.36,2.37,0.0,1.56,10,4,2356.8,9.02,2365.82
30.01,915.17,17.38,44.96,5.05,0.0,1.54,11,4,2583.92,44.3,2628.22
33.12,903.36,22.5,61.31,3.52,0.0,1.13,12,4,2588.68,9.77,2598.44
31.94,697.8,53.6,69.2,6.45,0.0,3.43,13,4,1930.8,121.71,2052.51
33.21,743.53,25.07,68.87,3.99,0.0,1.48,14,4,2129.1,0.0,2129.1
33.0,650.61,13.04,66.87,2.03,0.0,2.34,15,4,1805.04,0.0,1805.04
33.18,370.9,48.53,57.5,5.91,0.0,0.14,16,4,1066.23,100.78,1167.01
32.78,206.48,8.04,64.27,5.52,0.0,4.34,17,4,558.89,76.75,635.64
31.97,0.0,23.57,55.54,1.33,0.0,1.36,18,4,9.85,9.74,19.59
33.01,0.0,51.06,54.49,1.0,0.0,0.35,19,4,0.0,0.0,0.0
28.9,0.0,11.04,66.08,1.72,0.0,2.69,20,4,13.68,12.6,26.28
29.59,0.0,24.51,65.39,6.15,0.0,1.81,21,4,0.0,103.84,103.84
29.79,0.0,23.58,59.01,2.8,0.0,2.47,22,4,0.0,3.15,3.15
25.99,0.0,68.02,69.27,3.77,0.0,3.62,23,4,0.0,13.87,13.87
24.74,0.0,38.06,78.44,4.32,0.0,1.36,0,4,0.0,16.63,16.63
24.68,0.0,44.32,62.29,5.25,0.0,1.84,1,4,11.25,58.92,70.17
26.29,0.0,31.49,72.83,5.99,0.0,1.97,2,4,1.81,97.27,99.08
24.65,0.0,39.04,58.51,3.83,0.0,1.13,3,4,33.86,16.2,50.06
23.73,0.0,22.92,57.08,3.3,0.0,2.7,4,4,0.0,0.0,0.0
25.75,0.0,30.42,70.52,2.1,0.0,1.04,5,4,10.38,0.0,10.38
24.17,0.0,8.86,69.48,4.35,0.0,2.81,6,4,0.0,15.26,15.26
27.88,235.24,4.95,66.47,4.02,0.0,2.6,7,4,655.86,0.0,655.86
28.67,293.86,73.61,65.39,2.64,0.0,1.66,8,4,836.84,22.45,859.29
28.89,445.65,62.85,71.98,3.46,0.0,1.45,9,4,1271.78,5.51,1277.3
29.39,628.92,48.85,67.99,5.22,0.0,1.42,10,4,1826.34,55.28,1881.63
30.52,847.75,34.3,66.12,4.47,0.0,3.05,11,4,2389.95,13.87,2403.81
33.69,546.84,71.08,69.64,3.65,0.0,3.74,12,4,1470.04,11.23,1481.27
35.53,870.99,25.85,63.59,2.54,0.0,1.71,13,4,2403.14,10.27,2413.41
33.23,600.5,61.51,60.56,4.73,0.0,1.33,14,4,1726.51,24.76,1751.26
35.04,563.32,45.4,65.39,4.47,0.0,1.99,15,4,1587.53,9.44,1596.96
31.05,388.96,42.89,59.53,3.52,0.0,1.98,16,4,1144.29,0.0,1144.29
32.81,231.95,31.47,57.64,2.35,0.0,2.14,17,4,640.01,15.51,655.52
32.84,11.02,48.41,70.11,1.97,0.0,2.04,18,4,34.89,0.0,34.89
30.49,0.0,9.77,60.59,2.9,0.0,2.46,19,4,0.54,0.0,0.54
29.24,0.0,46.48,67.15,6.96,0.0,2.94,20,4,27.46,192.59,220.04
28.35,0.0,46.63,67.79,5.33,0.0,2.44,21,4,21.99,47.05,69.03
28.5,0.0,58.34,66.04,6.7,0.0,3.34,22,4,0.0,171.83,171.83
26.57,0.0,43.9,81.52,6.12,0.0,3.46,23,4,3.38,110.32,113.69
22.56,0.0,34.22,70.95,3.53,0.0,1.8,0,4,0.0,4.18,4.18
21.94,0.0,41.72,86.86,3.91,0.0,2.11,1,4,0.0,0.0,0.0
23.71,0.0,27.48,61.95,1.94,0.0,2.62,2,4,0.0,10.02,10.02
25.13,0.0,19.54,68.46,5.08,0.0,3.58,3,4,0.0,22.5,22.5
20.5,0.0,26.73,72.49,3.33,0.0,2.05,4,4,0.0,0.0,0.0
24.37,0.0,15.47,75.96,1.89,0.0,4.3,5,4,20.57,0.0,20.57
25.12,12.66,31.7,58.0,1.42,0.0,1.71,6,4,8.85,33.37,42.22
29.03,216.54,41.66,67.22,4.91,0.0,1.6,7,4,622.38,40.05,662.43
27.58,499.75,8.79,73.31,3.65,0.0,0.87,8,4,1457.01,0.0,1457.01
30.02,618.22,32.88,60.36,0.5,0.0,2.65,9,4,1723.93,5.69,1729.63
30.95,822.7,17.52,56.88,5.94,0.0,1.73,10,4,2351.87,93.6,2445.46
28.75,721.99,43.18,59.59,4.42,0.0,2.27,11,4,2104.72,10.47,2115.19
34.14,840.91,32.48,61.99,0.89,0.0,1.99,12,4,2325.78,0.0,2325.78
34.1,798.58,33.66,45.39,2.71,0.0,2.43,13,4,2267.02,3.08,2270.1
35.04,834.99,6.0,46.48,5.09,0.0,3.05,14,4,2282.24,37.14,2319.38
40.34,636.3,21.0,51.26,1.11,0.0,2.32,15,4,1794.3,9.49,1803.8
31.15,460.0,29.71,66.29,5.2,0.0,2.16,16,4,1294.46,26.08,1320.54
36.37,236.77,39.8,57.56,3.77,0.0,1.59,17,4,660.09,0.0,660.09
32.55,12.86,27.22,64.75,5.56,0.0,4.17,18,4,0.0,69.93,69.93
32.38,0.0,32.94,51.77,6.26,0.0,2.87,19,4,35.58,127.68,163.26
30.67,0.0,4.88,48.2,5.44,0.0,0.84,20,4,0.0,72.34,72.34
28.81,0.0,26.47,71.49,1.28,0.0,1.49,21,4,0.0,0.0,0.0
27.3,0.0,59.9,56.1,3.53,0.0,3.44,22,4,24.37,0.0,24.37
27.44,0.0,36.17,70.19,2.79,0.0,1.77,23,4,58.42,0.0,58.42
23.73,0.0,18.99,55.89,3.79,0.0,2.41,0,4,22.98,6.38,29.35
26.34,0.0,32.98,72.81,8.27,0.0,2.51,1,4,0.0,430.25,430.25
24.09,0.0,23.29,70.08,1.64,0.0,1.95,2,4,0.0,8.84,8.84
22.85,0.0,37.26,79.91,6.37,0.0,3.01,3,4,0.0,150.92,150.92
24.04,0.0,42.88,76.5,9.75,0.0,2.23,4,4,18.98,911.7,930.68
27.1,0.0,37.15,63.72,9.66,0.0,2.62,5,4,0.0,839.6,839.6
25.2,0.0,35.22,64.38,5.68,0.0,1.67,6,4,0.0,84.84,84.84
27.58,249.54,21.45,68.44,3.56,0.0,0.32,7,4,753.16,35.2,788.36
27.15,441.43,16.88,62.41,1.99,0.0,1.62,8,4,1301.59,0.0,1301.59
30.68,581.34,35.72,35.97,4.36,0.0,1.8,9,4,1636.38,22.67,1659.05
31.86,833.94,12.39,58.52,4.37,0.0,2.52,10,4,2335.95,6.05,2342.0
34.81,845.66,25.4,50.34,2.78,0.0,3.17,11,4,2271.97,0.0,2271.97
32.81,752.46,45.28,55.34,4.41,0.0,3.03,12,4,2094.79,11.58,2106.38
34.87,597.85,66.98,59.53,1.58,0.0,3.08,13,4,1643.79,0.69,1644.48
34.52,616.42,49.05,67.51,4.51,0.0,1.53,14,4,1704.44,22.57,1727.02
36.48,517.19,48.51,69.92,6.78,0.0,1.97,15,4,1392.7,188.07,1580.77
33.29,503.94,6.17,62.97,3.6,0.0,2.55,16,4,1410.75,19.73,1430.48
34.99,216.82,35.18,52.25,5.41,0.0,4.44,17,4,569.67,58.88,628.55
32.78,0.0,39.08,67.41,4.52,0.0,5.55,18,4,11.15,6.34,17.5
31.94,0.0,18.68,48.58,0.5,0.0,1.92,19,4,0.0,1.52,1.52
30.97,0.0,26.58,56.31,1.62,0.0,1.41,20,4,17.75,0.0,17.75
29.92,0.0,36.23,61.26,5.49,0.0,1.35,21,4,2.06,103.89,105.95
28.07,0.0,16.21,49.91,0.91,0.0,1.59,22,4,0.0,0.0,0.0
27.36,0.0,51.03,68.14,7.96,0.0,3.73,23,4,0.0,399.46,399.46
28.46,0.0,42.58,58.27,6.74,0.0,3.37,0,5,0.0,186.0,186.0
26.78,0.0,26.65,68.83,3.02,0.0,0.56,1,5,0.0,0.0,0.0
26.11,0.0,51.19,65.55,2.74,0.0,0.91,2,5,0.0,22.75,22.75
23.95,0.0,8.67,63.53,4.38,0.0,3.58,3,5,51.63,7.85,59.48
23.47,0.0,17.82,62.85,4.38,0.0,4.71,4,5,50.18,4.0,54.19
26.73,0.0,35.85,66.53,1.37,0.0,3.66,5,5,0.0,0.0,0.0
27.41,0.0,52.38,71.91,2.22,0.0,1.77,6,5,0.0,16.49,16.49
29.34,209.13,32.3,69.34,4.53,0.0,1.85,7,5,644.25,19.33,663.57
27.43,432.05,39.11,68.43,5.72,0.0,2.94,8,5,1229.95,99.38,1329.33
29.29,719.3,9.05,68.44,2.08,0.0,3.43,9,5,2047.46,2.12,2049.58
28.47,704.68,39.09,65.44,4.95,0.0,3.14,10,5,2041.3,59.01,2100.31
31.54,716.78,50.39,55.89,6.43,0.0,0.76,11,5,2075.51,139.45,2214.96
34.66,697.1,56.67,68.64,1.59,0.0,2.85,12,5,1935.26,11.5,1946.77
33.26,922.67,16.57,53.84,3.42,0.0,3.06,13,5,2586.68,0.0,2586.68
35.42,796.58,19.96,69.1,6.2,0.0,3.3,14,5,2171.52,109.2,2280.72
34.35,582.76,27.07,62.88,3.06,0.0,2.47,15,5,1659.11,10.52,1669.63
34.95,356.54,53.16,55.04,2.52,0.0,4.7,16,5,958.18,8.41,966.59
32.24,273.3,3.77,50.03,5.27,0.0,2.97,17,5,821.62,55.76,877.38
33.29,0.0,9.3,61.74,3.22,0.0,1.46,18,5,0.97,0.0,0.97
27.64,0.0,16.28,65.45,4.98,0.0,2.54,19,5,21.42,45.74,67.16
30.65,0.0,28.16,71.93,1.65,0.0,2.38,20,5,0.0,0.15,0.15
27.19,0.0,26.02,58.07,4.04,0.0,0.95,21,5,0.0,1.9,1.9
30.15,0.0,19.21,71.28,3.11,0.0,1.23,22,5,29.75,5.59,35.34
28.3,0.0,10.34,76.84,10.95,0.0,4.03,23,5,33.05,1401.16,1434.22
26.89,0.0,36.51,60.98,4.26,0.0,2.31,0,5,0.0,19.89,19.89
27.67,0.0,26.68,71.7,4.82,0.0,4.72,1,5,0.0,14.83,14.83
23.47,0.0,27.21,82.07,1.69,0.0,2.48,2,5,10.1,0.0,10.1
27.34,0.0,53.69,77.08,9.88,0.0,3.73,3,5,0.0,945.43,945.43
26.29,0.0,25.73,75.87,1.03,0.0,3.86,4,5,21.58,0.0,21.58
25.04,0.0,28.05,82.72,1.22,0.0,3.33,5,5,0.0,1.88,1.88
27.89,0.0,32.55,66.07,1.26,0.0,2.29,6,5,50.69,0.0,50.69
25.56,209.36,34.72,67.97,6.43,0.0,4.15,7,5,574.22,150.2,724.41
27.19,472.23,17.53,78.93,5.14,0.0,1.88,8,5,1365.86,51.84,1417.7
28.81,425.91,65.28,45.55,8.55,0.0,3.11,9,5,1207.22,488.59,1695.8
30.22,835.8,10.74,60.46,1.18,0.0,4.33,10,5,2338.06,0.0,2338.06
30.64,781.18,46.03,55.71,4.88,0.0,3.62,11,5,2129.24,18.64,2147.88
35.09,804.93,40.87,57.22,3.93,0.0,2.47,12,5,2235.29,21.02,2256.31
33.66,854.25,24.08,61.94,4.54,0.0,2.21,13,5,2360.57,0.0,2360.57
35.08,754.03,26.47,61.6,3.82,0.0,3.94,14,5,2068.61,0.0,2068.61
33.87,717.86,8.01,58.99,4.77,0.0,4.4,15,5,1931.29,46.44,1977.73
31.82,385.52,46.83,62.2,6.94,0.0,1.93,16,5,1104.07,209.02,1313.09
34.46,220.03,29.91,65.41,4.23,0.0,3.1,17,5,595.88,25.92,621.8
30.39,0.0,38.5,57.96,6.78,0.0,3.52,18,5,53.26,187.03,240.29
32.12,0.0,56.73,57.7,5.56,0.0,2.76,19,5,0.0,86.55,86.55
28.96,0.0,10.15,56.92,6.37,0.0,2.91,20,5,14.79,112.68,127.47
32.7,0.0,22.01,59.65,4.67,0.0,3.65,21,5,0.0,1.83,1.83
29.79,0.0,42.79,50.27,3.85,0.0,2.11,22,5,15.01,13.5,28.5
27.38,0.0,21.75,76.54,1.21,0.0,3.19,23,5,0.0,0.0,0.0
28.17,0.0,27.64,71.56,6.04,0.0,2.59,0,5,45.71,109.37,155.08
24.21,0.0,36.7,62.09,2.37,0.0,2.97,1,5,0.0,6.13,6.13
25.79,0.0,14.79,77.93,0.87,0.0,4.28,2,5,0.0,21.94,21.94
25.11,0.0,45.65,66.74,3.85,0.0,3.98,3,5,7.35,14.89,22.24
25.38,0.0,35.43,62.94,4.5,0.0,2.38,4,5,0.0,18.31,18.31
27.39,0.0,43.49,69.12,4.69,0.0,3.0,5,5,0.0,36.76,36.76
27.37,11.93,26.88,52.94,4.74,0.0,4.25,6,5,39.28,11.81,51.08
27.74,222.66,23.24,62.94,4.63,0.0,2.16,7,5,624.96,0.0,624.96
26.03,367.98,48.52,70.74,5.78,0.0,2.45,8,5,1082.48,82.21,1164.69
28.37,691.76,5.7,79.22,5.45,0.0,4.17,9,5,1950.61,92.41,2043.02
30.92,817.69,22.17,51.72,5.83,0.0,2.83,10,5,2308.93,95.72,2404.65
32.45,936.47,13.59,50.52,3.53,0.0,1.58,11,5,2628.39,0.0,2628.39
31.65,862.08,30.92,59.1,1.15,0.0,3.47,12,5,2367.06,1.47,2368.52
37.76,884.56,20.46,51.1,4.55,0.0,3.06,13,5,2376.01,53.8,2429.8
36.91,740.75,36.39,60.98,2.19,0.0,3.79,14,5,1989.24,0.0,1989.24
35.71,664.93,19.33,68.33,6.3,0.0,3.37,15,5,1823.8,125.06,1948.86
34.75,458.08,30.15,65.52,5.09,0.0,3.57,16,5,1259.96,25.0,1284.97
33.82,260.84,14.15,54.88,5.42,0.0,2.31,17,5,775.23,54.6,829.83
31.92,0.0,29.97,72.31,2.61,0.0,3.79,18,5,46.54,0.0,46.54
32.43,0.0,6.32,59.47,4.51,0.0,5.01,19,5,13.46,11.01,24.47
31.49,0.0,48.15,65.36,3.9,0.0,2.0,20,5,16.78,37.79,54.57
27.95,0.0,36.75,68.82,2.52,0.0,2.18,21,5,0.0,0.0,0.0
29.02,0.0,52.26,67.76,5.82,0.0,3.8,22,5,24.82,92.62,117.44
27.08,0.0,25.74,73.5,4.02,0.0,2.94,23,5,13.22,38.38,51.59
23.5,0.0,57.89,77.25,2.07,0.0,2.15,0,5,11.47,5.55,17.02
24.28,0.0,50.74,75.67,2.72,0.0,2.0,1,5,5.15,17.68,22.82
24.45,0.0,36.78,65.47,2.28,0.0,5.89,2,5,39.61,0.0,39.61
27.73,0.0,39.73,58.78,2.75,0.0,1.43,3,5,47.92,0.0,47.92
25.9,0.0,6.23,73.87,2.05,0.0,1.91,4,5,3.63,1.39,5.02
23.56,0.0,27.78,73.4,3.06,0.0,3.52,5,5,15.0,0.0,15.0
27.09,7.4,33.31,73.52,4.9,0.0,1.99,6,5,6.75,23.14,29.89
25.08,282.32,7.45,65.21,8.05,0.0,3.11,7,5,814.52,404.16,1218.69
30.23,427.91,28.07,68.66,2.19,0.0,1.65,8,5,1243.04,20.19,1263.23
29.19,620.74,31.98,61.55,2.69,0.0,2.75,9,5,1713.53,0.0,1713.53
31.05,858.96,13.97,58.82,0.5,0.0,2.66,10,5,2390.12,10.97,2401.1
34.38,856.14,32.38,67.13,2.27,0.0,2.22,11,5,2405.59,28.61,2434.2
31.5,919.42,26.23,70.0,3.31,0.0,3.17,12,5,2565.39,0.0,2565.39
32.13,848.58,33.78,62.19,3.54,0.0,2.34,13,5,2391.59,10.03,2401.62
33.85,787.21,30.49,55.61,2.5,0.0,3.58,14,5,2158.9,0.0,2158.9
36.45,620.27,18.06,54.59,1.82,0.0,2.02,15,5,1751.04,0.0,1751.04
32.45,445.26,24.76,61.24,4.09,0.0,3.43,16,5,1253.36,26.49,1279.85
29.98,183.33,35.26,59.93,3.26,0.0,3.63,17,5,498.47,21.69,520.15
32.76,0.0,15.18,62.27,3.35,0.0,3.62,18,5,33.04,0.0,33.04
33.22,0.0,39.02,55.09,6.76,0.0,4.19,19,5,0.12,167.23,167.35
32.99,0.0,16.42,71.84,4.09,0.0,1.43,20,5,0.0,11.76,11.76
29.2,0.0,37.44,48.09,3.16,0.0,1.71,21,5,12.19,29.73,41.91
27.98,0.0,45.75,60.35,2.43,0.0,1.38,22,5,0.0,7.18,7.18
29.13,0.0,13.23,70.23,3.37,0.0,3.36,23,5,16.14,19.95,36.09
23.64,0.0,29.13,83.25,6.33,0.0,2.07,0,5,0.0,137.36,137.36
25.07,0.0,38.18,64.13,8.24,0.0,2.6,1,5,0.0,417.53,417.53
25.44,0.0,37.97,66.63,3.1,0.0,3.75,2,5,6.35,11.61,17.96
25.66,0.0,27.85,71.89,2.18,0.0,3.89,3,5,39.65,0.0,39.65
24.39,0.0,7.88,73.73,7.06,0.0,0.72,4,5,0.0,216.39,216.39
25.7,0.0,41.63,69.24,1.78,0.0,3.09,5,5,10.36,0.0,10.36
22.71,0.0,33.54,77.99,2.67,0.0,2.51,6,5,6.35,0.0,6.35
26.49,218.85,32.02,69.57,2.15,0.0,3.28,7,5,566.11,0.0,566.11
29.37,462.09,33.08,66.29,4.11,0.0,3.12,8,5,1303.98,0.0,1303.98
28.51,533.31,49.93,77.34,3.26,0.0,2.84,9,5,1524.87,0.0,1524.87
31.36,719.38,31.3,60.04,2.62,0.0,4.72,10,5,1943.37,15.44,1958.81
33.15,838.93,33.32,57.29,5.44,0.0,3.39,11,5,2302.0,53.59,2355.58
33.0,931.07,17.48,56.96,4.7,0.0,2.46,12,5,2595.44,22.6,2618.04
34.57,777.84,39.26,52.8,10.46,0.0,2.71,13,5,2168.23,1178.26,3346.49
33.37,846.73,8.96,58.04,2.75,0.0,1.21,14,5,2376.42,0.0,2376.42
34.67,570.15,38.24,52.47,6.15,0.0,1.29,15,5,1571.93,138.19,1710.12
35.73,476.79,19.79,59.82,2.7,0.0,2.55,16,5,1334.06,13.61,1347.67
34.55,197.86,36.91,61.34,0.5,0.0,3.37,17,5,519.92,16.64,536.56
32.64,6.07,9.26,61.77,1.82,0.0,4.17,18,5,40.28,13.15,53.43
32.82,0.0,1.99,62.81,3.79,0.0,1.99,19,5,4.58,21.4,25.98
32.35,0.0,41.22,66.68,5.8,0.0,3.56,20,5,0.0,98.43,98.43
26.91,0.0,20.8,58.51,1.09,0.0,4.73,21,5,0.0,0.0,0.0
30.43,0.0,46.69,64.67,6.01,0.0,4.34,22,5,0.0,94.28,94.28
26.98,0.0,36.46,79.48,5.05,0.0,3.71,23,5,0.0,23.12,23.12
27.17,0.0,41.07,62.14,0.84,0.0,1.74,0,5,1.31,0.0,1.31
27.53,0.0,32.47,86.01,1.51,0.0,2.52,1,5,6.56,13.81,20.37
23.18,0.0,37.25,68.77,1.26,0.0,3.97,2,5,0.0,0.0,0.0
24.0,0.0,24.78,72.18,4.8,0.0,3.72,3,5,0.0,40.27,40.27
24.8,0.0,14.98,71.57,4.08,0.0,3.73,4,5,33.76,11.22,44.97
24.56,0.0,10.43,58.08,3.0,0.0,3.99,5,5,56.03,1.01,57.04
29.13,19.83,15.08,57.65,1.37,0.0,2.76,6,5,73.35,0.0,73.35
26.28,255.54,36.84,72.75,3.18,0.0,2.65,7,5,732.67,0.0,732.67
27.94,394.9,55.33,63.62,4.82,0.0,7.23,8,5,1004.73,16.3,1021.03
30.37,678.52,15.15,55.6,1.41,0.0,3.38,9,5,1891.51,0.0,1891.51
29.56,712.15,34.79,73.26,6.27,0.0,4.44,10,5,1943.69,123.13,2066.82
31.97,889.86,21.3,63.1,1.15,0.0,3.09,11,5,2515.3,7.84,2523.14
34.08,900.79,26.47,56.98,4.36,0.0,3.41,12,5,2461.41,22.66,2484.06
33.9,926.88,19.15,76.6,2.06,0.0,2.78,13,5,2592.57,0.0,2592.57
34.76,800.7,18.33,49.3,1.4,0.0,3.26,14,5,2188.12,0.0,2188.12
34.27,571.5,39.79,49.61,2.98,0.0,1.73,15,5,1638.79,11.39,1650.18
32.62,474.85,5.57,56.67,4.72,0.0,4.05,16,5,1295.27,14.11,1309.38
34.88,262.85,28.35,59.38,1.62,0.0,6.48,17,5,694.97,17.77,712.74
36.23,10.85,10.28,59.14,3.62,0.0,3.32,18,5,28.44,0.74,29.18
32.59,0.0,30.85,54.07,3.25,0.0,1.29,19,5,16.71,16.86,33.58
31.7,0.0,38.75,49.83,3.36,0.0,2.33,20,5,0.0,0.0,0.0
31.1,0.0,40.2,66.35,7.63,0.0,4.69,21,5,25.86,312.5,338.36
26.87,0.0,14.67,63.23,2.95,0.0,1.82,22,5,0.0,12.4,12.4
30.12,0.0,8.01,62.92,9.84,0.0,3.55,23,5,13.59,904.12,917.72
26.92,0.0,1.69,67.39,3.96,0.0,4.43,0,5,0.0,0.0,0.0
28.27,0.0,7.62,72.73,6.12,0.0,3.74,1,5,17.91,138.81,156.72
24.22,0.0,60.1,65.84,2.95,0.0,1.41,2,5,33.26,0.0,33.26
27.88,0.0,44.75,78.26,1.34,0.0,2.7,3,5,0.0,0.0,0.0
26.48,0.0,36.31,66.05,1.34,0.0,4.23,4,5,0.0,0.22,0.22
26.65,0.0,3.92,56.29,4.16,0.0,2.28,5,5,0.0,20.4,20.4
26.96,27.89,25.26,58.58,7.34,0.0,3.64,6,5,115.44,274.47,389.9
27.28,257.95,14.25,57.85,1.22,0.0,2.28,7,5,704.2,0.0,704.2
30.65,499.22,16.15,56.39,4.86,0.0,3.94,8,5,1358.82,37.14,1395.96
30.36,615.83,32.57,64.64,4.1,0.0,3.37,9,5,1669.24,0.0,1669.24
28.49,609.68,52.91,72.86,4.62,0.0,3.59,10,5,1717.76,27.57,1745.33
30.97,672.58,54.29,44.06,2.22,0.0,2.53,11,5,1905.74,0.0,1905.74
33.4,600.93,67.41,66.07,1.22,0.0,2.29,12,5,1627.63,19.98,1647.61
34.94,911.92,20.0,68.37,1.25,0.0,0.94,13,5,2625.98,29.21,2655.2
34.89,842.2,18.21,73.54,2.4,0.0,2.53,14,5,2347.65,0.0,2347.65
36.98,603.8,33.63,57.99,2.21,0.0,2.8,15,5,1625.4,27.95,1653.35
32.05,416.23,28.1,46.31,1.65,0.0,3.71,16,5,1103.68,0.0,1103.68
34.69,221.26,31.1,46.62,2.5,0.0,1.38,17,5,671.08,15.09,686.18
30.96,0.0,12.58,68.99,3.93,0.0,4.88,18,5,12.36,21.04,33.4
33.79,0.0,20.2,59.2,7.78,0.0,2.51,19,5,3.12,317.29,320.42
31.3,0.0,30.89,56.4,7.19,0.0,2.79,20,5,30.45,236.8,267.25
30.78,0.0,29.49,50.13,2.53,0.0,3.75,21,5,6.44,0.0,6.44
27.56,0.0,39.77,57.32,1.18,0.0,2.89,22,5,0.0,0.0,0.0
29.57,0.0,39.88,67.72,10.49,0.0,3.79,23,5,0.0,1211.33,1211.33
28.26,0.0,10.6,68.93,3.62,0.0,2.6,0,5,40.77,15.88,56.65
26.77,0.0,13.85,74.6,8.81,0.0,2.63,1,5,31.28,559.74,591.02
25.2,0.0,19.04,79.31,3.95,0.0,3.0,2,5,0.0,0.0,0.0
26.1,0.0,28.91,60.66,6.64,0.0,2.73,3,5,3.58,179.99,183.56
24.34,0.0,10.27,77.18,3.46,0.0,3.57,4,5,24.45,16.92,41.37
27.18,0.0,11.11,60.45,4.44,0.0,4.51,5,5,0.0,23.41,23.41
29.17,30.35,27.02,63.0,3.94,0.0,0.98,6,5,70.66,7.63,78.29
29.33,234.51,18.2,57.94,2.24,0.0,4.45,7,5,632.86,0.0,632.86
27.84,336.0,55.8,71.75,5.41,0.0,3.64,8,5,947.06,53.43,1000.49
30.77,707.63,8.05,57.44,1.07,0.0,4.77,9,5,1953.66,6.27,1959.93
29.58,512.11,64.55,68.68,3.02,0.0,3.64,10,5,1397.66,0.0,1397.66
33.59,907.34,13.26,62.53,6.43,0.0,3.94,11,5,2463.18,141.86,2605.04
34.44,785.85,39.03,66.78,3.76,0.0,2.12,12,5,2137.67,39.34,2177.01
31.75,605.0,64.41,65.57,1.28,0.0,4.59,13,5,1697.85,0.0,1697.85
33.32,842.47,15.84,73.97,2.17,0.0,2.19,14,5,2360.7,0.0,2360.7
34.8,582.04,35.75,52.09,1.53,0.0,3.14,15,5,1633.7,2.4,1636.1
34.61,450.37,17.11,63.83,2.57,0.0,5.27,16,5,1166.29,0.0,1166.29
32.74,241.39,31.81,62.92,1.91,0.0,3.98,17,5,693.7,0.0,693.7
34.35,0.0,38.32,51.75,5.02,0.0,2.74,18,5,28.82,30.3,59.12
33.11,0.0,36.84,66.93,4.67,0.0,3.16,19,5,0.0,7.11,7.11
31.23,0.0,5.23,68.33,1.71,0.0,3.91,20,5,0.0,2.6,2.6
29.1,0.0,13.68,58.93,3.45,0.0,4.45,21,5,0.0,20.17,20.17
30.51,0.0,6.44,49.02,2.67,0.0,2.23,22,5,8.66,3.37,12.03
30.21,0.0,23.58,61.91,2.89,0.0,4.13,23,5,40.49,0.0,40.49
26.05,0.0,64.96,62.26,4.17,0.0,3.29,0,5,14.19,2.46,16.65
25.06,0.0,57.82,70.23,6.81,0.0,2.35,1,5,3.44,185.73,189.18
26.22,0.0,23.81,67.63,6.79,0.0,4.19,2,5,33.45,192.95,226.4
24.77,0.0,12.11,83.53,3.28,0.0,2.73,3,5,0.0,6.23,6.23
25.27,0.0,65.4,62.78,3.18,0.0,2.33,4,5,29.45,4.07,33.52
27.09,0.0,62.77,71.23,3.84,0.0,3.53,5,5,0.0,0.0,0.0
23.91,2.51,19.0,59.5,3.61,0.0,3.63,6,5,22.93,24.64,47.57
29.79,279.63,12.02,55.42,1.14,0.0,3.27,7,5,795.4,0.0,795.4
29.12,448.94,23.4,60.51,4.18,0.0,2.16,8,5,1263.57,40.08,1303.65
29.69,695.08,8.38,56.61,4.22,0.0,5.11,9,5,1868.73,20.41,1889.14
31.47,797.35,19.52,64.73,3.48,0.0,4.28,10,5,2146.11,0.0,2146.11
32.75,940.84,4.79,59.47,3.29,0.0,4.04,11,5,2552.35,0.0,2552.35
31.25,986.55,14.16,68.1,7.52,0.0,2.49,12,5,2812.42,303.18,3115.59
36.88,901.92,19.36,46.53,4.31,0.0,2.93,13,5,2468.4,0.78,2469.17
35.2,693.0,48.93,58.19,5.86,0.0,1.99,14,5,1927.17,82.35,2009.52
35.97,601.68,28.0,49.88,7.89,0.0,3.07,15,5,1618.49,359.45,1977.94
36.57,467.13,20.5,65.3,5.8,0.0,2.14,16,5,1317.2,36.71,1353.91
33.11,247.17,18.03,51.06,7.62,0.0,2.74,17,5,714.15,315.43,1029.58
34.55,24.94,62.39,43.47,5.37,0.0,5.84,18,5,83.95,59.98,143.92
32.41,0.0,13.2,55.42,1.94,0.0,6.08,19,5,0.0,32.46,32.46
32.87,0.0,2.95,50.58,2.28,0.0,3.42,20,5,2.4,0.0,2.4
27.12,0.0,45.5,67.6,2.09,0.0,2.96,21,5,8.86,0.0,8.86
28.87,0.0,21.96,69.02,2.81,0.0,4.36,22,5,4.44,0.0,4.44
26.9,0.0,17.67,72.55,2.98,0.0,3.18,23,5,0.0,39.31,39.31
27.5,0.0,15.9,48.92,5.81,0.0,4.78,0,5,10.13,88.11,98.24
26.76,0.0,28.86,72.67,3.01,0.0,3.82,1,5,0.0,0.0,0.0
24.49,0.0,42.99,71.42,5.13,0.0,4.94,2,5,44.78,42.72,87.5
24.32,0.0,42.4,75.43,6.89,0.0,4.91,3,5,0.0,192.67,192.67
25.39,0.0,34.7,75.57,1.57,0.0,2.87,4,5,37.35,0.0,37.35
24.71,0.0,48.49,64.41,0.5,0.0,3.22,5,5,0.0,0.0,0.0
28.11,3.34,12.85,58.03,6.67,0.0,3.87,6,5,8.5,181.4,189.9
27.33,258.06,2.36,68.82,2.35,0.0,5.28,7,5,708.96,0.0,708.96
24.73,356.05,52.44,77.04,1.84,0.0,5.26,8,5,980.98,0.0,980.98
29.82,646.68,20.21,53.2,2.66,0.0,3.54,9,5,1746.74,0.22,1746.96
30.12,680.85,47.53,63.36,2.04,0.0,3.37,10,5,1890.88,1.08,1891.96
30.44,941.01,7.33,58.32,5.65,0.0,4.18,11,5,2576.04,92.28,2668.32
32.07,878.57,28.78,56.34,4.51,0.0,3.82,12,5,2370.35,14.14,2384.49
34.88,897.16,15.05,54.03,1.93,0.0,4.04,13,5,2409.09,0.13,2409.22
37.21,792.02,26.9,59.59,4.21,0.0,3.69,14,5,2133.74,1.64,2135.38
35.86,625.2,35.83,60.6,2.17,0.0,1.2,15,5,1732.76,2.35,1735.11
34.31,362.05,39.57,50.73,2.11,0.0,3.74,16,5,983.53,1.87,985.4
35.4,268.94,22.58,45.53,4.28,0.0,3.51,17,5,729.19,9.62,738.81
33.23,14.76,11.76,67.72,4.7,0.0,3.49,18,5,33.86,19.06,52.92
31.84,0.0,22.17,67.21,2.93,0.0,4.02,19,5,0.0,0.0,0.0
29.95,0.0,55.79,72.97,5.4,0.0,2.19,20,5,0.0,40.0,40.0
27.76,0.0,28.27,70.07,6.06,0.0,4.14,21,5,0.0,91.26,91.26
28.51,0.0,5.47,75.46,7.09,0.0,2.95,22,5,0.0,237.4,237.4
28.12,0.0,18.97,46.72,4.46,0.0,1.88,23,5,2.96,9.36,12.31
26.78,0.0,31.06,65.93,2.24,0.0,4.32,0,5,29.66,22.23,51.89
25.51,0.0,52.37,62.84,5.29,0.0,4.17,1,5,0.0,50.32,50.32
24.21,0.0,60.57,85.83,1.52,0.0,1.89,2,5,13.21,5.88,19.09
26.37,0.0,39.28,57.76,2.01,0.0,2.15,3,5,0.0,6.13,6.13
23.66,0.0,16.87,59.87,6.02,0.0,2.38,4,5,0.0,83.48,83.48
27.3,0.0,15.67,61.23,7.0,0.0,2.04,5,5,0.0,216.59,216.59
25.42,36.86,25.92,64.29,1.18,0.0,3.02,6,5,71.33,0.0,71.33
26.83,236.56,27.17,63.79,2.75,0.0,4.25,7,5,651.12,14.48,665.6
26.97,446.03,17.26,73.87,4.48,0.0,4.25,8,5,1246.42,7.38,1253.8
29.71,718.19,6.67,75.2,7.52,0.0,3.13,9,5,2017.19,304.39,2321.59
33.22,736.3,35.04,66.9,4.14,0.0,1.9,10,5,2053.62,0.08,2053.7
33.74,933.4,16.45,78.34,5.9,0.0,3.91,11,5,2523.17,95.46,2618.63
35.47,894.31,36.98,66.71,7.2,0.0,4.19,12,5,2424.27,233.15,2657.42
35.58,846.55,33.79,51.25,3.85,0.0,2.96,13,5,2299.41,20.75,2320.15
33.64,653.52,50.69,57.74,5.23,0.0,2.57,14,5,1824.24,46.68,1870.92
34.97,438.62,62.4,63.37,4.69,0.0,3.64,15,5,1162.43,31.34,1193.77
34.12,492.89,8.47,48.8,4.75,0.0,2.7,16,5,1350.05,17.98,1368.03
36.79,243.91,11.71,52.36,3.84,0.0,1.54,17,5,621.8,0.1,621.9
32.2,0.0,57.86,65.56,4.45,0.0,2.32,18,5,4.23,16.72,20.95
34.3,0.0,43.61,73.13,4.05,0.0,2.81,19,5,0.0,10.87,10.87
33.1,0.0,11.13,59.55,4.53,0.0,4.81,20,5,0.0,1.12,1.12
33.21,0.0,59.34,60.7,3.77,0.0,2.77,21,5,27.66,22.13,49.79
28.55,0.0,7.51,68.87,2.26,0.0,2.97,22,5,0.0,5.7,5.7
29.03,0.0,9.46,50.29,4.89,0.0,3.82,23,5,18.77,10.13,28.91
30.42,0.0,22.45,59.6,3.13,0.0,3.93,0,5,5.0,0.0,5.0
25.28,0.0,44.36,61.83,1.66,0.0,2.31,1,5,35.26,0.0,35.26
23.4,0.0,19.28,77.13,6.21,0.0,3.41,2,5,38.48,103.74,142.22
22.72,0.0,33.71,68.23,2.01,0.0,5.11,3,5,0.0,14.76,14.76
26.78,0.0,4.21,76.6,3.97,0.0,4.08,4,5,16.3,9.35,25.66
23.38,0.0,69.78,74.43,5.09,0.0,4.36,5,5,57.64,22.33,79.97
26.44,0.0,17.46,65.99,4.6,0.0,4.32,6,5,12.04,26.63,38.67
28.69,217.34,34.43,60.07,1.88,0.0,2.73,7,5,606.11,0.0,606.11
29.52,447.58,29.18,57.87,2.09,0.0,4.81,8,5,1182.05,0.0,1182.05
31.17,634.6,28.49,74.49,1.81,0.0,2.97,9,5,1722.4,7.4,1729.8
32.16,829.26,10.8,44.12,1.23,0.0,3.18,10,5,2261.22,0.0,2261.22
34.95,963.36,4.66,56.38,2.6,0.0,3.31,11,5,2696.06,0.0,2696.06
32.64,953.18,16.15,60.51,3.88,0.0,5.02,12,5,2562.06,1.27,2563.33
33.85,826.2,36.56,40.31,1.96,0.0,5.26,13,5,2206.66,10.43,2217.09
34.21,831.85,17.9,68.42,8.46,0.0,2.19,14,5,2307.91,506.41,2814.32
36.78,559.93,42.51,56.55,4.93,0.0,4.15,15,5,1512.81,30.23,1543.04
36.72,401.17,41.24,60.79,4.21,0.0,1.31,16,5,1120.63,7.84,1128.47
35.54,251.75,5.96,62.3,4.81,0.0,4.56,17,5,643.97,30.76,674.73
35.85,2.18,21.66,63.27,3.41,0.0,2.84,18,5,0.0,0.0,0.0
31.27,0.0,33.41,67.95,3.59,0.0,4.15,19,5,0.0,2.76,2.76
34.33,0.0,14.01,64.28,6.67,0.0,4.35,20,5,0.0,166.19,166.19
32.82,0.0,50.28,62.74,5.09,0.0,2.47,21,5,0.0,23.77,23.77
30.35,0.0,22.38,70.5,4.24,0.0,4.64,22,5,13.36,7.41,20.77
30.71,0.0,7.39,83.95,7.79,0.0,2.99,23,5,34.6,359.54,394.14
24.59,0.0,50.6,62.66,4.69,0.0,1.79,0,5,0.0,8.48,8.48
25.49,0.0,31.35,72.53,3.21,0.0,4.02,1,5,0.0,11.7,11.7
24.68,0.0,28.09,76.1,0.99,0.0,4.15,2,5,45.08,0.0,45.08
26.69,0.0,24.15,54.66,3.17,0.0,4.77,3,5,34.3,0.0,34.3
24.2,0.0,9.95,85.1,7.24,0.0,2.48,4,5,0.0,253.84,253.84
27.42,0.0,16.48,71.31,0.96,0.0,1.57,5,5,39.82,0.0,39.82
29.13,0.0,3.08,66.54,2.03,0.0,3.28,6,5,0.0,0.0,0.0
29.15,182.74,31.86,61.14,5.79,0.0,3.5,7,5,499.66,91.81,591.47
29.74,490.77,20.58,70.08,3.03,0.0,2.74,8,5,1398.98,6.0,1404.98
29.13,660.6,11.51,55.11,2.04,0.0,2.91,9,5,1848.24,9.09,1857.33
30.63,866.3,7.82,76.08,5.85,0.0,3.42,10,5,2390.47,95.41,2485.88
34.98,925.93,12.56,65.4,4.07,0.0,1.75,11,5,2579.06,17.55,2596.6
35.31,983.21,15.74,55.64,4.01,0.0,3.01,12,5,2728.29,12.08,2740.37
34.88,911.82,16.63,68.67,2.65,0.0,4.39,13,5,2434.58,0.0,2434.58
34.81,605.72,52.84,43.3,4.77,0.0,5.01,14,5,1604.19,54.78,1658.97
32.57,686.56,17.34,51.86,6.33,0.0,2.4,15,5,1923.75,152.38,2076.13
33.83,496.92,17.68,58.9,5.3,0.0,3.75,16,5,1312.16,85.96,1398.12
37.81,233.66,44.46,54.47,4.38,0.0,5.44,17,5,613.47,13.3,626.78
32.22,0.0,12.08,63.96,2.96,0.0,4.52,18,5,25.34,0.0,25.34
33.39,0.0,70.04,60.62,6.25,0.0,4.17,19,5,0.0,101.36,101.36
33.41,0.0,16.3,68.91,4.11,0.0,2.54,20,5,0.0,0.0,0.0
28.73,0.0,32.75,52.9,6.68,0.0,5.2,21,5,0.0,165.11,165.11
29.59,0.0,52.88,48.21,2.44,0.0,3.19,22,5,0.0,24.0,24.0
29.52,0.0,30.04,52.43,4.64,0.0,3.13,23,5,0.0,37.47,37.47
27.16,0.0,4.24,56.06,7.44,0.0,4.5,0,5,0.0,276.77,276.77
30.65,0.0,20.24,62.59,3.08,0.0,3.61,1,5,0.0,7.03,7.03
23.35,0.0,34.85,69.94,7.82,0.0,4.27,2,5,0.0,336.36,336.36
27.27,0.0,4.88,68.96,3.18,0.0,4.66,3,5,0.0,9.84,9.84
25.59,0.0,4.85,71.32,3.41,0.0,4.55,4,5,0.96,3.13,4.08
27.51,0.0,52.54,68.35,5.77,0.0,3.4,5,5,12.33,100.95,113.29
27.81,0.0,28.14,53.49,2.47,0.0,5.7,6,5,0.0,1.09,1.09
27.08,258.88,7.75,64.95,4.98,0.0,7.49,7,5,671.42,0.0,671.42
29.73,454.55,16.31,59.43,2.68,0.0,4.03,8,5,1274.73,0.0,1274.73
27.89,675.1,25.03,75.54,4.27,0.0,5.16,9,5,1841.59,10.45,1852.04
32.88,732.24,31.75,62.57,5.5,0.0,4.42,10,5,2005.14,61.73,2066.86
33.63,944.62,11.76,73.77,0.73,0.0,3.69,11,5,2544.31,0.0,2544.31
35.17,839.15,34.86,49.14,1.37,0.0,4.11,12,5,2266.1,32.2,2298.3
36.6,816.54,33.36,52.94,7.43,0.0,3.32,13,5,2241.08,280.86,2521.94
36.06,759.81,23.92,63.3,5.85,0.0,3.16,14,5,2139.94,85.07,2225.01
35.9,644.31,21.25,52.21,6.51,0.0,3.19,15,5,1794.3,143.15,1937.45
34.19,462.16,19.78,61.25,3.42,0.0,4.21,16,5,1236.09,0.0,1236.09
33.94,214.81,30.34,53.67,5.05,0.0,4.69,17,5,536.82,16.94,553.76
36.0,13.5,17.18,65.39,11.35,0.0,4.0,18,5,28.5,1635.38,1663.88
35.34,0.0,24.52,45.63,3.39,0.0,3.83,19,5,27.35,2.1,29.44
31.62,0.0,19.27,76.66,6.16,0.0,4.66,20,5,0.0,116.32,116.32
30.75,0.0,21.47,68.53,1.29,0.0,2.7,21,5,0.0,16.97,16.97
28.03,0.0,34.28,69.62,3.99,0.0,2.99,22,5,0.0,0.87,0.87
29.94,0.0,40.13,66.5,2.86,0.0,3.79,23,5,0.0,20.32,20.32
28.21,0.0,25.54,59.87,3.87,0.0,3.2,0,5,5.88,0.0,5.88
29.33,0.0,70.03,69.76,1.57,0.0,5.15,1,5,19.63,0.0,19.63
24.6,0.0,24.52,65.62,3.05,0.0,2.78,2,5,0.0,0.0,0.0
25.18,0.0,19.16,52.25,1.27,0.0,3.4,3,5,19.72,0.0,19.72
26.27,0.0,5.31,68.52,3.5,0.0,3.54,4,5,4.07,20.03,24.1
27.39,0.0,19.33,60.49,3.44,0.0,4.39,5,5,0.0,6.27,6.27
26.89,2.07,31.13,68.2,2.85,0.0,3.53,6,5,11.74,5.88,17.62
26.94,207.97,56.96,66.85,7.75,0.0,2.62,7,5,595.85,318.46,914.31
30.78,416.9,27.14,51.04,1.32,0.0,4.61,8,5,1157.55,2.76,1160.32
31.83,641.64,19.41,73.9,5.94,0.0,4.02,9,5,1740.38,70.83,1811.21
30.67,762.62,24.53,57.17,2.98,0.0,3.47,10,5,2100.02,0.0,2100.02
35.28,586.48,62.48,65.5,2.12,0.0,4.47,11,5,1540.04,0.75,1540.79
36.04,781.39,41.45,50.34,2.54,0.0,5.33,12,5,2011.4,0.0,2011.4
35.28,794.58,41.83,57.06,6.86,0.0,4.39,13,5,2128.6,227.67,2356.27
35.7,829.16,22.05,58.7,5.94,0.0,3.7,14,5,2242.99,87.65,2330.65
36.58,534.23,48.75,39.11,0.57,0.0,4.43,15,5,1382.83,18.04,1400.86
34.29,508.94,9.32,53.18,1.8,0.0,2.52,16,5,1428.37,13.31,1441.69
35.13,205.07,50.71,59.21,4.77,0.0,3.98,17,5,571.05,38.46,609.51
31.06,0.04,17.63,62.45,2.78,0.0,4.01,18,5,0.0,7.37,7.37
34.57,0.0,25.45,58.05,7.14,0.0,3.36,19,5,0.0,218.33,218.33
29.7,0.0,17.27,70.9,5.59,0.0,5.66,20,5,12.53,77.6,90.12
33.01,0.0,37.04,53.17,6.49,0.0,3.51,21,5,8.11,146.93,155.04
28.96,0.0,34.16,65.03,2.08,0.0,4.56,22,5,0.0,0.0,0.0
27.93,0.0,37.77,54.84,1.82,0.0,3.89,23,5,30.96,9.65,40.61
26.34,0.0,8.26,63.56,7.38,0.0,2.84,0,5,0.0,268.29,268.29
26.06,0.0,13.02,77.77,3.24,0.0,2.76,1,5,0.0,0.0,0.0
28.12,0.0,28.23,65.56,3.3,0.0,3.52,2,5,24.49,36.02,60.51
22.09,0.0,26.46,68.91,4.83,0.0,4.36,3,5,2.68,56.71,59.39
27.9,0.0,32.84,59.18,3.2,0.0,2.29,4,5,0.0,7.13,7.13
27.0,0.0,8.8,55.74,6.49,0.0,2.77,5,5,49.59,154.03,203.62
25.47,14.02,8.26,76.23,8.04,0.0,3.46,6,5,27.9,400.24,428.14
26.71,247.9,27.8,84.05,2.86,0.0,3.93,7,5,653.19,0.0,653.19
32.04,244.61,70.54,57.27,2.17,0.0,4.13,8,5,636.55,7.82,644.36
29.4,674.83,10.62,49.31,1.26,0.0,3.8,9,5,1913.78,5.41,1919.19
30.38,869.28,7.25,74.95,2.21,0.0,3.52,10,5,2377.23,6.8,2384.03
35.02,856.8,23.75,49.86,1.74,0.0,2.88,11,5,2390.5,0.0,2390.5
34.86,734.04,49.77,60.27,0.77,0.0,4.38,12,5,1966.61,0.0,1966.61
33.74,712.54,46.33,62.76,0.98,0.0,4.27,13,5,1979.5,4.07,1983.57
35.97,781.78,21.88,64.87,3.8,0.0,5.42,14,5,2075.09,2.83,2077.92
34.28,578.16,40.36,56.05,4.99,0.0,4.17,15,5,1566.87,36.02,1602.89
37.3,499.17,10.84,57.97,9.1,0.0,3.92,16,5,1294.38,676.19,1970.57
36.74,208.8,51.13,52.32,1.85,0.0,2.98,17,5,554.76,5.07,559.83
35.15,55.93,17.79,40.89,4.93,0.0,3.99,18,5,176.09,36.69,212.78
33.86,0.0,28.65,55.05,4.04,0.0,3.4,19,5,48.78,14.69,63.47
34.75,0.0,28.51,60.29,3.63,0.0,3.73,20,5,0.0,0.0,0.0
30.82,0.0,31.56,54.03,5.09,0.0,4.27,21,5,0.0,32.71,32.71
27.75,0.0,11.07,66.44,2.35,0.0,4.46,22,5,0.0,0.0,0.0
28.99,0.0,72.42,66.37,2.75,0.0,3.72,23,5,2.34,0.0,2.34
30.48,0.0,13.63,73.15,3.14,0.0,4.66,0,5,17.35,0.0,17.35
25.03,0.0,52.69,61.55,2.02,0.0,3.11,1,5,0.0,0.0,0.0
25.51,0.0,37.54,70.34,3.63,0.0,6.47,2,5,0.0,33.99,33.99
26.51,0.0,20.37,58.45,1.69,0.0,3.08,3,5,19.81,24.77,44.58
25.97,0.0,7.47,50.36,2.78,0.0,3.32,4,5,11.53,0.0,11.53
25.08,0.0,20.29,65.09,1.56,0.0,1.11,5,5,0.0,0.48,0.48
29.03,0.0,7.82,59.79,0.86,0.0,2.46,6,5,0.0,25.28,25.28
31.86,245.38,17.83,63.51,2.98,0.0,3.85,7,5,695.09,0.0,695.09
29.88,450.12,13.38,72.43,4.41,0.0,3.94,8,5,1249.82,26.97,1276.79
29.53,679.48,6.86,64.43,1.83,0.0,4.07,9,5,1893.73,23.19,1916.91
29.85,831.22,16.13,57.98,10.09,0.0,4.58,10,5,2232.23,1026.58,3258.82
33.77,682.49,54.69,51.9,2.55,0.0,4.79,11,5,1857.35,16.7,1874.05
36.08,997.62,14.45,65.03,0.68,0.0,4.39,12,5,2656.48,0.0,2656.48
35.93,894.22,17.0,61.38,0.76,0.0,3.66,13,5,2436.84,0.0,2436.84
35.71,855.43,7.5,49.08,4.72,0.0,3.08,14,5,2340.43,24.6,2365.03
35.0,592.8,34.02,46.07,4.74,0.0,4.02,15,5,1628.91,24.05,1652.97
34.08,468.86,21.29,51.03,6.87,0.0,3.3,16,5,1298.88,210.21,1509.1
36.47,222.11,26.18,63.15,1.39,0.0,5.49,17,5,572.6,4.95,577.55
35.79,0.0,27.12,48.5,3.09,0.0,4.24,18,5,0.0,1.67,1.67
31.07,0.0,20.91,65.4,6.68,0.0,3.68,19,5,0.13,140.13,140.26
34.56,0.0,51.06,71.07,5.69,0.0,2.91,20,5,0.0,73.02,73.02
31.75,0.0,16.79,54.54,2.32,0.0,4.61,21,5,42.88,0.0,42.88
31.69,0.0,44.0,57.96,6.69,0.0,4.39,22,5,0.0,159.93,159.93
26.37,0.0,12.02,67.1,4.81,0.0,4.45,23,5,2.02,21.96,23.98
25.36,0.0,35.56,55.72,2.49,0.0,3.78,0,5,0.0,9.59,9.59
26.4,0.0,4.73,61.65,0.96,0.0,2.51,1,5,34.18,0.0,34.18
26.87,0.0,17.91,68.18,3.73,0.0,4.79,2,5,22.18,26.98,49.16
28.64,0.0,32.2,56.85,5.03,0.0,4.71,3,5,0.0,49.21,49.21
27.18,0.0,21.29,83.49,2.52,0.0,3.58,4,5,3.19,0.0,3.19
26.25,0.0,66.46,63.55,1.93,0.0,5.08,5,5,3.11,0.0,3.11
25.87,26.9,29.8,66.53,1.26,0.0,4.88,6,5,63.65,0.0,63.65
30.29,248.43,25.14,58.05,6.11,0.0,5.53,7,5,672.32,125.49,797.81
28.21,448.27,29.54,63.21,1.07,0.0,4.78,8,5,1246.43,0.0,1246.43
33.39,630.95,28.0,53.15,4.36,0.0,4.27,9,5,1721.81,7.84,1729.65
31.82,779.09,17.82,44.22,5.4,0.0,5.24,10,5,2050.29,46.15,2096.43
35.83,875.44,18.77,53.12,5.54,0.0,4.5,11,5,2287.2,67.68,2354.88
35.5,809.48,37.5,70.85,4.63,0.0,4.93,12,5,2069.15,14.72,2083.87
35.07,833.38,30.92,69.94,4.63,0.0,2.76,13,5,2290.54,14.15,2304.69
35.0,872.8,8.94,48.56,3.61,0.0,4.81,14,5,2311.19,1.37,2312.56
35.44,619.12,30.34,43.71,3.3,0.0,4.16,15,5,1669.49,0.93,1670.42
36.42,459.46,17.65,38.87,1.73,0.0,4.96,16,5,1200.0,7.36,1207.36
35.39,224.93,27.69,48.74,3.94,0.0,4.38,17,5,594.73,6.38,601.1
33.59,27.49,22.82,54.24,1.22,0.0,4.4,18,5,71.34,20.24,91.58
33.2,0.0,6.88,62.38,3.58,0.0,4.11,19,5,0.0,0.0,0.0
32.36,0.0,34.99,56.85,5.16,0.0,2.77,20,5,19.16,16.37,35.53
27.76,0.0,49.13,72.72,3.44,0.0,4.43,21,5,0.0,0.0,0.0
30.34,0.0,54.23,67.34,3.79,0.0,4.62,22,5,0.0,0.0,0.0
26.98,0.0,11.59,69.4,6.11,0.0,4.15,23,5,0.0,117.64,117.64
25.75,0.0,18.27,67.13,4.59,0.0,4.94,0,5,0.0,27.35,27.35
24.15,0.0,13.68,77.92,1.66,0.0,4.01,1,5,11.66,4.7,16.36
23.49,0.0,15.57,75.89,3.98,0.0,3.41,2,5,9.83,18.48,28.31
23.98,0.0,23.53,58.55,3.03,0.0,4.05,3,5,0.0,9.28,9.28
25.12,0.0,22.84,73.09,2.17,0.0,5.25,4,5,0.0,16.54,16.54
29.61,0.0,50.69,58.87,4.6,0.0,3.71,5,5,26.27,30.97,57.24
26.69,0.0,13.97,74.33,3.15,0.0,4.95,6,5,19.49,1.8,21.29
28.78,191.51,46.43,69.72,5.43,0.0,4.52,7,5,483.18,75.48,558.66
30.32,427.01,32.38,76.37,4.23,0.0,4.07,8,5,1159.59,19.08,1178.66
31.21,511.33,51.12,45.57,1.49,0.0,5.14,9,5,1395.79,8.04,1403.83
32.19,768.79,26.94,62.83,2.96,0.0,4.04,10,5,2128.75,0.0,2128.75
31.72,897.68,18.44,55.74,2.52,0.0,4.63,11,5,2492.74,0.0,2492.74
36.72,976.23,3.03,71.97,1.81,0.0,5.57,12,5,2575.13,0.0,2575.13
38.05,941.92,13.3,29.06,5.71,0.0,6.01,13,5,2389.53,91.54,2481.07
33.32,861.37,12.44,62.52,3.1,0.0,3.63,14,5,2353.37,0.0,2353.37
34.48,736.91,16.67,62.09,4.39,0.0,5.03,15,5,1986.1,8.09,1994.2
35.42,460.96,24.84,39.39,6.58,0.0,5.67,16,5,1166.59,150.05,1316.64
33.89,233.44,39.37,62.48,3.98,0.0,5.89,17,5,623.19,25.9,649.09
35.31,4.34,41.52,40.49,2.46,0.0,4.07,18,5,0.0,0.0,0.0
32.42,0.0,26.55,54.3,5.63,0.0,3.71,19,5,11.91,53.47,65.38
35.55,0.0,8.75,59.61,3.4,0.0,4.82,20,5,19.72,0.0,19.72
32.8,0.0,28.31,51.82,4.1,0.0,4.8,21,5,0.0,0.83,0.83
30.04,0.0,24.69,63.57,6.86,0.0,3.23,22,5,41.89,201.43,243.32
30.05,0.0,27.17,62.88,3.69,0.0,4.93,23,5,0.0,0.0,0.0
29.2,0.0,50.45,68.24,2.87,0.0,5.24,0,5,13.74,0.0,13.74
25.9,0.0,8.56,59.38,5.13,0.0,4.75,1,5,30.57,53.64,84.21
25.02,0.0,23.02,76.38,1.7,0.0,4.61,2,5,5.3,6.9,12.2
26.19,0.0,8.04,44.45,7.04,0.0,3.71,3,5,0.0,239.27,239.27
27.54,0.0,17.1,78.11,7.07,0.0,3.09,4,5,0.0,258.43,258.43
26.95,0.0,8.42,64.6,4.19,0.0,4.54,5,5,0.0,4.39,4.39
25.17,22.76,29.67,67.56,1.84,0.0,4.51,6,5,44.81,16.06,60.87
27.37,203.51,44.34,68.62,3.49,0.0,2.79,7,5,574.59,0.0,574.59
29.67,400.93,30.11,64.93,3.34,0.0,4.8,8,5,1098.71,6.33,1105.04
30.96,735.33,7.18,61.83,2.68,0.0,5.23,9,5,1979.71,0.0,1979.71
35.33,771.57,20.4,66.59,1.97,0.0,4.71,10,5,2072.24,1.2,2073.44
31.49,897.79,16.31,48.99,2.49,0.0,5.21,11,5,2420.2,18.25,2438.44
35.37,969.44,3.86,48.92,4.05,0.0,4.44,12,5,2591.47,41.78,2633.25
37.64,682.82,56.68,57.3,4.84,0.0,4.13,13,5,1846.15,31.58,1877.73
39.31,590.12,54.83,48.9,8.88,0.0,5.56,14,5,1525.22,589.8,2115.02
35.47,662.59,11.71,66.77,2.22,0.0,4.97,15,5,1730.96,18.81,1749.78
36.64,429.75,36.45,72.94,2.15,0.0,3.45,16,5,1167.48,13.26,1180.75
36.26,212.73,24.76,55.53,1.59,0.0,3.32,17,5,533.24,4.71,537.95
34.9,9.31,23.05,43.35,7.53,0.0,5.64,18,5,0.0,289.17,289.17
33.42,0.0,72.16,51.85,3.12,0.0,3.71,19,5,25.29,0.0,25.29
33.02,0.0,33.86,43.03,7.22,0.0,4.0,20,5,54.25,248.25,302.5
27.27,0.0,13.52,71.22,6.68,0.0,4.16,21,5,19.05,177.17,196.22
30.8,0.0,21.85,54.46,0.95,0.0,6.16,22,5,17.23,0.0,17.23
28.76,0.0,20.35,63.21,2.58,0.0,2.45,23,5,4.71,4.77,9.48
27.26,0.0,34.66,63.97,2.7,0.0,4.8,0,5,0.0,1.61,1.61
29.87,0.0,17.45,72.19,2.56,0.0,6.0,1,5,29.75,25.47,55.22
25.29,0.0,38.75,69.1,3.35,0.0,5.27,2,5,0.0,14.15,14.15
25.53,0.0,28.89,66.2,3.74,0.0,4.79,3,5,0.0,33.42,33.42
29.29,0.0,2.77,56.49,5.36,0.0,3.6,4,5,38.38,41.98,80.36
25.55,0.0,9.84,73.17,2.51,0.0,4.18,5,5,51.86,9.97,61.83
26.77,24.96,13.81,58.07,2.68,0.0,4.58,6,5,16.06,0.16,16.21
28.41,203.54,22.13,54.88,4.3,0.0,4.28,7,5,584.98,20.29,605.27
31.1,504.92,12.74,56.93,2.0,0.0,5.28,8,5,1363.67,0.0,1363.67
31.44,659.35,11.01,77.94,3.6,0.0,6.37,9,5,1754.58,0.0,1754.58
30.49,719.72,39.15,61.62,2.42,0.0,4.64,10,5,2003.98,0.0,2003.98
32.83,752.07,42.27,59.19,2.11,0.0,5.09,11,5,2029.8,16.69,2046.49
33.76,924.73,23.08,61.04,5.67,0.0,4.41,12,5,2497.63,67.49,2565.13
35.35,922.26,21.44,58.45,4.99,0.0,3.83,13,5,2475.16,41.02,2516.18
36.6,784.39,21.53,53.34,2.41,0.0,5.0,14,5,2075.54,0.0,2075.54
36.76,522.18,55.3,47.14,3.3,0.0,3.18,15,5,1433.52,0.0,1433.52
33.3,485.77,11.48,55.53,1.84,0.0,4.97,16,5,1252.33,4.21,1256.53
37.06,156.98,66.04,52.88,1.05,0.0,3.35,17,5,408.82,0.0,408.82
35.05,23.72,16.44,45.62,4.22,0.0,5.3,18,5,63.41,2.51,65.92
35.71,0.0,19.88,54.42,3.02,0.0,3.29,19,5,0.0,11.15,11.15
33.09,0.0,19.91,60.85,2.17,0.0,5.13,20,5,40.56,0.0,40.56
32.78,0.0,11.73,55.37,1.57,0.0,6.1,21,5,0.0,3.74,3.74
30.54,0.0,5.99,72.26,4.8,0.0,4.05,22,5,0.0,27.19,27.19
30.65,0.0,18.37,64.42,2.53,0.0,3.89,23,5,50.33,11.83,62.16
28.44,0.0,25.42,58.78,6.94,0.0,4.41,0,5,0.0,184.59,184.59
26.71,0.0,48.44,63.64,2.08,0.0,5.1,1,5,0.0,16.86,16.86
29.77,0.0,20.27,73.11,2.38,0.0,2.9,2,5,27.12,9.23,36.36
27.52,0.0,24.32,61.04,6.22,0.0,4.12,3,5,0.0,127.06,127.06
27.22,0.0,21.11,59.92,4.15,0.0,5.81,4,5,0.0,19.91,19.91
24.94,0.0,41.18,62.3,1.52,0.0,4.62,5,5,0.12,0.0,0.12
25.72,0.0,20.82,68.73,4.02,0.0,3.93,6,5,26.78,12.38,39.16
29.13,231.01,34.05,65.81,2.73,0.0,4.11,7,5,642.39,6.13,648.52
30.11,506.41,17.04,68.3,5.2,0.0,5.35,8,5,1395.56,36.23,1431.79
30.27,625.04,26.02,56.86,1.28,0.0,5.6,9,5,1701.43,10.52,1711.96
32.69,684.32,46.37,71.91,7.11,0.0,5.05,10,5,1810.86,229.71,2040.57
36.07,895.28,21.18,59.8,3.63,0.0,5.21,11,5,2373.07,22.97,2396.04
35.77,1027.58,6.01,52.75,5.18,0.0,3.37,12,5,2780.85,55.37,2836.22
33.81,869.54,29.78,65.05,4.97,0.0,4.25,13,5,2374.56,45.36,2419.92
35.85,799.34,20.3,71.21,1.99,0.0,5.17,14,5,2110.46,0.0,2110.46
34.98,658.29,21.9,60.91,6.55,0.0,4.89,15,5,1754.7,178.15,1932.85
35.44,425.79,28.88,70.55,2.32,0.0,4.59,16,5,1100.51,2.16,1102.68
34.9,202.75,45.37,49.05,2.07,0.0,3.32,17,5,543.22,0.0,543.22
34.01,0.0,14.13,42.76,3.86,0.0,4.76,18,5,0.0,19.27,19.27
31.81,0.0,24.67,65.1,9.19,0.0,2.47,19,5,0.0,690.59,690.59
32.29,0.0,32.35,69.34,2.76,0.0,4.44,20,5,0.0,23.0,23.0
30.35,0.0,38.7,51.97,8.22,0.0,4.27,21,5,19.4,472.2,491.59
25.5,0.0,14.44,78.34,3.4,0.0,3.33,22,5,0.0,0.0,0.0
31.77,0.0,23.04,57.38,6.04,0.0,4.47,23,5,0.0,130.63,130.63
29.34,0.0,10.49,68.67,3.91,0.0,3.38,0,5,20.99,9.6,30.59
26.35,0.0,23.03,69.5,2.16,0.0,4.24,1,5,5.16,0.0,5.16
26.44,0.0,31.08,70.99,6.55,0.0,2.97,2,5,23.19,136.99,160.18
24.49,0.0,11.68,74.15,1.23,0.0,6.07,3,5,11.97,0.0,11.97
28.96,0.0,36.27,63.56,4.82,0.0,2.23,4,5,10.39,13.47,23.85
29.76,0.0,36.45,59.84,6.0,0.0,5.02,5,5,0.0,104.22,104.22
27.94,0.0,26.77,68.22,6.01,0.0,2.72,6,5,0.0,88.96,88.96
30.28,237.65,4.94,60.45,4.64,0.0,4.53,7,5,676.56,8.36,684.92
30.21,466.6,31.6,57.2,2.42,0.0,5.15,8,5,1272.34,0.0,1272.34
29.24,669.67,7.4,66.46,3.92,0.0,4.63,9,5,1855.97,3.04,1859.01
31.92,742.65,31.58,55.92,4.48,0.0,4.42,10,5,2069.05,11.05,2080.1
33.94,876.08,27.51,56.71,6.68,0.0,3.55,11,5,2392.14,160.48,2552.62
34.1,851.91,27.01,53.83,1.88,0.0,3.95,12,5,2329.07,16.04,2345.11
35.25,970.29,6.17,69.19,3.56,0.0,5.07,13,5,2588.83,21.07,2609.9
35.94,761.5,26.39,56.72,2.86,0.0,3.85,14,5,2074.59,0.0,2074.59
36.12,576.42,34.84,42.98,3.36,0.0,6.16,15,5,1520.44,0.95,1521.39
36.15,494.4,12.86,65.59,2.02,0.0,5.08,16,5,1274.58,0.09,1274.67
33.98,221.73,41.06,43.72,2.23,0.0,6.9,17,5,574.63,0.0,574.63
33.7,0.0,10.72,75.67,5.45,0.0,3.42,18,5,0.0,54.61,54.61
31.82,0.0,29.21,61.14,3.63,0.0,1.84,19,5,0.0,0.0,0.0
34.0,0.0,50.82,53.2,3.82,0.0,4.38,20,5,23.59,14.11,37.7
28.09,0.0,22.78,62.39,6.79,0.0,3.45,21,5,20.45,175.31,195.75
31.68,0.0,6.41,48.24,2.36,0.0,5.0,22,5,0.0,0.0,0.0
30.82,0.0,39.89,61.18,2.84,0.0,4.85,23,5,0.0,22.63,22.63
27.31,0.0,27.46,62.66,2.73,0.0,5.76,0,5,34.17,0.0,34.17
23.06,0.0,57.5,70.82,4.67,0.0,5.08,1,5,0.0,17.43,17.43
25.93,0.0,14.4,75.09,4.09,0.0,3.14,2,5,8.13,0.0,8.13
26.2,0.0,34.24,69.99,3.59,0.0,4.69,3,5,20.67,0.0,20.67
24.95,0.0,39.04,59.81,4.73,0.0,5.6,4,5,17.21,31.14,48.35
26.19,0.0,8.22,59.64,3.66,0.0,5.7,5,5,0.0,1.38,1.38
30.06,0.0,16.57,64.94,5.85,0.0,4.64,6,5,61.36,72.08,133.43
29.79,282.93,11.61,67.17,3.27,0.0,4.41,7,5,798.93,0.0,798.93
28.62,350.04,46.56,64.08,6.69,0.0,6.4,8,5,949.74,167.42,1117.16
28.9,645.31,27.95,68.76,1.61,0.0,4.31,9,5,1808.46,0.0,1808.46
32.1,723.94,35.75,61.62,1.41,0.0,5.54,10,5,1944.57,22.1,1966.68
33.48,770.52,41.81,60.2,4.65,0.0,5.94,11,5,2032.52,34.77,2067.28
35.58,979.07,2.79,63.03,3.16,0.0,5.92,12,5,2544.49,18.02,2562.51
34.82,624.84,59.37,72.59,3.51,0.0,5.69,13,5,1617.2,0.0,1617.2
36.89,846.06,14.51,57.12,4.91,0.0,5.33,14,5,2195.45,28.54,2223.99
39.2,535.86,42.91,76.62,2.21,0.0,4.54,15,5,1431.05,5.25,1436.3
37.35,356.59,50.19,55.33,0.95,0.0,5.42,16,5,972.11,0.0,972.11
35.56,277.12,5.97,57.36,3.42,0.0,4.39,17,5,720.19,0.0,720.19
34.56,0.0,44.08,73.16,6.75,0.0,5.69,18,5,0.0,185.41,185.41
33.26,0.0,20.3,57.77,3.48,0.0,3.37,19,5,0.0,0.0,0.0
34.36,0.0,31.48,43.28,4.15,0.0,4.62,20,5,37.54,8.17,45.71
30.36,0.0,26.23,53.82,2.18,0.0,3.95,21,5,8.34,9.1,17.44
30.07,0.0,6.44,70.16,3.55,0.0,2.91,22,5,17.44,43.25,60.69
28.87,0.0,42.01,68.26,3.64,0.0,3.84,23,5,34.98,1.19,36.17
27.06,0.0,52.32,59.1,2.33,0.0,2.83,0,5,0.0,10.62,10.62
24.96,0.0,26.24,53.38,1.9,0.0,4.16,1,5,15.54,14.15,29.69
27.0,0.0,3.57,63.55,2.95,0.0,4.88,2,5,9.98,18.19,28.17
26.26,0.0,22.99,77.08,0.9,0.0,5.75,3,5,7.04,0.0,7.04
27.27,0.0,42.04,65.37,1.92,0.0,4.25,4,5,0.0,7.98,7.98
26.22,0.0,49.52,64.69,5.16,0.0,2.81,5,5,25.79,49.05,74.84
29.64,0.0,22.1,54.63,4.61,0.0,4.45,6,5,0.43,15.98,16.41
27.53,206.64,11.68,63.37,2.76,0.0,5.73,7,5,572.12,0.0,572.12
32.62,429.17,37.35,64.11,4.03,0.0,2.85,8,5,1226.21,9.94,1236.15
28.73,533.09,43.26,63.0,5.98,0.0,3.87,9,5,1438.19,84.32,1522.5
33.3,616.24,54.4,57.69,6.08,0.0,4.5,10,5,1643.9,109.55,1753.45
34.56,756.05,39.79,66.49,4.64,0.0,3.0,11,5,2069.26,24.9,2094.16
33.69,882.49,24.61,52.34,1.64,0.0,3.94,12,5,2396.05,0.0,2396.05
36.32,924.09,11.16,59.18,1.9,0.0,6.07,13,5,2397.28,0.0,2397.28
38.1,888.62,7.99,52.02,2.64,0.0,5.38,14,5,2331.92,12.07,2343.99
33.02,587.04,35.33,72.49,4.74,0.0,3.53,15,5,1607.37,9.25,1616.62
36.93,495.78,21.63,61.6,2.46,0.0,5.48,16,5,1300.6,16.95,1317.55
31.94,201.82,48.85,71.37,3.56,0.0,4.96,17,5,588.16,18.51,606.67
33.44,0.0,39.23,63.8,5.95,0.0,6.46,18,5,0.0,99.06,99.06
36.29,0.0,15.31,51.52,6.71,0.0,4.79,19,5,0.0,184.55,184.55
31.77,0.0,54.29,72.2,6.08,0.0,3.8,20,5,16.74,110.34,127.08
29.59,0.0,41.78,66.37,1.58,0.0,3.43,21,5,5.58,0.0,5.58
29.76,0.0,34.23,65.09,7.0,0.0,5.03,22,5,75.25,201.83,277.08
31.95,0.0,36.53,54.32,4.83,0.0,4.61,23,5,0.0,26.69,26.69
25.12,0.0,57.39,74.78,4.42,0.0,5.19,0,5,15.03,28.92,43.95
25.49,0.0,30.25,65.0,2.4,0.0,4.01,1,5,2.26,0.0,2.26
28.82,0.0,24.68,60.19,7.3,0.0,5.42,2,5,22.17,277.87,300.04
29.19,0.0,27.13,66.37,0.6,0.0,5.93,3,5,0.0,0.0,0.0
26.41,0.0,44.29,62.35,1.32,0.0,4.96,4,5,39.98,2.73,42.71
25.21,0.0,26.63,62.67,1.84,0.0,5.75,5,5,0.0,12.34,12.34
31.01,0.0,27.55,54.3,4.9,0.0,5.05,6,5,70.4,30.16,100.55
31.29,234.87,8.88,69.68,4.44,0.0,4.97,7,5,613.78,22.93,636.71
31.12,502.63,5.65,73.11,7.66,0.0,4.24,8,5,1355.38,285.96,1641.34
30.18,677.61,17.86,78.08,2.95,0.0,5.96,9,5,1768.89,4.68,1773.57
32.62,802.11,17.18,67.34,2.94,0.0,4.16,10,5,2247.69,0.0,2247.69
33.66,771.65,42.8,40.1,4.74,0.0,4.98,11,5,2082.53,0.0,2082.53
35.43,948.78,13.75,59.05,1.97,0.0,3.79,12,5,2599.52,0.0,2599.52
37.91,918.38,21.59,51.54,3.55,0.0,5.59,13,5,2383.33,31.68,2415.0
37.55,699.25,42.03,73.06,0.56,0.0,4.56,14,5,1846.53,11.56,1858.1
34.78,644.08,27.8,60.4,4.26,0.0,5.27,15,5,1753.66,28.71,1782.37
38.29,507.66,16.05,46.4,5.57,0.0,3.49,16,5,1383.37,82.95,1466.32
36.2,271.22,3.81,49.75,2.15,0.0,3.8,17,5,794.7,0.0,794.7
35.97,0.0,27.91,41.87,2.73,0.0,3.98,18,5,61.94,9.43,71.37
36.1,0.0,39.61,55.12,1.69,0.0,5.01,19,5,8.69,20.54,29.23
31.03,0.0,44.67,49.2,4.4,0.0,4.88,20,5,28.62,16.42,45.04
31.35,0.0,55.15,45.23,4.1,0.0,4.46,21,5,0.0,0.0,0.0
29.31,0.0,39.83,56.38,5.95,0.0,4.03,22,5,11.2,90.52,101.72
26.55,0.0,48.59,58.95,8.44,0.0,3.44,23,5,0.0,488.45,488.45
28.43,0.0,11.14,65.46,9.13,0.0,5.43,0,5,3.09,695.43,698.52
30.88,0.0,62.79,65.04,1.52,0.0,3.78,1,5,0.32,0.0,0.32
23.86,0.0,42.46,70.41,4.04,0.0,5.21,2,5,0.0,9.17,9.17
26.4,0.0,41.71,66.43,5.62,0.0,3.29,3,5,41.86,66.78,108.63
27.58,0.0,31.16,69.04,4.67,0.0,4.86,4,5,4.8,29.58,34.38
27.3,0.0,16.71,75.46,6.78,0.0,6.04,5,5,0.0,183.88,183.88
27.74,0.0,12.76,57.74,3.44,0.0,5.22,6,5,4.97,7.77,12.74
27.0,252.55,13.41,69.23,3.36,0.0,4.88,7,5,688.85,0.61,689.47
30.5,424.25,31.22,62.6,0.73,0.0,5.83,8,5,1164.42,0.0,1164.42
30.31,612.96,31.97,65.89,0.57,0.0,4.17,9,5,1674.39,0.0,1674.39
29.46,622.6,50.46,62.12,4.89,0.0,4.1,10,5,1740.6,32.89,1773.49
35.74,760.13,38.71,49.0,3.59,0.0,5.14,11,5,2023.36,0.0,2023.36
36.42,754.84,50.06,54.18,4.68,0.0,4.39,12,5,2031.56,34.72,2066.28
35.85,897.46,19.53,50.15,2.35,0.0,4.07,13,5,2390.62,6.1,2396.72
36.62,742.01,31.6,47.14,6.35,0.0,3.47,14,5,2002.83,119.08,2121.91
38.06,430.91,64.3,62.82,6.87,0.0,3.74,15,5,1168.87,198.53,1367.4
36.61,475.33,9.82,56.28,4.69,0.0,5.65,16,5,1226.85,27.95,1254.8
37.13,232.75,16.41,38.64,2.57,0.0,5.62,17,5,631.58,3.13,634.71
34.54,28.75,60.19,31.19,2.22,0.0,7.35,18,5,75.49,0.0,75.49
35.91,0.0,38.58,54.69,4.46,0.0,5.88,19,5,33.84,39.69,73.53
33.22,0.0,55.6,54.07,7.57,0.0,5.15,20,5,0.0,329.11,329.11
31.74,0.0,18.35,61.1,4.18,0.0,5.72,21,5,36.52,0.0,36.52
28.25,0.0,9.62,67.04,6.08,0.0,3.73,22,5,0.0,98.31,98.31
29.38,0.0,20.56,63.65,4.11,0.0,5.34,23,5,1.97,27.52,29.48
26.71,0.0,57.58,60.7,4.77,0.0,4.71,0,5,0.0,50.39,50.39
26.21,0.0,59.59,75.32,4.12,0.0,7.1,1,5,16.04,0.04,16.08
25.44,0.0,21.03,59.15,4.16,0.0,6.07,2,5,0.0,18.58,18.58
24.89,0.0,50.95,78.86,5.22,0.0,5.74,3,5,0.0,50.4,50.4
29.85,0.0,47.76,67.84,3.2,0.0,3.92,4,5,0.0,0.0,0.0
29.16,0.0,33.28,58.75,6.89,0.0,8.21,5,5,0.0,216.53,216.53
30.84,22.37,17.09,65.52,6.35,0.0,4.65,6,5,60.42,122.22,182.64
27.16,217.25,32.6,63.56,5.12,0.0,4.23,7,5,625.19,40.6,665.79
30.31,537.65,3.79,73.57,5.25,0.0,5.77,8,5,1475.87,26.01,1501.88
29.55,644.72,21.15,58.45,3.29,0.0,3.37,9,5,1795.98,0.0,1795.98
31.74,764.64,27.61,67.34,6.02,0.0,3.92,10,5,2057.15,108.87,2166.02
32.62,938.92,10.27,49.73,7.39,0.0,4.07,11,5,2563.26,298.28,2861.54
36.89,929.01,19.43,57.44,5.67,0.0,5.12,12,5,2405.71,76.61,2482.33
35.23,900.17,15.16,59.11,1.7,0.0,5.14,13,5,2342.15,9.39,2351.54
37.92,850.18,13.24,58.57,5.59,0.0,4.23,14,5,2248.82,78.48,2327.3
37.4,486.39,54.77,58.07,3.56,0.0,4.59,15,5,1249.14,11.17,1260.31
39.78,399.7,52.68,48.83,4.36,0.0,1.79,16,5,1069.34,7.96,1077.3
33.6,253.96,22.21,43.15,9.79,0.0,4.69,17,5,696.94,893.54,1590.48
36.92,6.48,27.61,43.96,3.0,0.0,4.98,18,5,0.05,0.0,0.05
35.71,0.0,33.87,39.63,2.95,0.0,5.91,19,5,21.16,2.73,23.89
31.33,0.0,22.71,59.26,2.49,0.0,4.81,20,5,19.57,0.0,19.57
33.0,0.0,20.08,68.46,1.66,0.0,5.53,21,5,4.55,8.94,13.48
30.7,0.0,24.42,56.23,1.93,0.0,4.59,22,5,0.0,18.75,18.75
28.65,0.0,4.04,61.45,3.82,0.0,6.91,23,5,8.1,0.77,8.87
26.77,0.0,24.08,62.15,6.98,0.0,4.96,0,5,45.15,223.66,268.8
26.13,0.0,33.63,69.64,5.8,0.0,4.94,1,5,9.96,74.07,84.03
29.78,0.0,13.47,64.65,2.02,0.0,3.96,2,5,0.0,0.0,0.0
26.54,0.0,19.05,63.8,4.09,0.0,5.81,3,5,0.0,0.0,0.0
27.88,0.0,29.18,57.78,6.16,0.0,5.3,4,5,2.71,113.97,116.68
26.02,0.0,53.27,72.79,3.96,0.0,6.06,5,5,2.61,20.29,22.91
26.83,5.23,24.05,75.56,7.01,0.0,4.42,6,5,23.58,210.72,234.3
30.66,241.16,26.7,68.63,6.95,0.0,5.07,7,5,614.0,215.02,829.02
28.22,475.88,12.88,55.97,2.94,0.0,6.38,8,5,1305.98,2.59,1308.57
30.91,638.78,26.51,43.7,6.48,0.0,6.9,9,5,1676.31,142.86,1819.16
32.88,714.65,32.51,57.63,4.22,0.0,6.04,10,5,1917.06,24.28,1941.34
34.2,895.68,25.33,68.97,3.64,0.0,5.57,11,5,2312.4,0.0,2312.4
34.8,1004.26,5.91,41.31,5.49,0.0,3.76,12,5,2685.15,68.24,2753.39
36.46,895.87,28.0,51.96,5.62,0.0,4.57,13,5,2417.78,71.68,2489.46
37.41,830.47,14.83,66.99,4.77,0.0,2.77,14,5,2269.36,41.21,2310.57
37.64,685.96,1.79,61.68,5.81,0.0,5.46,15,5,1780.53,81.8,1862.33
34.89,511.06,13.63,58.98,7.83,0.0,4.73,16,5,1353.51,341.82,1695.32
35.44,200.96,41.87,46.92,6.47,0.0,5.54,17,5,529.46,152.16,681.61
36.86,0.0,15.16,66.7,1.25,0.0,4.64,18,5,57.64,13.47,71.11
35.38,0.0,34.75,55.06,6.2,0.0,4.08,19,5,0.0,138.79,138.79
30.77,0.0,26.37,44.08,5.55,0.0,4.41,20,5,0.0,65.64,65.64
32.06,0.0,23.84,72.09,7.28,0.0,6.42,21,5,0.0,260.07,260.07
27.28,0.0,16.52,57.97,5.22,0.0,6.2,22,5,30.99,73.44,104.43
29.11,0.0,51.52,89.52,6.53,0.0,4.85,23,5,34.4,159.13,193.53
30.89,0.0,56.95,60.47,0.5,0.0,6.47,0,5,0.0,23.5,23.5
25.83,0.0,30.51,71.4,8.78,0.0,5.98,1,5,19.76,600.08,619.84
25.5,0.0,30.7,69.15,2.07,0.0,4.44,2,5,0.0,22.82,22.82
27.73,0.0,11.0,63.6,6.36,0.0,4.25,3,5,32.13,129.98,162.11
24.44,0.0,26.15,76.02,7.33,0.0,3.99,4,5,10.4,252.5,262.9
26.3,0.0,26.23,69.05,0.5,0.0,4.7,5,5,0.0,7.27,7.27
28.94,0.0,13.24,64.76,7.04,0.0,5.7,6,5,0.0,194.17,194.17
28.13,191.85,58.57,57.01,5.98,0.0,4.39,7,5,521.9,107.4,629.3
29.93,465.0,31.81,61.89,7.19,0.0,3.96,8,5,1276.86,220.51,1497.37
32.7,624.74,35.75,50.36,1.99,0.0,6.46,9,5,1639.54,4.37,1643.91
33.51,793.11,27.13,62.04,5.52,0.0,5.43,10,5,2113.33,59.65,2172.98
34.48,843.78,36.46,60.34,3.68,0.0,4.86,11,5,2248.06,0.0,2248.06
34.61,949.48,20.58,58.88,2.46,0.0,2.74,12,5,2614.81,0.0,2614.81
36.46,746.29,38.51,65.19,5.35,0.0,5.71,13,5,1976.33,55.84,2032.17
36.22,814.81,16.17,61.95,3.6,0.0,3.67,14,5,2165.91,30.14,2196.06
37.27,580.44,44.08,70.96,6.83,0.0,5.1,15,5,1505.93,191.33,1697.25
35.66,454.08,20.86,64.08,5.01,0.0,5.72,16,5,1181.09,60.26,1241.35
35.64,243.04,35.91,57.49,1.74,0.0,6.03,17,5,611.82,3.5,615.31
33.63,15.48,28.14,56.27,2.42,0.0,3.96,18,5,52.91,0.0,52.91
34.03,0.0,13.07,46.87,2.49,0.0,5.98,19,5,0.0,0.65,0.65
31.66,0.0,54.2,72.01,2.92,0.0,5.04,20,5,0.0,0.0,0.0
29.91,0.0,24.44,67.67,4.72,0.0,5.33,21,5,20.68,43.27,63.96
30.67,0.0,30.15,58.57,6.75,0.0,3.73,22,5,19.59,181.53,201.12
29.4,0.0,41.81,66.2,4.27,0.0,3.32,23,5,0.0,13.07,13.07
29.26,0.0,45.32,64.97,5.31,0.0,6.85,0,5,0.0,63.97,63.97
26.64,0.0,48.0,66.3,2.78,0.0,6.6,1,5,0.0,0.0,0.0
27.4,0.0,18.33,73.52,3.87,0.0,3.01,2,5,23.49,18.31,41.79
27.45,0.0,17.72,53.68,3.77,0.0,5.78,3,5,0.33,6.67,7.01
27.46,0.0,24.47,72.87,4.94,0.0,4.48,4,5,15.81,37.93,53.74
26.05,0.0,49.02,78.29,3.84,0.0,5.96,5,5,2.62,13.01,15.64
28.31,6.44,61.07,56.13,2.87,0.0,3.4,6,5,16.35,3.69,20.04
29.67,201.47,37.41,47.74,2.38,0.0,4.75,7,5,500.63,0.0,500.63
30.34,521.3,4.65,66.32,2.44,0.0,5.42,8,5,1377.32,0.0,1377.32
28.49,479.63,59.23,72.54,8.95,0.0,3.15,9,5,1343.27,633.37,1976.64
33.15,730.47,34.96,52.17,2.99,0.0,3.58,10,5,1961.66,0.48,1962.15
37.44,892.47,21.32,42.88,5.77,0.0,4.6,11,5,2348.46,67.43,2415.88
34.61,885.84,26.4,42.42,1.22,0.0,3.68,12,5,2419.29,0.0,2419.29
34.86,870.38,30.4,65.84,1.38,0.0,4.84,13,5,2290.24,0.0,2290.24
37.01,589.27,56.73,53.75,4.84,0.0,4.72,14,5,1584.59,63.07,1647.66
37.09,555.09,46.78,64.92,3.52,0.0,5.42,15,5,1500.84,23.46,1524.3
38.24,454.98,5.67,30.9,6.56,0.0,5.51,16,5,1188.58,183.24,1371.82
34.06,232.65,28.22,58.79,6.34,0.0,4.4,17,5,616.85,126.15,742.99
36.25,5.72,12.66,64.41,5.34,0.0,5.81,18,5,33.99,58.11,92.09
35.0,0.0,49.99,49.48,5.85,0.0,3.73,19,5,15.09,80.31,95.4
32.7,0.0,43.82,65.67,6.43,0.0,3.97,20,5,0.0,166.42,166.42
32.13,0.0,16.33,52.01,5.57,0.0,2.44,21,5,0.0,61.36,61.36
31.87,0.0,31.29,53.17,3.89,0.0,4.73,22,5,0.0,8.87,8.87
30.43,0.0,54.13,63.05,2.5,0.0,6.3,23,5,24.12,4.72,28.84
26.41,0.0,41.78,62.47,5.6,0.0,4.97,0,6,0.0,92.14,92.14
28.56,0.0,24.56,75.69,2.78,0.0,3.99,1,6,10.68,12.67,23.36
26.73,0.0,22.22,66.99,2.38,0.0,2.81,2,6,0.48,0.21,0.7
26.77,0.0,30.34,78.13,1.95,0.0,3.1,3,6,11.99,25.69,37.67
26.94,0.0,58.63,72.06,4.47,0.0,4.51,4,6,0.0,20.82,20.82
27.1,0.0,18.21,59.19,2.37,0.0,4.55,5,6,0.0,18.37,18.37
29.91,0.0,42.54,64.89,3.08,0.0,5.52,6,6,16.34,0.0,16.34
29.03,289.5,8.53,57.5,5.0,0.0,6.26,7,6,740.09,64.72,804.81
28.68,409.21,36.2,73.81,5.65,0.0,5.31,8,6,1089.64,73.55,1163.19
31.07,705.7,6.72,73.38,2.77,0.0,4.39,9,6,1863.03,9.44,1872.47
33.22,709.15,37.16,45.31,6.12,0.0,5.57,10,6,1921.77,100.77,2022.53
36.0,787.95,42.51,60.33,1.1,0.0,5.49,11,6,2070.49,0.0,2070.49
36.1,941.71,17.13,65.37,9.29,0.0,6.05,12,6,2449.9,732.47,3182.37
34.71,689.72,51.91,64.49,3.3,0.0,4.06,13,6,1885.89,9.12,1895.01
40.21,679.17,43.65,49.92,2.82,0.0,5.49,14,6,1746.96,0.0,1746.96
37.05,640.69,25.45,76.49,7.22,0.0,5.56,15,6,1657.64,246.13,1903.78
38.4,384.83,42.58,54.81,1.7,0.0,4.74,16,6,1013.65,0.0,1013.65
35.76,242.44,2.86,44.22,2.99,0.0,3.61,17,6,680.91,0.0,680.91
35.99,0.0,56.74,61.35,3.0,0.0,5.0,18,6,0.0,0.0,0.0
35.42,0.0,7.38,65.24,3.34,0.0,4.2,19,6,2.62,0.0,2.62
34.78,0.0,14.33,62.0,6.18,0.0,5.86,20,6,0.0,124.7,124.7
33.24,0.0,2.27,60.75,6.19,0.0,4.83,21,6,0.0,149.6,149.6
31.67,0.0,31.25,49.87,4.26,0.0,4.98,22,6,28.77,27.42,56.18
28.68,0.0,8.66,51.35,9.86,0.0,4.59,23,6,0.0,914.73,914.73
27.3,0.0,38.42,58.49,6.14,0.0,4.71,0,6,0.0,112.02,112.02
27.86,0.0,28.5,46.31,4.81,0.0,6.69,1,6,41.3,31.18,72.47
28.26,0.0,6.93,77.32,2.12,0.0,5.56,2,6,3.13,2.89,6.01
26.36,0.0,29.08,67.93,4.02,0.0,3.59,3,6,0.0,9.2,9.2
28.46,0.0,18.05,62.16,2.21,0.0,4.93,4,6,53.16,0.0,53.16
29.54,0.0,39.76,52.05,2.7,0.0,3.57,5,6,0.0,0.0,0.0
26.78,36.71,11.72,56.58,4.84,0.0,6.66,6,6,30.98,40.28,71.26
27.94,285.87,21.55,65.63,2.03,0.0,6.3,7,6,751.88,21.46,773.35
30.19,488.74,19.58,60.46,1.39,0.0,6.67,8,6,1265.02,0.0,1265.02
32.16,623.17,32.45,61.47,3.92,0.0,3.21,9,6,1746.62,0.0,1746.62
32.2,829.79,17.34,49.73,0.5,0.0,3.86,10,6,2312.33,16.63,2328.96
36.22,680.67,51.87,58.6,4.36,0.0,4.13,11,6,1828.01,15.67,1843.68
35.87,773.85,41.88,66.21,6.85,0.0,3.95,12,6,2099.95,170.51,2270.46
36.08,793.76,33.58,53.41,2.07,0.0,3.99,13,6,2141.96,0.0,2141.96
34.37,582.54,57.96,64.03,3.13,0.0,4.09,14,6,1611.31,24.12,1635.43
34.72,687.34,4.3,55.94,7.09,0.0,4.7,15,6,1834.94,224.3,2059.25
36.94,418.93,40.58,51.59,4.96,0.0,5.41,16,6,1060.36,47.11,1107.47
32.82,178.16,44.78,63.04,1.72,0.0,5.56,17,6,470.16,0.0,470.16
36.75,5.07,18.61,51.17,3.12,0.0,6.02,18,6,0.0,0.0,0.0
33.96,0.0,32.11,53.23,5.34,0.0,5.31,19,6,0.0,73.94,73.94
37.85,0.0,34.43,62.23,4.7,0.0,5.31,20,6,0.0,23.82,23.82
35.16,0.0,9.74,42.27,1.85,0.0,6.26,21,6,0.0,12.4,12.4
30.13,0.0,39.95,63.57,1.14,0.0,5.79,22,6,25.67,15.22,40.88
29.03,0.0,47.03,55.7,4.81,0.0,5.29,23,6,0.0,28.46,28.46
29.69,0.0,23.53,77.83,4.36,0.0,3.12,0,6,11.96,17.36,29.31
29.95,0.0,11.04,70.31,1.11,0.0,6.52,1,6,0.0,0.0,0.0
24.44,0.0,9.19,79.9,8.63,0.0,3.26,2,6,5.0,507.42,512.42
24.05,0.0,17.26,71.72,2.43,0.0,4.23,3,6,0.0,18.85,18.85
25.97,0.0,51.05,72.89,3.14,0.0,2.64,4,6,0.0,27.57,27.57
28.27,0.0,33.71,66.76,1.99,0.0,6.84,5,6,38.27,0.0,38.27
28.94,0.0,30.22,59.77,5.98,0.0,4.36,6,6,0.0,126.4,126.4
30.83,220.18,36.38,76.17,8.16,0.0,5.06,7,6,642.62,434.79,1077.41
28.63,403.68,45.64,70.27,2.2,0.0,3.27,8,6,1168.54,0.0,1168.54
28.25,628.75,32.78,58.5,2.6,0.0,5.19,9,6,1709.42,0.0,1709.42
34.31,452.91,76.27,45.3,4.98,0.64,6.1,10,6,1204.15,0.0,1204.15
32.99,841.18,28.88,51.28,3.9,0.0,4.12,11,6,2300.44,16.71,2317.15
32.24,712.79,50.44,60.77,1.5,0.0,4.97,12,6,1892.31,0.0,1892.31
36.28,642.65,57.04,50.26,7.31,0.0,5.32,13,6,1700.75,256.1,1956.86
37.75,740.74,35.49,61.17,4.37,0.0,3.82,14,6,1986.27,9.36,1995.63
36.54,656.99,22.43,57.38,2.69,0.0,5.78,15,6,1702.15,0.51,1702.66
35.87,454.41,18.71,53.96,3.69,0.0,4.07,16,6,1244.43,13.18,1257.61
35.82,256.4,24.79,56.03,3.75,0.0,5.11,17,6,660.78,22.2,682.97
34.71,0.0,26.42,56.37,3.88,0.0,4.84,18,6,0.0,0.0,0.0
32.21,0.0,42.91,58.48,3.73,0.0,6.16,19,6,0.0,0.0,0.0
31.95,0.0,18.72,63.74,4.09,0.0,5.21,20,6,0.0,16.66,16.66
32.51,0.0,16.56,55.88,3.18,0.0,2.74,21,6,39.32,0.0,39.32
30.92,0.0,8.8,52.56,1.79,0.0,5.08,22,6,0.0,2.42,2.42
29.48,0.0,53.98,69.61,4.7,0.0,5.12,23,6,22.28,39.52,61.8
26.73,0.0,29.72,60.56,5.64,0.0,5.44,0,6,0.0,63.3,63.3
27.16,0.0,5.61,76.33,6.1,0.0,4.42,1,6,2.67,76.58,79.25
23.66,0.0,24.67,69.28,0.67,0.0,3.46,2,6,0.0,0.0,0.0
27.03,0.0,16.43,62.99,3.24,0.0,3.43,3,6,22.83,43.02,65.85
29.07,0.0,38.23,56.64,8.81,0.0,4.75,4,6,0.0,586.41,586.41
25.22,0.0,0.07,66.26,1.14,0.0,6.59,5,6,3.08,0.0,3.08
27.35,0.0,18.88,68.98,5.58,0.0,4.92,6,6,8.96,65.93,74.89
29.75,261.4,10.77,56.98,1.65,0.0,4.86,7,6,729.14,11.39,740.53
32.35,468.34,22.48,66.08,5.94,0.0,5.21,8,6,1247.16,81.34,1328.51
31.09,607.71,35.98,52.84,4.75,0.0,5.89,9,6,1568.75,69.17,1637.91
32.02,705.75,40.27,67.9,5.11,0.0,4.58,10,6,1951.7,28.28,1979.98
31.31,821.76,34.79,62.31,8.76,0.0,5.78,11,6,2232.59,559.88,2792.47
35.45,939.3,14.43,52.86,7.54,0.0,6.02,12,6,2430.94,326.55,2757.49
39.15,922.6,11.91,55.09,2.71,0.0,5.68,13,6,2398.95,9.05,2408.0
37.01,835.4,12.47,67.42,3.09,0.0,6.07,14,6,2163.61,30.21,2193.82
36.73,658.31,20.28,64.15,3.25,0.0,6.88,15,6,1724.01,25.98,1749.99
37.07,489.86,4.4,57.43,2.01,0.0,4.9,16,6,1288.78,12.24,1301.02
36.07,265.98,7.48,63.2,3.12,0.0,4.5,17,6,691.79,0.0,691.79
34.08,46.34,2.24,54.72,8.85,0.0,3.58,18,6,98.99,588.7,687.7
35.5,0.0,7.05,51.37,3.69,0.0,5.31,19,6,2.36,0.0,2.36
33.39,0.0,13.64,64.62,7.86,0.0,4.9,20,6,0.0,352.43,352.43
31.79,0.0,15.3,62.76,1.23,0.0,5.78,21,6,50.34,0.0,50.34
29.0,0.0,5.0,61.88,0.9,0.0,4.77,22,6,0.0,0.0,0.0
31.22,0.0,30.3,67.99,4.16,0.0,3.95,23,6,0.0,31.91,31.91
29.25,0.0,39.98,64.25,5.2,0.0,4.92,0,6,0.0,59.85,59.85
26.63,0.0,52.72,77.32,2.23,0.0,3.19,1,6,0.0,0.0,0.0
28.46,0.0,43.94,47.92,3.76,0.0,4.9,2,6,0.0,11.73,11.73
26.04,0.0,17.34,63.7,6.46,0.0,4.34,3,6,22.36,121.08,143.43
25.79,0.0,42.26,75.44,5.39,0.0,6.24,4,6,0.0,60.06,60.06
26.32,0.0,30.27,80.63,2.31,0.0,6.32,5,6,0.0,0.0,0.0
25.6,0.0,33.73,78.9,2.87,0.0,5.0,6,6,39.99,0.0,39.99
30.0,243.86,16.06,57.94,2.72,0.0,3.09,7,6,681.25,0.0,681.25
27.75,531.23,10.12,75.84,5.07,0.0,3.9,8,6,1466.77,50.59,1517.37
29.95,605.71,21.08,48.57,8.36,0.0,4.99,9,6,1641.02,458.7,2099.73
29.97,805.92,8.33,55.67,2.58,0.0,4.11,10,6,2214.71,0.0,2214.71
34.16,818.82,34.73,55.94,4.24,0.0,4.7,11,6,2217.36,0.0,2217.36
35.1,933.77,22.72,60.51,9.51,0.0,6.65,12,6,2406.95,798.77,3205.72
35.63,847.07,25.26,48.39,1.86,0.0,4.53,13,6,2248.47,4.46,2252.93
35.06,624.08,52.39,55.83,4.67,0.0,5.04,14,6,1646.18,16.53,1662.71
35.03,685.79,10.52,67.86,2.86,0.0,5.28,15,6,1880.9,0.0,1880.9
37.32,485.74,3.26,44.82,9.85,0.0,4.03,16,6,1307.44,935.97,2243.4
35.29,228.45,33.71,46.62,1.53,0.0,4.34,17,6,658.95,10.13,669.08
35.8,0.0,20.35,49.72,3.49,0.0,4.72,18,6,46.31,0.0,46.31
32.96,0.0,29.2,78.55,2.44,0.0,5.12,19,6,3.56,12.11,15.67
33.36,0.0,40.5,62.33,0.81,0.0,5.88,20,6,7.51,0.0,7.51
33.75,0.0,70.59,51.64,8.19,0.0,3.89,21,6,0.77,412.6,413.38
31.38,0.0,47.19,68.7,4.12,0.0,5.01,22,6,23.55,16.71,40.26
28.67,0.0,23.06,49.9,4.94,0.0,2.03,23,6,15.2,52.58,67.77
28.67,0.0,13.12,63.55,4.43,0.0,4.93,0,6,13.37,21.98,35.36
27.13,0.0,30.08,67.52,1.8,0.0,5.34,1,6,0.0,12.85,12.85
27.0,0.0,13.64,75.5,1.95,0.0,5.15,2,6,0.0,0.0,0.0
26.33,0.0,34.96,55.88,4.47,0.0,6.98,3,6,0.0,16.28,16.28
26.74,0.0,60.83,77.18,5.54,0.0,4.35,4,6,0.0,85.3,85.3
27.81,0.0,76.01,73.84,4.37,1.08,4.65,5,6,14.58,29.05,43.63
26.79,0.0,32.24,77.54,4.14,0.0,4.78,6,6,21.47,24.6,46.07
27.79,237.99,17.6,56.04,5.27,0.0,5.51,7,6,596.45,42.97,639.42
28.44,461.15,27.58,78.75,2.38,0.0,6.77,8,6,1214.92,0.0,1214.92
29.42,627.65,25.31,48.65,5.16,0.0,6.08,9,6,1703.67,48.37,1752.04
31.29,845.72,9.29,51.44,3.28,0.0,4.49,10,6,2298.04,0.0,2298.04
34.56,842.98,30.0,58.96,4.76,0.0,3.42,11,6,2316.09,1.24,2317.33
34.02,971.85,16.36,55.16,2.55,0.0,5.92,12,6,2555.9,13.12,2569.02
36.92,884.16,23.54,43.97,1.73,0.0,5.2,13,6,2297.29,0.0,2297.29
36.7,763.09,32.25,73.87,0.77,0.0,5.74,14,6,1991.43,0.0,1991.43
33.87,464.4,57.01,44.79,5.74,0.0,3.65,15,6,1227.07,92.05,1319.12
37.63,385.38,54.21,39.95,2.11,0.0,4.29,16,6,1059.79,0.0,1059.79
37.37,260.76,17.88,56.77,3.02,0.0,4.05,17,6,692.62,0.0,692.62
33.86,33.16,36.2,57.93,5.45,0.0,5.74,18,6,97.62,74.07,171.69
34.95,0.0,51.12,45.36,3.48,0.0,2.92,19,6,0.0,15.86,15.86
31.83,0.0,16.49,78.24,2.23,0.0,3.61,20,6,0.0,24.03,24.03
31.97,0.0,33.66,61.47,2.09,0.0,5.26,21,6,0.0,0.0,0.0
28.63,0.0,16.53,60.09,3.26,0.0,3.04,22,6,0.0,0.0,0.0
26.63,0.0,29.05,67.04,4.11,0.0,5.27,23,6,0.0,11.28,11.28
27.74,0.0,32.9,53.13,3.18,0.0,4.43,0,6,19.58,1.49,21.06
27.33,0.0,48.63,74.91,6.9,0.0,2.32,1,6,1.09,181.24,182.33
26.42,0.0,57.49,69.38,0.5,0.0,6.07,2,6,2.46,5.79,8.25
25.07,0.0,50.83,66.93,3.23,0.0,3.0,3,6,0.0,0.0,0.0
26.42,0.0,48.12,67.29,5.24,0.0,5.55,4,6,37.94,74.81,112.75
27.92,0.0,25.89,58.4,6.7,0.0,5.99,5,6,0.0,164.21,164.21
28.24,24.01,12.45,74.2,3.0,0.0,5.3,6,6,67.82,0.0,67.82
29.62,239.96,6.18,58.23,4.76,0.0,5.97,7,6,654.24,36.51,690.75
29.55,411.6,48.4,59.1,4.19,0.0,3.47,8,6,1162.53,23.1,1185.63
33.6,511.98,48.51,60.27,2.13,0.0,4.22,9,6,1330.21,0.0,1330.21
31.37,786.58,26.3,45.3,4.81,0.0,6.22,10,6,2061.23,9.61,2070.84
35.08,703.78,54.16,61.31,2.41,0.0,6.48,11,6,1832.04,27.5,1859.54
37.15,891.64,24.76,54.19,5.57,0.0,7.12,12,6,2289.91,103.23,2393.14
36.9,787.11,35.97,58.98,6.38,0.0,4.44,13,6,2038.0,150.03,2188.03
36.37,581.26,59.03,53.42,3.63,0.0,4.97,14,6,1525.51,0.27,1525.79
36.05,700.02,4.84,49.0,1.06,0.0,5.87,15,6,1850.56,0.0,1850.56
38.23,434.24,29.09,54.04,5.2,0.0,4.66,16,6,1171.26,51.42,1222.69
34.04,184.63,38.89,66.09,3.57,0.0,2.85,17,6,529.76,11.55,541.31
33.93,26.34,11.63,53.86,1.42,0.0,5.73,18,6,76.18,0.0,76.18
33.75,0.0,37.91,65.14,2.85,0.0,4.83,19,6,19.59,0.0,19.59
35.0,0.0,13.09,54.62,2.64,0.0,5.4,20,6,23.64,0.0,23.64
32.41,0.0,35.44,56.45,5.12,0.0,5.82,21,6,26.37,23.48,49.85
29.1,0.0,28.93,71.17,3.34,0.0,5.7,22,6,39.26,2.12,41.38
28.88,0.0,49.19,67.12,4.23,0.0,5.42,23,6,2.61,16.65,19.26
27.41,0.0,13.54,55.15,3.75,0.0,5.22,0,6,32.65,11.12,43.77
26.47,0.0,18.76,65.62,5.11,0.0,5.62,1,6,0.0,33.53,33.53
28.51,0.0,44.59,55.5,5.06,0.0,3.94,2,6,0.0,55.16,55.16
24.81,0.0,13.57,73.45,3.47,0.0,4.64,3,6,42.31,5.93,48.24
29.45,0.0,29.61,56.38,1.71,0.0,4.24,4,6,55.84,14.89,70.74
28.78,0.0,36.41,65.75,3.26,0.0,4.8,5,6,5.6,0.49,6.09
29.97,9.52,28.43,67.19,1.88,0.0,4.73,6,6,42.26,0.0,42.26
28.67,200.62,42.5,68.82,8.05,0.0,3.2,7,6,516.12,410.72,926.84
30.35,375.36,51.55,58.2,7.79,0.0,4.3,8,6,1023.48,340.09,1363.57
29.72,583.55,36.89,63.73,3.51,0.0,6.02,9,6,1578.24,0.14,1578.38
32.38,849.25,10.75,54.57,0.75,0.0,4.62,10,6,2297.85,0.0,2297.85
35.11,877.23,19.76,53.48,3.08,0.0,5.1,11,6,2333.42,0.0,2333.42
37.35,963.79,18.41,46.59,6.76,0.0,7.08,12,6,2460.44,176.49,2636.93
34.54,770.66,39.2,58.0,2.62,0.0,5.36,13,6,2067.17,0.0,2067.17
36.15,822.75,18.0,59.44,4.44,0.0,6.58,14,6,2086.3,50.33,2136.64
36.64,681.16,3.46,48.28,2.03,0.0,5.26,15,6,1836.82,21.27,1858.09
34.61,339.39,54.71,50.77,5.94,0.0,4.56,16,6,936.4,88.54,1024.93
37.09,241.14,11.29,67.26,6.71,0.0,4.61,17,6,647.11,170.95,818.06
34.32,10.44,22.69,51.1,4.4,0.0,5.39,18,6,27.78,40.14,67.92
34.08,0.0,36.74,63.86,4.45,0.0,5.18,19,6,0.0,34.11,34.11
32.49,0.0,22.85,68.07,3.1,0.0,6.23,20,6,1.54,7.11,8.65
30.69,0.0,23.59,64.46,4.99,0.0,7.42,21,6,0.0,38.91,38.91
30.56,0.0,79.2,65.24,3.63,0.15,5.98,22,6,37.46,0.46,37.92
29.05,0.0,19.47,64.72,5.26,0.0,5.17,23,6,21.24,49.69,70.93
27.8,0.0,54.6,54.73,8.37,0.0,5.53,0,6,9.56,469.45,479.01
26.47,0.0,19.37,75.8,5.92,0.0,5.53,1,6,0.0,84.71,84.71
27.54,0.0,48.17,62.38,3.84,0.0,5.23,2,6,0.0,32.37,32.37
29.37,0.0,9.54,70.41,8.84,0.0,4.56,3,6,0.0,605.08,605.08
27.27,0.0,12.91,66.09,4.35,0.0,4.47,4,6,0.0,24.67,24.67
29.06,0.0,46.14,67.96,1.17,0.0,5.32,5,6,35.13,0.0,35.13
26.27,0.0,19.99,69.65,5.15,0.0,4.04,6,6,18.21,56.74,74.95
29.63,162.4,69.71,59.71,5.89,0.0,4.9,7,6,457.35,60.24,517.58
28.95,433.74,31.24,70.59,1.71,0.0,6.62,8,6,1147.44,0.0,1147.44
29.68,624.82,34.0,52.7,4.8,0.0,3.75,9,6,1732.46,40.36,1772.82
32.08,824.89,19.81,70.35,7.17,0.0,4.52,10,6,2255.14,248.78,2503.92
36.18,924.09,9.74,64.4,2.42,0.0,4.63,11,6,2465.2,0.0,2465.2
36.85,915.62,22.91,52.66,4.22,0.0,6.04,12,6,2384.75,24.03,2408.78
36.59,984.65,3.98,57.11,2.55,0.0,5.42,13,6,2552.86,21.17,2574.03
34.42,674.98,41.55,55.67,5.49,0.0,5.83,14,6,1822.13,48.92,1871.05
36.6,681.91,16.85,48.44,4.2,0.0,6.12,15,6,1739.73,23.01,1762.74
37.17,421.36,30.81,53.71,3.36,0.0,7.46,16,6,1074.06,2.81,1076.87
36.48,197.5,36.19,57.4,0.77,0.0,3.1,17,6,538.18,3.83,542.01
32.66,0.0,17.08,70.46,7.66,0.0,8.01,18,6,17.37,324.22,341.59
33.06,0.0,32.03,57.74,3.73,0.0,6.2,19,6,17.77,0.81,18.59
33.09,0.0,22.21,59.37,5.75,0.0,7.36,20,6,32.28,107.72,140.0
32.7,0.0,20.56,70.21,3.17,0.0,4.62,21,6,0.0,19.5,19.5
27.3,0.0,29.99,70.3,6.19,0.0,5.17,22,6,28.85,143.12,171.97
29.15,0.0,19.79,52.85,1.88,0.0,3.99,23,6,1.76,1.48,3.24
28.59,0.0,58.35,64.45,2.31,0.0,3.41,0,6,16.67,0.0,16.67
28.86,0.0,8.83,71.07,2.87,0.0,4.99,1,6,27.65,6.54,34.19
28.12,0.0,25.33,84.91,1.37,0.0,4.59,2,6,10.78,16.53,27.31
27.79,0.0,10.43,67.14,3.45,0.0,4.73,3,6,0.0,5.75,5.75
25.88,0.0,69.39,51.28,3.67,0.0,4.16,4,6,6.61,5.0,11.61
24.72,0.0,54.63,54.77,1.57,0.0,5.4,5,6,20.96,1.47,22.43
27.79,29.35,51.73,60.16,3.36,0.0,5.22,6,6,83.47,12.06,95.53
30.91,248.07,2.05,54.32,2.11,0.0,5.15,7,6,702.17,1.47,703.64
32.71,409.64,34.16,66.37,6.49,0.0,4.14,8,6,1124.1,141.45,1265.55
32.98,589.67,24.0,74.39,3.8,0.0,4.07,9,6,1636.59,0.0,1636.59
33.85,630.51,46.13,64.59,7.84,0.0,5.05,10,6,1683.99,348.33,2032.32
34.98,850.85,26.6,64.28,2.91,0.0,3.89,11,6,2337.02,0.0,2337.02
34.61,945.01,21.83,62.76,2.91,0.0,5.29,12,6,2498.8,0.0,2498.8
36.05,812.81,36.87,58.65,2.89,0.0,3.83,13,6,2200.98,27.17,2228.15
39.24,719.45,40.55,45.82,2.52,0.0,6.09,14,6,1821.86,8.23,1830.09
35.5,647.95,26.67,62.71,5.57,0.0,4.32,15,6,1736.83,76.85,1813.68
39.16,398.48,41.85,49.08,2.59,0.0,6.49,16,6,1023.89,0.0,1023.89
35.76,237.38,24.36,62.71,2.62,0.0,5.55,17,6,586.28,0.0,586.28
37.44,10.76,34.55,57.54,0.99,0.0,4.15,18,6,63.93,8.6,72.53
32.3,0.0,67.36,60.24,8.25,0.0,5.32,19,6,4.78,450.3,455.07
34.08,0.0,26.17,52.15,6.64,0.0,6.2,20,6,17.04,172.91,189.95
30.81,0.0,43.61,61.46,2.65,0.0,4.26,21,6,0.0,3.45,3.45
28.49,0.0,38.61,60.15,3.86,0.0,4.46,22,6,0.0,0.0,0.0
29.74,0.0,21.3,49.51,3.65,0.0,5.27,23,6,0.0,29.31,29.31
29.91,0.0,30.23,54.24,1.36,0.0,6.0,0,6,17.21,21.19,38.39
26.33,0.0,18.53,69.75,3.92,0.0,4.8,1,6,29.62,29.91,59.52
24.85,0.0,16.63,48.35,1.56,0.0,5.29,2,6,1.81,0.0,1.81
26.79,0.0,23.39,85.86,3.4,0.0,6.28,3,6,0.0,9.17,9.17
26.97,0.0,10.27,62.61,1.36,0.0,4.28,4,6,27.81,16.03,43.83
28.42,0.0,37.29,71.76,4.24,0.0,3.86,5,6,29.8,21.26,51.06
29.82,0.0,24.68,45.92,1.01,0.0,6.08,6,6,7.81,0.0,7.81
29.34,148.15,65.6,55.95,4.48,0.0,5.55,7,6,415.98,26.83,442.82
33.42,503.64,16.4,67.39,4.99,0.0,3.44,8,6,1420.63,47.17,1467.8
32.27,505.22,54.1,63.62,4.14,0.0,6.51,9,6,1343.95,19.68,1363.63
32.7,470.4,73.83,56.59,3.58,0.0,5.62,10,6,1272.96,0.0,1272.96
32.01,846.29,34.39,76.49,1.13,0.0,5.39,11,6,2308.11,22.82,2330.93
35.07,931.02,23.31,45.61,0.5,0.0,4.8,12,6,2497.61,22.09,2519.7
35.76,861.68,26.88,64.86,2.91,0.0,4.39,13,6,2283.7,10.04,2293.75
38.2,704.47,43.28,49.73,5.47,0.0,5.22,14,6,1913.37,71.52,1984.89
37.62,592.52,32.58,47.07,4.59,0.0,6.01,15,6,1567.8,3.25,1571.05
34.99,460.14,8.61,41.28,1.65,0.0,4.04,16,6,1273.92,0.0,1273.92
36.52,279.69,11.03,40.59,4.86,0.0,4.88,17,6,731.59,10.82,742.41
36.47,30.75,60.03,56.35,4.16,0.0,5.79,18,6,85.71,52.46,138.17
36.72,0.0,5.33,55.54,1.92,0.0,6.02,19,6,0.0,6.23,6.23
34.55,0.0,16.57,51.45,5.34,0.0,4.27,20,6,0.0,65.8,65.8
33.07,0.0,55.15,57.68,5.99,0.0,5.04,21,6,0.0,98.23,98.23
30.73,0.0,28.89,60.94,2.32,0.0,4.44,22,6,0.0,0.0,0.0
30.01,0.0,56.1,59.22,4.52,0.0,5.06,23,6,0.0,4.78,4.78
30.28,0.0,35.54,54.65,3.1,0.0,5.1,0,6,0.0,0.0,0.0
25.62,0.0,18.99,72.48,1.1,0.0,5.07,1,6,16.84,3.2,20.03
26.59,0.0,26.95,77.05,6.33,0.0,6.07,2,6,9.2,122.38,131.58
25.79,0.0,8.9,71.06,5.9,0.0,4.99,3,6,31.22,109.89,141.11
27.68,0.0,32.39,69.26,2.78,0.0,3.3,4,6,0.0,0.0,0.0
29.46,0.0,33.33,69.7,3.92,0.0,4.13,5,6,11.58,9.99,21.56
27.51,3.03,1.42,64.12,3.81,0.0,7.68,6,6,6.4,0.0,6.4
25.86,237.86,10.55,62.83,1.99,0.0,4.12,7,6,667.92,17.54,685.46
30.03,521.27,4.87,47.04,1.79,0.0,5.42,8,6,1390.11,10.52,1400.63
33.32,569.45,40.59,54.6,6.14,0.0,6.28,9,6,1450.34,98.25,1548.59
34.05,573.55,49.47,53.1,6.4,0.0,6.69,10,6,1495.2,137.58,1632.78
35.09,940.63,12.21,48.48,5.11,0.0,5.06,11,6,2480.17,30.56,2510.72
35.06,961.02,0.86,58.8,1.24,0.0,5.79,12,6,2504.79,21.32,2526.11
34.36,847.45,36.58,56.23,6.97,0.0,4.84,13,6,2259.97,197.9,2457.86
37.55,765.9,30.12,57.36,8.94,0.0,4.16,14,6,2061.69,636.37,2698.06
35.69,543.48,47.0,47.17,5.5,0.0,4.88,15,6,1405.18,67.36,1472.55
40.05,478.17,21.31,38.74,2.97,0.0,4.25,16,6,1258.05,0.0,1258.05
37.13,193.62,28.5,59.79,3.25,0.0,6.33,17,6,461.92,24.93,486.85
34.61,7.95,12.1,64.07,6.42,0.0,6.71,18,6,43.47,137.71,181.18
33.53,0.0,54.07,52.04,2.58,0.0,5.11,19,6,39.05,0.0,39.05
33.1,0.0,52.9,56.42,1.76,0.0,4.03,20,6,19.19,0.88,20.07
31.59,0.0,56.6,63.29,5.92,0.0,3.89,21,6,26.4,83.92,110.32
32.33,0.0,22.32,64.85,2.09,0.0,6.17,22,6,67.74,28.76,96.5
29.73,0.0,30.39,49.28,6.94,0.0,4.13,23,6,0.0,216.42,216.42
27.33,0.0,3.92,74.08,4.28,0.0,3.26,0,6,5.6,31.39,36.99
30.47,0.0,19.29,51.81,4.05,0.0,5.84,1,6,0.0,0.0,0.0
27.2,0.0,10.67,55.13,5.5,0.0,5.38,2,6,10.54,87.43,97.97
28.11,0.0,30.09,61.96,0.58,0.0,3.76,3,6,0.0,0.0,0.0
26.22,0.0,39.55,64.07,5.03,0.0,4.79,4,6,7.0,24.65,31.65
28.17,0.0,37.25,65.42,4.3,0.0,5.75,5,6,16.31,22.95,39.26
28.89,34.63,34.6,65.59,3.88,0.0,5.52,6,6,106.74,0.91,107.65
26.63,240.75,34.8,80.62,2.23,0.0,4.57,7,6,630.55,0.0,630.55
33.69,457.33,36.94,51.28,5.98,0.0,4.04,8,6,1266.34,117.05,1383.39
33.9,639.85,30.38,66.84,2.42,0.0,4.18,9,6,1719.27,0.0,1719.27
32.66,818.12,18.9,47.99,3.69,0.0,5.15,10,6,2182.94,0.0,2182.94
32.81,918.1,10.8,49.74,1.87,0.0,5.72,11,6,2425.06,6.22,2431.28
36.02,809.22,35.13,48.26,8.58,0.0,5.35,12,6,2149.93,533.6,2683.53
36.42,938.42,8.43,39.85,2.09,0.0,3.74,13,6,2497.67,0.0,2497.67
37.32,723.55,37.02,57.79,5.74,0.0,5.47,14,6,1925.16,89.47,2014.63
37.25,573.11,48.67,64.06,2.49,0.0,3.38,15,6,1607.42,8.3,1615.71
37.55,470.12,16.6,61.2,2.45,0.0,6.43,16,6,1207.38,0.0,1207.38
38.46,222.87,34.31,40.51,3.33,0.0,6.58,17,6,541.26,0.0,541.26
36.35,6.9,51.71,73.62,6.15,0.0,4.73,18,6,0.0,96.16,96.16
32.89,0.0,5.48,60.43,4.85,0.0,4.21,19,6,0.0,44.51,44.51
35.3,0.0,17.23,69.0,6.45,0.0,5.38,20,6,0.0,141.82,141.82
34.42,0.0,13.93,56.58,0.99,0.0,4.32,21,6,20.46,0.0,20.46
35.39,0.0,21.65,55.5,7.94,0.0,3.84,22,6,26.85,389.72,416.57
27.77,0.0,36.46,62.66,1.27,0.0,3.15,23,6,0.0,0.0,0.0
28.8,0.0,43.51,80.96,5.08,0.0,6.17,0,6,0.0,55.28,55.28
24.52,0.0,4.97,80.68,2.17,0.0,5.69,1,6,0.0,0.91,0.91
27.97,0.0,26.62,64.97,6.1,0.0,4.25,2,6,6.52,84.24,90.76
26.15,0.0,4.99,65.05,6.34,0.0,5.3,3,6,0.0,142.6,142.6
30.03,0.0,64.02,68.93,4.03,0.0,4.39,4,6,0.0,11.09,11.09
26.48,0.0,63.64,52.32,3.23,0.0,4.56,5,6,0.0,8.61,8.61
25.9,13.8,21.44,50.53,5.65,0.0,4.37,6,6,54.48,67.22,121.69
28.76,228.62,7.6,56.2,6.48,0.0,5.64,7,6,601.41,133.92,735.33
27.71,496.82,19.64,68.75,5.21,0.0,4.42,8,6,1400.91,61.09,1462.0
33.1,671.77,6.54,67.77,6.93,0.0,4.05,9,6,1801.98,210.28,2012.26
30.17,793.6,29.59,52.84,4.47,0.0,3.87,10,6,2191.78,14.19,2205.97
34.51,876.7,27.44,69.89,4.74,0.0,3.48,11,6,2378.91,29.09,2408.0
32.39,844.88,41.42,55.84,4.14,0.0,5.09,12,6,2299.8,0.03,2299.83
35.82,866.66,16.49,59.43,3.68,0.0,3.41,13,6,2397.64,8.64,2406.27
39.27,828.07,15.8,47.56,4.64,0.0,6.06,14,6,2151.14,37.93,2189.07
37.51,671.81,16.26,53.05,4.08,0.0,5.18,15,6,1800.05,49.51,1849.56
35.51,465.78,15.03,70.84,5.16,0.0,2.01,16,6,1294.85,45.17,1340.02
36.25,246.21,30.32,51.21,7.42,0.0,4.28,17,6,637.56,292.89,930.45
35.53,0.0,38.02,48.83,3.07,0.0,3.78,18,6,0.0,10.97,10.97
35.18,0.0,36.22,62.12,3.27,0.0,2.56,19,6,0.0,7.35,7.35
31.22,0.0,46.43,69.33,0.55,0.0,5.68,20,6,9.19,0.0,9.19
32.86,0.0,32.75,47.51,3.89,0.0,5.37,21,6,0.0,0.0,0.0
26.62,0.0,22.19,69.99,1.69,0.0,5.85,22,6,0.0,0.0,0.0
28.53,0.0,57.45,69.06,5.05,0.0,5.02,23,6,0.84,37.03,37.87
27.71,0.0,35.95,79.71,5.53,0.0,5.92,0,6,0.0,58.73,58.73
28.6,0.0,6.45,61.46,5.1,0.0,5.29,1,6,6.26,22.37,28.63
27.19,0.0,48.09,77.15,4.0,0.0,5.81,2,6,0.0,17.4,17.4
24.87,0.0,7.74,70.44,3.93,0.0,5.48,3,6,0.24,0.0,0.24
25.67,0.0,15.53,65.8,4.59,0.0,5.62,4,6,5.41,35.79,41.2
27.95,0.0,43.19,59.52,4.05,0.0,5.45,5,6,0.0,2.52,2.52
28.33,0.0,23.4,68.98,5.3,0.0,4.28,6,6,0.0,32.6,32.6
28.61,231.14,12.83,55.32,6.75,0.0,3.0,7,6,655.61,162.65,818.26
29.97,470.12,19.14,54.3,3.94,0.0,5.39,8,6,1243.64,8.37,1252.02
33.03,540.5,45.61,64.21,1.54,0.0,4.37,9,6,1481.61,0.1,1481.7
32.5,845.04,15.35,74.78,1.69,0.0,3.59,10,6,2367.92,0.0,2367.92
34.35,906.29,18.96,46.43,3.09,0.0,4.68,11,6,2432.04,0.0,2432.04
38.77,571.77,69.37,46.61,3.73,0.0,4.57,12,6,1535.24,13.92,1549.16
34.18,879.01,23.24,60.33,2.27,0.0,5.33,13,6,2343.85,4.78,2348.63
34.03,779.08,15.91,53.74,3.49,0.0,5.64,14,6,2055.93,0.0,2055.93
38.16,433.91,64.83,38.17,1.72,0.0,5.14,15,6,1138.55,20.2,1158.74
35.79,441.81,36.24,49.21,2.36,0.0,4.42,16,6,1178.57,0.0,1178.57
35.83,200.49,50.66,59.92,5.18,0.0,2.65,17,6,559.19,29.14,588.33
34.35,0.0,24.11,55.55,9.26,0.0,4.28,18,6,6.23,708.6,714.83
34.09,0.0,33.95,61.03,2.04,0.0,4.79,19,6,27.28,17.51,44.79
35.67,0.0,58.2,45.28,2.9,0.0,6.57,20,6,0.0,11.3,11.3
33.18,0.0,46.43,61.87,2.96,0.0,3.41,21,6,0.0,37.1,37.1
31.98,0.0,36.79,43.86,2.26,0.0,2.69,22,6,24.51,8.29,32.8
27.36,0.0,18.67,72.42,2.15,0.0,5.33,23,6,1.18,0.0,1.18
26.73,0.0,26.74,77.87,1.69,0.0,4.75,0,6,0.0,32.5,32.5
23.4,0.0,38.62,59.77,6.94,0.0,3.86,1,6,0.0,190.5,190.5
25.95,0.0,18.8,63.29,4.61,0.0,5.45,2,6,39.24,10.49,49.73
28.42,0.0,18.32,53.03,2.64,0.0,3.47,3,6,0.0,0.0,0.0
27.93,0.0,43.67,66.21,2.46,0.0,7.07,4,6,7.18,11.24,18.42
27.33,0.0,43.54,67.43,4.25,0.0,5.68,5,6,0.0,14.39,14.39
28.42,15.78,25.78,54.19,4.92,0.0,5.63,6,6,60.2,31.15,91.35
28.46,271.08,14.77,60.22,2.43,0.0,4.95,7,6,765.57,1.58,767.15
31.0,355.88,52.08,70.41,2.94,0.0,5.05,8,6,938.38,0.87,939.25
33.14,610.27,34.73,63.69,2.64,0.0,4.31,9,6,1696.44,0.0,1696.44
30.86,839.31,14.3,63.53,1.36,0.0,5.13,10,6,2232.85,21.86,2254.71
34.94,585.41,68.19,65.85,3.15,0.0,5.04,11,6,1556.7,0.0,1556.7
36.92,816.1,41.06,69.14,3.93,0.0,6.04,12,6,2095.2,13.83,2109.03
35.7,966.53,14.68,57.27,4.64,0.0,4.65,13,6,2598.37,12.55,2610.91
37.87,839.11,15.82,56.01,3.3,0.0,4.96,14,6,2250.07,0.0,2250.07
41.21,637.2,17.11,47.28,9.11,0.0,3.56,15,6,1701.51,668.22,2369.73
36.66,453.86,33.59,56.37,4.46,0.0,5.65,16,6,1173.49,18.98,1192.47
36.91,264.28,16.44,49.07,6.64,0.0,4.83,17,6,680.18,179.84,860.02
34.42,17.97,35.0,44.21,7.08,0.0,5.13,18,6,97.31,216.87,314.18
34.76,0.0,35.76,63.68,5.91,0.0,5.42,19,6,0.0,86.05,86.05
33.97,0.0,12.98,63.81,2.52,0.0,5.17,20,6,0.0,0.0,0.0
32.28,0.0,22.46,60.82,3.38,0.0,4.22,21,6,0.0,0.0,0.0
29.17,0.0,19.95,65.01,0.5,0.0,5.89,22,6,0.0,5.78,5.78
29.8,0.0,24.61,57.67,3.49,0.0,5.14,23,6,0.0,22.22,22.22
30.65,0.0,12.85,71.84,2.65,0.0,4.58,0,6,0.0,6.57,6.57
28.34,0.0,17.49,55.28,1.55,0.0,5.36,1,6,0.0,0.0,0.0
28.61,0.0,13.63,75.94,6.08,0.0,5.16,2,6,3.32,133.22,136.54
26.64,0.0,29.05,71.71,4.76,0.0,4.24,3,6,3.76,16.73,20.5
28.29,0.0,23.49,67.39,11.92,0.0,5.73,4,6,0.0,1952.07,1952.07
28.08,0.0,53.82,68.11,3.74,0.0,5.72,5,6,0.0,27.34,27.34
27.03,0.0,52.25,74.67,2.85,0.0,2.32,6,6,0.0,0.0,0.0
29.97,227.33,29.03,58.54,2.49,0.0,3.52,7,6,631.99,0.0,631.99
29.21,387.18,42.16,70.23,3.4,0.0,3.25,8,6,1090.39,8.15,1098.55
31.05,594.22,33.82,58.55,2.74,0.0,3.15,9,6,1627.02,4.56,1631.57
33.57,800.39,12.56,62.43,9.74,0.0,5.77,10,6,2114.92,879.16,2994.09
34.94,909.99,20.89,44.48,2.02,0.0,3.79,11,6,2518.13,25.14,2543.27
33.75,905.25,25.25,53.11,0.63,0.0,5.61,12,6,2385.63,0.0,2385.63
37.91,820.55,31.66,67.55,1.68,0.0,5.09,13,6,2117.12,0.0,2117.12
37.68,804.43,25.88,64.44,6.71,0.0,4.93,14,6,2150.93,171.36,2322.29
35.94,595.89,38.84,69.07,4.9,0.0,4.1,15,6,1603.03,15.91,1618.93
34.52,476.6,15.13,66.7,5.57,0.0,3.85,16,6,1281.5,43.01,1324.51
36.11,200.02,57.12,50.6,2.8,0.0,3.86,17,6,577.25,11.99,589.24
34.86,31.66,34.45,53.09,4.44,0.0,5.26,18,6,4.39,17.99,22.38
34.66,0.0,41.0,65.32,4.99,0.0,4.97,19,6,0.0,29.19,29.19
32.74,0.0,7.18,68.35,2.83,0.0,1.74,20,6,0.0,15.91,15.91
28.98,0.0,33.37,75.31,5.11,0.0,6.01,21,6,38.96,44.04,83.01
30.12,0.0,57.96,64.4,4.48,0.0,4.39,22,6,0.0,14.31,14.31
29.04,0.0,15.74,63.64,2.67,0.0,4.78,23,6,0.0,0.0,0.0
29.41,0.0,31.94,73.27,1.05,0.0,5.37,0,6,0.0,0.0,0.0
26.62,0.0,28.69,54.83,2.35,0.0,3.42,1,6,28.22,0.0,28.22
29.69,0.0,25.19,62.02,4.42,0.0,3.11,2,6,50.14,30.77,80.92
24.13,0.0,26.59,67.98,4.3,0.0,3.72,3,6,0.0,4.42,4.42
29.14,0.0,9.25,62.07,3.79,0.0,5.79,4,6,0.82,8.35,9.16
27.33,0.0,37.71,76.8,2.42,0.0,4.61,5,6,0.0,0.0,0.0
29.75,0.0,16.25,68.25,3.45,0.0,5.69,6,6,23.28,0.0,23.28
29.62,224.35,37.45,64.45,1.77,0.0,2.13,7,6,621.72,4.28,626.0
32.41,382.7,44.86,47.89,4.69,0.0,4.4,8,6,1016.8,29.66,1046.46
31.42,670.85,17.3,52.23,6.42,0.0,3.4,9,6,1848.14,131.23,1979.37
31.64,762.27,30.57,67.49,3.55,0.0,5.63,10,6,2054.52,0.0,2054.52
36.63,593.88,66.85,57.08,2.2,0.0,4.16,11,6,1610.59,0.0,1610.59
35.36,880.07,31.74,66.39,5.97,0.0,3.52,12,6,2363.5,113.27,2476.77
36.66,893.35,25.71,49.31,2.76,0.0,4.26,13,6,2388.09,21.12,2409.21
38.68,790.7,19.28,52.93,4.27,0.0,2.88,14,6,2080.42,8.5,2088.92
35.45,622.27,28.12,55.12,1.26,0.0,4.62,15,6,1634.49,10.73,1645.22
37.72,470.98,8.98,60.82,5.06,0.0,3.42,16,6,1262.79,27.83,1290.62
35.44,198.23,31.58,72.96,3.54,0.0,3.46,17,6,515.7,0.0,515.7
35.34,18.07,27.33,52.1,3.34,0.0,4.57,18,6,48.74,12.85,61.59
34.61,0.0,15.15,41.18,7.44,0.0,2.43,19,6,34.03,273.41,307.44
31.04,0.0,9.88,65.65,3.7,0.0,4.22,20,6,7.3,0.0,7.3
30.83,0.0,17.85,65.32,0.58,0.0,4.02,21,6,41.25,0.0,41.25
32.73,0.0,12.98,45.19,8.07,0.0,5.92,22,6,0.0,396.06,396.06
30.83,0.0,35.39,54.11,0.5,0.0,5.28,23,6,0.0,8.11,8.11
28.37,0.0,5.27,61.44,3.94,0.0,3.72,0,6,18.5,15.28,33.77
28.03,0.0,7.67,74.51,4.51,0.0,3.66,1,6,34.61,9.95,44.56
26.73,0.0,45.06,58.68,6.75,0.0,4.92,2,6,13.88,162.64,176.52
29.03,0.0,18.48,62.01,4.8,0.0,4.52,3,6,23.47,37.59,61.05
26.87,0.0,40.38,51.01,5.81,0.0,5.87,4,6,0.0,58.46,58.46
28.02,0.0,9.73,69.28,5.45,0.0,4.75,5,6,0.0,73.38,73.38
30.18,38.5,51.64,52.84,2.21,0.0,4.76,6,6,124.73,23.37,148.09
28.33,219.13,31.44,82.39,4.94,0.0,5.21,7,6,587.8,50.05,637.85
33.04,441.33,32.16,52.54,4.53,0.0,6.12,8,6,1162.79,27.4,1190.19
29.7,616.7,25.03,70.95,2.38,0.0,4.65,9,6,1644.17,4.21,1648.38
35.74,822.85,12.53,60.4,1.67,0.0,5.32,10,6,2227.61,0.0,2227.61
33.94,878.65,22.02,51.34,5.31,0.0,4.49,11,6,2391.13,43.4,2434.53
35.17,785.5,39.31,65.67,8.47,0.0,3.79,12,6,2167.4,493.37,2660.76
33.5,916.06,17.01,42.63,5.21,0.0,5.21,13,6,2480.08,27.93,2508.01
36.15,861.57,5.98,55.42,5.29,0.0,3.9,14,6,2327.37,22.8,2350.17
35.44,642.79,25.14,62.12,1.92,0.0,3.35,15,6,1699.46,0.0,1699.46
35.92,439.93,17.67,53.97,2.4,0.0,4.11,16,6,1185.34,0.0,1185.34
36.12,198.41,35.52,46.5,4.22,0.0,5.11,17,6,507.69,0.0,507.69
36.97,0.0,33.06,67.27,0.8,0.0,4.47,18,6,34.78,0.0,34.78
34.81,0.0,11.29,56.21,4.72,0.0,5.84,19,6,17.37,28.59,45.96
33.76,0.0,37.69,54.05,1.78,0.0,5.47,20,6,8.73,22.96,31.69
30.36,0.0,36.56,53.73,3.29,0.0,6.9,21,6,0.0,0.0,0.0
29.38,0.0,43.04,64.5,2.8,0.0,4.42,22,6,0.0,0.0,0.0
32.2,0.0,40.22,58.66,1.51,0.0,5.16,23,6,0.0,0.0,0.0
27.36,0.0,39.05,63.85,4.18,0.0,6.0,0,6,0.0,11.32,11.32
30.15,0.0,49.04,76.02,3.01,0.0,2.98,1,6,0.0,9.3,9.3
26.81,0.0,54.42,79.9,0.95,0.0,5.91,2,6,0.0,10.59,10.59
27.0,0.0,30.85,68.6,3.45,0.0,2.89,3,6,7.45,0.27,7.72
28.78,0.0,34.61,69.97,4.25,0.0,5.92,4,6,18.03,8.69,26.72
29.58,0.0,18.09,51.59,1.68,0.0,4.85,5,6,9.47,0.0,9.47
28.3,3.31,9.63,65.77,4.22,0.0,4.34,6,6,58.16,13.12,71.27
28.92,243.81,35.7,66.44,2.7,0.0,3.43,7,6,676.49,15.24,691.73
30.62,454.52,34.91,60.52,2.47,0.0,3.17,8,6,1300.66,13.74,1314.4
32.51,597.35,32.11,56.5,5.67,0.0,4.14,9,6,1662.75,80.73,1743.48
34.63,642.64,48.69,51.13,3.57,0.0,4.0,10,6,1706.91,7.33,1714.25
34.51,960.78,5.79,57.88,3.1,0.0,3.75,11,6,2628.06,2.27,2630.33
36.46,818.61,39.08,64.4,5.83,0.0,4.03,12,6,2243.88,69.6,2313.48
38.79,917.23,11.47,62.94,6.99,0.0,5.27,13,6,2382.96,228.15,2611.12
37.4,720.27,37.31,54.12,2.77,0.0,6.1,14,6,1841.01,10.77,1851.77
37.47,693.64,5.91,62.57,1.02,0.0,4.07,15,6,1866.59,0.0,1866.59
34.55,422.91,33.15,50.08,3.97,0.0,4.55,16,6,1142.39,3.97,1146.37
32.38,112.37,70.52,64.65,5.04,0.0,3.4,17,6,373.43,26.32,399.76
36.12,0.0,21.19,54.76,4.24,0.0,4.14,18,6,29.02,42.39,71.41
34.36,0.0,17.94,52.32,4.86,0.0,3.81,19,6,15.71,11.35,27.06
32.52,0.0,44.62,77.22,4.59,0.0,5.26,20,6,0.0,23.34,23.34
32.36,0.0,37.55,56.38,7.95,0.0,3.57,21,6,0.0,387.47,387.47
30.61,0.0,17.47,59.34,6.38,0.0,4.9,22,6,34.17,117.94,152.11
31.19,0.0,30.41,57.89,1.69,0.0,3.54,23,6,11.43,16.23,27.66
28.59,0.0,30.07,67.46,3.49,0.0,6.2,0,6,0.0,0.0,0.0
26.55,0.0,38.97,77.93,3.5,0.0,5.17,1,6,0.49,0.0,0.49
28.65,0.0,45.92,55.41,3.51,0.0,4.49,2,6,16.73,12.97,29.7
26.67,0.0,36.03,70.81,7.35,0.0,5.45,3,6,0.0,264.18,264.18
27.96,0.0,35.04,68.23,2.83,0.0,5.26,4,6,0.0,0.0,0.0
26.95,0.0,21.27,53.78,4.39,0.0,5.03,5,6,0.0,0.73,0.73
27.49,0.0,60.11,76.82,6.77,0.0,3.32,6,6,0.0,165.28,165.28
29.62,250.84,28.32,65.61,1.02,0.0,5.56,7,6,647.93,0.0,647.93
30.72,418.42,35.07,67.92,6.53,0.0,5.53,8,6,1124.04,143.31,1267.35
32.72,541.45,46.55,43.15,5.41,0.0,3.95,9,6,1537.72,80.93,1618.65
32.89,816.42,23.36,71.25,2.17,0.0,5.03,10,6,2191.23,27.06,2218.3
31.74,823.34,35.34,77.39,2.82,0.0,2.34,11,6,2280.58,0.0,2280.58
34.88,876.63,34.03,55.94,2.74,0.0,2.62,12,6,2431.06,0.0,2431.06
37.52,627.53,62.65,48.19,2.25,0.0,4.36,13,6,1676.75,25.73,1702.48
36.38,885.6,13.67,35.75,4.54,0.0,5.4,14,6,2329.38,30.06,2359.44
36.63,718.71,7.76,44.67,9.07,0.0,4.81,15,6,1872.75,669.88,2542.62
38.31,447.24,27.88,59.73,1.92,0.0,4.38,16,6,1205.04,0.0,1205.04
35.26,229.21,29.33,56.43,2.31,0.0,4.57,17,6,673.21,0.0,673.21
33.22,34.71,3.39,47.0,2.64,0.0,4.54,18,6,125.74,0.0,125.74
34.26,0.0,32.63,70.1,7.49,0.0,3.7,19,6,27.78,284.32,312.1
32.56,0.0,3.86,54.57,4.46,0.0,5.15,20,6,0.0,45.63,45.63
30.55,0.0,24.15,50.51,2.2,0.0,5.03,21,6,0.0,18.99,18.99
30.44,0.0,38.56,62.83,5.74,0.0,6.22,22,6,0.0,57.83,57.83
30.23,0.0,11.36,66.8,7.2,0.0,5.1,23,6,0.0,248.11,248.11
28.44,0.0,35.95,54.15,3.23,0.0,6.66,0,6,20.39,0.0,20.39
28.12,0.0,22.52,62.85,1.96,0.0,3.86,1,6,18.3,0.0,18.3
29.88,0.0,29.63,75.45,2.74,0.0,5.52,2,6,3.27,0.0,3.27
26.48,0.0,35.76,56.39,2.23,0.0,6.15,3,6,0.0,0.0,0.0
27.58,0.0,26.41,68.71,2.13,0.0,3.02,4,6,21.42,13.9,35.31
26.9,0.0,38.36,64.19,1.95,0.0,3.18,5,6,13.41,9.36,22.77
27.19,0.0,34.43,70.67,6.5,0.0,4.55,6,6,0.0,138.34,138.34
28.61,235.75,42.47,56.28,1.35,0.0,4.9,7,6,654.99,32.86,687.85
29.98,503.22,4.5,64.89,3.29,0.0,6.34,8,6,1307.81,18.61,1326.42
32.53,501.65,51.25,52.33,0.55,0.0,3.82,9,6,1368.33,0.0,1368.33
36.81,783.31,26.82,38.82,2.65,0.0,2.25,10,6,2137.37,39.26,2176.63
33.42,896.94,15.25,47.61,4.99,0.0,4.6,11,6,2424.62,31.94,2456.55
34.9,983.11,11.68,55.37,2.14,0.0,4.38,12,6,2654.46,0.0,2654.46
36.23,947.5,16.27,57.4,11.62,0.0,4.79,13,6,2529.03,1754.56,4283.59
37.42,754.67,30.8,63.79,1.0,0.0,3.45,14,6,2044.43,1.66,2046.08
37.39,665.22,19.14,57.0,1.72,0.0,2.54,15,6,1829.99,3.75,1833.74
38.75,372.03,43.61,64.97,5.6,0.0,6.12,16,6,944.97,67.67,1012.64
32.68,236.67,13.45,58.17,8.69,0.0,4.98,17,6,640.7,543.93,1184.64
31.95,23.65,34.08,65.08,7.9,0.0,6.13,18,6,81.42,393.29,474.71
33.75,0.0,38.9,50.65,5.69,0.0,3.09,19,6,0.38,70.18,70.56
34.93,0.0,34.36,59.6,8.55,0.0,4.48,20,6,0.62,511.54,512.16
29.64,0.0,22.26,60.44,6.1,0.0,5.15,21,6,0.0,74.59,74.59
26.19,0.0,17.87,63.71,1.1,0.0,5.37,22,6,14.37,0.0,14.37
30.35,0.0,37.96,63.15,6.15,0.0,5.77,23,6,27.05,135.69,162.73
28.82,0.0,20.24,53.08,3.66,0.0,3.32,0,6,22.04,0.0,22.04
26.02,0.0,21.09,70.42,3.52,0.0,4.19,1,6,0.0,20.33,20.33
25.68,0.0,20.26,73.82,0.5,0.0,5.0,2,6,27.38,0.0,27.38
25.53,0.0,44.68,62.73,4.43,0.0,4.44,3,6,2.01,4.86,6.87
27.32,0.0,39.67,67.68,4.75,0.0,2.12,4,6,0.0,29.98,29.98
26.72,0.0,7.19,76.94,5.63,0.0,4.89,5,6,23.35,76.87,100.22
29.19,29.07,37.81,70.01,2.83,0.0,4.7,6,6,54.37,0.0,54.37
25.2,284.7,6.85,67.69,1.67,0.0,3.78,7,6,787.76,0.0,787.76
29.41,488.64,26.18,66.88,3.43,0.0,4.45,8,6,1343.38,0.45,1343.83
30.3,559.05,39.78,74.59,3.02,0.0,2.18,9,6,1598.14,2.09,1600.22
32.9,799.39,23.69,61.55,5.32,0.0,5.96,10,6,2134.21,58.83,2193.04
33.68,972.67,3.5,66.16,2.3,0.0,4.31,11,6,2591.59,0.0,2591.59
36.72,702.39,49.79,61.3,1.74,0.0,3.51,12,6,1914.11,15.63,1929.74
33.53,743.81,44.95,59.53,3.43,0.0,6.02,13,6,1922.25,36.64,1958.88
36.88,784.52,27.75,65.06,4.47,0.0,2.62,14,6,2156.94,2.6,2159.54
37.82,620.09,29.82,45.52,2.58,0.0,3.73,15,6,1665.09,0.0,1665.09
39.6,389.21,41.26,54.9,1.57,0.0,5.52,16,6,954.99,0.0,954.99
35.59,261.7,10.81,51.87,3.42,0.0,3.29,17,6,769.48,0.0,769.48
36.01,26.52,14.33,62.93,8.13,0.0,3.63,18,6,21.8,412.61,434.42
31.78,0.0,21.13,60.72,8.32,0.0,4.34,19,6,3.78,445.45,449.23
29.69,0.0,76.39,71.01,5.0,13.0,4.86,20,6,0.0,46.88,46.88
33.25,0.0,30.65,65.22,5.51,0.0,4.26,21,6,0.0,96.73,96.73
30.68,0.0,38.41,58.82,2.15,0.0,4.55,22,6,0.0,0.0,0.0
31.25,0.0,37.39,65.8,3.08,0.0,4.36,23,6,13.28,0.0,13.28
26.38,0.0,32.01,71.0,4.34,0.0,4.13,0,6,59.01,0.0,59.01
28.43,0.0,6.11,63.25,5.3,0.0,4.05,1,6,0.0,43.23,43.23
29.95,0.0,7.96,69.99,1.92,0.0,4.05,2,6,6.72,7.72,14.44
27.61,0.0,39.94,64.99,3.52,0.0,3.95,3,6,0.0,5.09,5.09
27.56,0.0,40.95,59.69,1.9,0.0,2.2,4,6,23.03,0.0,23.03
27.66,0.0,26.06,68.1,4.51,0.0,6.03,5,6,24.2,27.3,51.5
26.08,0.0,25.15,71.34,5.47,0.0,2.96,6,6,0.0,46.89,46.89
31.51,251.14,6.54,37.37,6.02,0.0,3.6,7,6,669.27,108.28,777.55
29.77,483.73,13.47,82.46,5.17,0.0,5.37,8,6,1288.48,52.39,1340.87
32.73,579.35,36.79,82.36,1.87,0.0,6.07,9,6,1533.77,0.82,1534.59
30.93,760.22,22.7,55.21,5.97,0.0,5.27,10,6,2074.72,119.16,2193.87
32.71,769.97,40.0,64.68,2.87,0.0,4.78,11,6,2016.58,0.0,2016.58
37.66,874.79,32.62,45.26,6.05,0.0,4.5,12,6,2334.32,137.97,2472.29
35.79,860.77,28.07,42.76,2.42,0.0,3.85,13,6,2366.96,0.0,2366.96
38.99,860.06,11.62,48.55,3.62,0.0,4.81,14,6,2251.63,0.0,2251.63
36.86,663.71,23.48,43.68,4.17,0.0,5.28,15,6,1744.58,0.0,1744.58
34.04,421.92,24.21,62.42,0.85,0.0,5.2,16,6,1149.35,0.0,1149.35
37.64,219.91,26.76,60.86,6.88,0.0,5.28,17,6,595.85,162.13,757.98
34.63,14.99,18.72,71.53,3.81,0.0,3.66,18,6,32.19,6.48,38.66
35.52,0.0,33.07,56.75,2.08,0.0,4.2,19,6,10.19,1.3,11.49
33.31,0.0,56.17,65.94,1.88,0.0,2.32,20,6,0.0,0.0,0.0
29.66,0.0,18.13,66.53,4.85,0.0,5.5,21,6,9.66,25.25,34.91
30.93,0.0,68.59,64.19,1.31,0.0,4.09,22,6,0.46,0.0,0.46
32.77,0.0,39.17,51.69,3.43,0.0,2.4,23,6,40.33,1.62,41.95
29.17,0.0,15.42,62.08,3.97,0.0,4.34,0,6,41.11,0.44,41.55
27.55,0.0,13.51,63.0,2.32,0.0,5.22,1,6,0.0,0.0,0.0
28.75,0.0,54.67,69.23,1.67,0.0,4.01,2,6,33.65,3.27,36.92
27.28,0.0,7.41,49.4,3.7,0.0,4.56,3,6,0.0,0.0,0.0
27.45,0.0,22.47,74.48,2.9,0.0,3.58,4,6,0.25,0.0,0.25
26.0,0.0,22.65,65.67,1.75,0.0,3.17,5,6,32.06,15.8,47.87
28.78,0.0,26.6,59.13,2.19,0.0,4.52,6,6,5.49,0.0,5.49
31.02,228.51,39.66,64.54,3.59,0.0,3.25,7,6,652.94,0.0,652.94
29.42,518.03,15.46,63.51,1.7,0.0,4.15,8,6,1431.86,0.0,1431.86
34.1,685.58,21.47,59.35,7.46,0.0,2.85,9,6,1881.06,272.67,2153.73
33.12,754.61,32.47,69.72,5.5,0.0,3.97,10,6,2054.91,74.45,2129.36
33.13,862.99,32.32,44.92,2.82,0.0,4.86,11,6,2309.02,12.43,2321.45
37.0,755.85,48.06,43.48,2.46,0.0,2.78,12,6,2056.29,11.68,2067.96
35.87,948.56,10.12,51.53,6.48,0.0,3.66,13,6,2605.97,153.93,2759.91
37.93,707.76,38.49,64.66,3.36,0.0,3.27,14,6,1893.98,6.86,1900.84
36.53,619.13,23.8,61.49,6.34,0.0,5.14,15,6,1603.96,145.55,1749.51
36.71,447.33,33.62,53.97,5.24,0.0,4.09,16,6,1248.62,41.06,1289.68
37.04,243.64,17.78,59.4,1.4,0.0,4.01,17,6,650.93,12.03,662.97
35.94,4.29,41.22,62.59,5.83,0.0,3.9,18,6,41.83,105.36,147.19
31.47,0.0,16.07,65.38,3.96,0.0,3.47,19,6,36.72,0.0,36.72
31.58,0.0,38.17,69.78,4.79,0.0,2.48,20,6,4.9,23.32,28.22
33.36,0.0,36.54,60.37,2.24,0.0,3.78,21,6,23.59,0.0,23.59
30.47,0.0,20.46,66.35,0.5,0.0,5.02,22,6,0.0,0.0,0.0
28.68,0.0,63.52,68.55,2.87,0.0,3.54,23,6,0.0,6.78,6.78
26.38,0.0,37.24,64.06,2.07,0.0,4.57,0,6,7.44,31.27,38.71
26.0,0.0,15.5,66.72,3.4,0.0,2.55,1,6,50.8,0.0,50.8
24.09,0.0,29.66,74.16,1.39,0.0,5.42,2,6,0.0,0.0,0.0
26.8,0.0,15.76,59.03,6.76,0.0,5.65,3,6,16.65,192.61,209.26
26.23,0.0,35.58,61.73,1.6,0.0,4.54,4,6,0.0,6.25,6.25
26.17,0.0,41.55,65.5,5.41,0.0,4.11,5,6,0.0,50.92,50.92
28.32,0.0,14.73,65.46,7.53,0.0,3.1,6,6,0.0,292.13,292.13
30.0,267.23,5.97,62.84,1.8,0.0,1.99,7,6,750.11,0.0,750.11
33.8,527.55,4.71,58.3,2.93,0.0,4.51,8,6,1405.68,6.69,1412.37
29.68,508.48,52.76,64.46,5.16,0.0,5.15,9,6,1380.76,53.66,1434.43
34.99,749.41,30.4,55.14,5.04,0.0,3.82,10,6,2033.95,51.52,2085.47
35.91,842.19,29.96,50.44,0.88,0.0,4.21,11,6,2206.92,19.53,2226.45
34.32,941.93,22.21,58.1,1.22,0.0,3.02,12,6,2641.45,14.03,2655.48
36.59,927.86,16.38,60.2,1.61,0.0,4.4,13,6,2517.36,0.0,2517.36
36.1,830.69,6.84,62.57,4.12,0.0,5.02,14,6,2242.32,0.0,2242.32
37.23,478.13,55.01,38.4,1.07,0.0,4.58,15,6,1271.27,0.0,1271.27
39.05,486.46,11.81,44.21,4.24,0.0,3.14,16,6,1316.25,0.0,1316.25
37.19,216.94,34.12,61.92,2.91,0.0,3.48,17,6,617.43,33.13,650.56
36.25,0.0,34.58,53.26,4.73,0.0,4.7,18,6,43.87,44.91,88.78
33.81,0.0,20.97,43.75,5.55,0.0,3.42,19,6,34.19,58.78,92.98
31.02,0.0,14.25,71.55,5.63,0.0,5.79,20,6,1.62,81.12,82.74
31.64,0.0,32.56,69.08,0.88,0.0,6.31,21,6,6.18,0.0,6.18
32.47,0.0,17.83,50.57,7.72,0.0,3.73,22,6,25.92,342.64,368.56
27.16,0.0,12.03,57.03,4.23,0.0,6.72,23,6,0.0,20.62,20.62
26.82,0.0,14.2,90.67,6.77,0.0,3.94,0,6,9.41,179.23,188.64
27.8,0.0,20.12,58.31,4.4,0.0,5.04,1,6,0.0,18.29,18.29
25.63,0.0,6.97,77.98,3.66,0.0,4.2,2,6,0.0,0.0,0.0
25.75,0.0,3.36,80.46,5.15,0.0,3.97,3,6,0.0,51.4,51.4
26.47,0.0,5.2,55.62,2.24,0.0,2.57,4,6,0.0,0.0,0.0
25.56,0.0,26.6,61.04,1.49,0.0,3.72,5,6,0.0,7.09,7.09
26.94,0.0,3.27,74.92,1.39,0.0,5.67,6,6,0.36,0.0,0.36
30.49,275.75,3.81,51.51,6.19,0.0,4.46,7,6,769.04,116.9,885.94
28.68,360.73,46.74,56.01,7.02,0.0,3.96,8,6,1001.07,217.22,1218.29
29.54,673.77,14.0,61.98,5.84,0.0,3.88,9,6,1881.56,90.85,1972.42
32.29,803.34,26.38,59.25,6.9,0.0,4.52,10,6,2183.8,185.73,2369.53
35.54,756.16,43.61,65.08,9.21,0.0,3.93,11,6,2060.83,691.67,2752.5
35.18,999.86,16.06,61.29,3.89,0.0,4.39,12,6,2663.83,12.98,2676.8
35.57,794.99,42.9,57.97,1.84,0.0,3.79,13,6,2178.44,0.0,2178.44
36.83,733.22,26.72,53.62,4.35,0.0,3.71,14,6,1992.19,29.43,2021.62
34.32,580.87,33.92,49.41,2.97,0.0,2.9,15,6,1584.41,0.0,1584.41
37.51,368.57,50.1,63.72,2.93,0.0,5.7,16,6,963.93,0.18,964.11
36.84,237.32,18.52,55.9,5.13,0.0,2.89,17,6,629.89,41.16,671.05
34.86,14.36,36.72,62.41,1.39,0.0,4.21,18,6,73.57,5.61,79.18
35.95,0.0,1.57,57.63,0.88,0.0,3.46,19,6,0.0,0.0,0.0
31.54,0.0,3.64,62.05,4.91,0.0,3.38,20,6,0.0,37.02,37.02
33.63,0.0,35.66,59.48,2.47,0.0,3.49,21,6,19.94,26.16,46.1
30.88,0.0,19.92,61.98,3.14,0.0,3.3,22,6,12.7,26.13,38.82
28.93,0.0,27.63,63.15,2.73,0.0,4.25,23,6,27.14,10.43,37.58
28.36,0.0,11.58,60.18,4.4,0.0,4.64,0,6,0.0,0.0,0.0
27.43,0.0,34.67,70.34,1.84,0.0,4.5,1,6,0.0,0.0,0.0
28.92,0.0,51.53,73.29,5.08,0.0,2.02,2,6,26.39,42.01,68.41
25.31,0.0,23.76,70.56,7.24,0.0,4.85,3,6,23.8,239.98,263.78
25.95,0.0,27.98,80.7,6.05,0.0,4.52,4,6,0.0,110.23,110.23
29.15,0.0,27.84,60.35,6.94,0.0,3.23,5,6,51.08,203.87,254.95
27.49,20.33,13.36,83.18,7.48,0.0,4.53,6,6,57.68,287.44,345.12
30.77,236.35,20.72,65.62,3.07,0.0,4.86,7,6,633.19,0.0,633.19
33.18,498.05,6.7,37.01,5.67,0.0,3.52,8,6,1334.43,55.48,1389.91
31.32,463.17,62.67,76.72,3.72,0.0,3.14,9,6,1305.61,0.86,1306.47
34.24,735.95,36.75,50.3,2.52,0.0,5.43,10,6,1962.62,17.32,1979.94
32.69,822.21,34.93,61.44,5.27,0.0,5.65,11,6,2180.34,52.35,2232.69
36.59,860.85,28.31,59.18,2.38,0.0,4.66,12,6,2277.75,13.67,2291.42
36.55,582.94,66.74,55.69,1.53,0.0,5.07,13,6,1527.12,4.07,1531.18
37.46,883.22,2.57,53.14,4.97,0.0,3.98,14,6,2329.76,43.96,2373.72
35.95,707.84,9.01,50.73,2.62,0.0,4.89,15,6,1906.98,17.21,1924.19
34.26,360.04,44.82,53.79,2.72,0.0,1.67,16,6,1046.52,0.0,1046.52
37.01,209.43,48.61,64.1,6.57,0.0,4.54,17,6,494.11,173.31,667.42
32.36,0.0,23.47,52.03,1.72,0.0,4.51,18,6,0.0,0.0,0.0
33.94,0.0,57.35,58.7,5.41,0.0,4.51,19,6,5.17,53.29,58.46
34.63,0.0,34.09,63.13,3.14,0.0,4.28,20,6,18.53,33.94,52.47
32.21,0.0,68.88,51.91,6.73,0.0,4.29,21,6,0.0,175.52,175.52
33.55,0.0,43.97,62.48,3.43,0.0,3.29,22,6,0.0,19.19,19.19
30.96,0.0,32.81,70.23,3.26,0.0,5.86,23,6,6.25,6.08,12.33
27.39,0.0,21.92,68.96,3.37,0.0,5.38,0,6,3.65,8.53,12.18
27.61,0.0,42.28,74.87,6.07,0.0,6.11,1,6,19.66,88.7,108.35
27.0,0.0,9.45,66.27,0.5,0.0,3.18,2,6,0.0,0.0,0.0
24.53,0.0,16.44,62.79,4.97,0.0,4.5,3,6,0.0,22.89,22.89
25.66,0.0,23.87,66.98,2.16,0.0,4.58,4,6,0.0,15.59,15.59
26.73,0.0,49.96,56.01,6.58,0.0,1.7,5,6,0.0,177.51,177.51
25.31,0.0,36.18,87.63,3.09,0.0,3.72,6,6,64.0,0.0,64.0
29.47,221.78,42.09,63.57,2.9,0.0,4.08,7,6,589.24,0.0,589.24
30.23,403.18,42.78,47.66,5.03,0.0,4.1,8,6,1135.21,55.87,1191.08
29.39,537.04,48.51,58.52,5.09,0.0,2.94,9,6,1551.32,16.77,1568.09
33.8,777.39,29.22,56.83,4.51,0.0,4.79,10,6,2094.72,36.29,2131.01
35.48,794.47,37.12,46.2,2.85,0.0,4.09,11,6,2123.98,0.29,2124.27
35.78,833.73,34.28,45.74,4.37,0.0,3.29,12,6,2279.05,17.44,2296.49
35.75,722.02,49.13,53.35,1.06,0.0,4.38,13,6,1902.32,0.7,1903.01
37.62,743.54,23.9,58.18,7.93,0.0,2.81,14,6,1992.25,400.11,2392.37
37.92,628.29,17.17,61.09,3.49,0.0,4.12,15,6,1726.91,1.29,1728.19
37.19,524.67,5.8,63.29,2.71,0.0,3.65,16,6,1374.05,0.0,1374.05
34.99,258.48,24.15,52.29,6.32,0.0,3.77,17,6,656.92,129.33,786.25
35.85,0.0,17.17,34.58,2.82,0.0,3.07,18,6,17.51,0.0,17.51
36.19,0.0,28.24,69.79,10.9,0.0,2.66,19,6,0.0,1379.38,1379.38
32.3,0.0,7.19,58.5,4.87,0.0,2.59,20,6,31.81,49.19,81.0
35.05,0.0,6.42,53.45,4.61,0.0,2.5,21,6,0.0,26.08,26.08
29.82,0.0,11.92,73.14,1.83,0.0,3.84,22,6,0.0,10.25,10.25
29.45,0.0,60.62,61.16,4.37,0.0,4.16,23,6,0.0,0.0,0.0
27.34,0.0,21.39,70.12,1.85,0.0,4.02,0,6,0.0,0.0,0.0
27.89,0.0,28.08,67.51,5.57,0.0,2.95,1,6,0.0,62.91,62.91
24.44,0.0,47.87,59.78,1.74,0.0,2.44,2,6,0.0,21.36,21.36
26.06,0.0,29.66,59.03,3.0,0.0,4.09,3,6,0.0,20.23,20.23
25.41,0.0,29.32,66.73,3.62,0.0,4.05,4,6,0.0,19.01,19.01
27.75,0.0,12.59,65.56,5.76,0.0,4.74,5,6,14.11,77.4,91.51
29.84,30.04,53.55,58.22,4.5,0.0,2.47,6,6,36.02,4.87,40.89
30.35,234.14,16.53,57.54,5.28,0.0,3.48,7,6,662.4,43.54,705.93
27.03,462.82,15.78,65.99,2.38,0.0,4.09,8,6,1316.92,0.0,1316.92
34.94,622.94,33.98,51.44,2.34,0.0,2.14,9,6,1764.52,3.26,1767.78
33.62,680.96,41.09,65.8,3.11,0.0,3.48,10,6,1886.3,3.61,1889.91
33.22,870.55,22.55,61.56,0.62,0.0,1.93,11,6,2461.2,1.03,2462.22
35.65,977.76,12.82,52.0,6.0,0.0,3.11,12,6,2660.33,99.95,2760.27
36.47,925.57,16.78,59.94,3.06,0.0,5.02,13,6,2477.31,15.69,2492.99
35.71,779.53,23.9,66.79,1.19,0.0,5.67,14,6,2072.88,3.5,2076.38
37.18,640.76,33.38,55.81,6.45,0.0,3.78,15,6,1717.68,137.64,1855.32
35.8,465.88,16.04,44.48,8.34,0.0,4.0,16,6,1226.55,470.36,1696.91
35.6,78.6,83.59,68.86,4.59,5.1,3.68,17,6,188.32,33.16,221.48
34.39,0.0,57.97,71.09,2.99,0.0,4.56,18,6,0.0,30.31,30.31
32.23,0.0,25.7,70.24,3.29,0.0,4.49,19,6,0.0,0.0,0.0
33.39,0.0,12.64,63.97,2.45,0.0,2.14,20,6,17.31,0.0,17.31
32.76,0.0,10.76,63.75,5.02,0.0,4.21,21,6,24.55,41.88,66.43
31.36,0.0,57.77,62.51,2.99,0.0,2.43,22,6,0.0,0.0,0.0
30.61,0.0,37.13,63.04,0.82,0.0,4.81,23,6,0.0,3.98,3.98
28.81,0.0,6.98,55.13,0.98,0.0,4.68,0,7,0.0,23.37,23.37
26.73,0.0,40.87,57.8,4.39,0.0,1.96,1,7,0.0,2.48,2.48
28.29,0.0,10.61,58.02,2.64,0.0,4.55,2,7,0.0,0.0,0.0
24.82,0.0,15.05,53.15,1.93,0.0,2.45,3,7,36.31,1.53,37.84
25.68,0.0,39.42,58.21,4.03,0.0,3.37,4,7,0.0,17.78,17.78
26.08,0.0,22.17,67.66,2.57,0.0,2.29,5,7,0.0,0.0,0.0
29.94,5.34,54.95,45.19,1.24,0.0,4.05,6,7,0.0,24.1,24.1
30.77,160.78,43.47,54.46,2.09,0.0,5.12,7,7,411.75,10.36,422.11
31.29,434.83,30.1,59.59,5.52,0.0,3.36,8,7,1182.25,69.55,1251.8
33.47,707.31,6.69,52.71,6.22,0.0,3.01,9,7,1973.28,113.97,2087.26
31.83,797.35,21.99,58.12,6.45,0.0,3.51,10,7,2228.34,116.79,2345.13
34.88,923.13,13.77,59.43,3.94,0.0,5.0,11,7,2485.01,0.0,2485.01
35.21,914.6,21.52,64.44,7.81,0.0,4.55,12,7,2414.8,351.99,2766.79
37.46,794.01,41.37,48.15,1.83,0.0,4.93,13,7,2128.25,15.3,2143.55
36.51,777.39,28.31,52.74,4.79,0.0,3.51,14,7,2092.53,44.13,2136.66
36.28,661.03,18.29,37.77,4.97,0.0,1.39,15,7,1828.7,43.49,1872.19
37.5,480.25,18.52,58.75,1.05,0.0,1.75,16,7,1340.75,0.0,1340.75
37.5,269.39,11.67,47.1,2.59,0.0,3.35,17,7,762.91,46.37,809.28
34.39,0.0,15.01,60.47,7.76,0.0,2.13,18,7,7.24,334.07,341.31
34.27,0.0,31.02,55.36,5.37,0.0,4.25,19,7,0.0,75.93,75.93
31.56,0.0,39.6,78.98,1.07,0.0,3.31,20,7,16.25,3.14,19.39
28.11,0.0,17.34,79.91,3.97,0.0,1.72,21,7,34.08,0.0,34.08
30.86,0.0,39.26,66.99,4.6,0.0,3.88,22,7,0.0,23.08,23.08
30.27,0.0,24.71,66.09,8.56,0.0,2.8,23,7,1.54,511.48,513.02
28.69,0.0,50.57,66.61,5.05,0.0,3.24,0,7,0.0,9.71,9.71
24.58,0.0,35.44,65.83,4.54,0.0,4.49,1,7,3.43,21.41,24.84
26.48,0.0,30.45,61.05,6.96,0.0,4.71,2,7,0.0,197.94,197.94
23.5,0.0,33.78,63.27,4.68,0.0,4.74,3,7,0.0,0.0,0.0
29.06,0.0,40.63,59.06,7.38,0.0,4.14,4,7,13.79,230.3,244.09
25.87,0.0,19.14,71.31,3.71,0.0,5.23,5,7,18.1,0.0,18.1
30.18,9.46,58.82,60.88,5.07,0.0,3.14,6,7,39.91,15.39,55.31
30.75,187.07,13.14,45.74,4.5,0.0,3.27,7,7,546.18,3.86,550.04
29.19,441.54,34.22,84.5,4.04,0.0,2.77,8,7,1232.62,0.0,1232.62
30.13,605.81,35.27,61.53,2.82,0.0,3.52,9,7,1729.41,26.39,1755.8
33.65,704.94,41.59,75.82,6.89,0.0,3.45,10,7,1905.52,206.31,2111.83
33.07,946.53,9.19,56.1,2.52,0.0,3.62,11,7,2616.45,0.0,2616.45
35.52,560.19,67.31,54.4,1.88,0.0,3.42,12,7,1539.39,0.0,1539.39
35.44,908.82,14.97,63.89,5.02,0.0,4.38,13,7,2441.64,32.99,2474.62
33.99,694.09,38.26,55.82,4.0,0.0,3.52,14,7,1929.73,2.23,1931.96
33.49,615.4,33.44,62.03,2.49,0.0,3.37,15,7,1723.17,4.09,1727.26
37.0,398.45,40.56,51.97,6.43,0.0,3.85,16,7,1087.41,128.99,1216.41
35.32,250.91,25.12,52.79,2.61,0.0,2.19,17,7,686.14,0.0,686.14
34.54,12.43,8.48,69.85,1.16,0.0,2.25,18,7,84.24,14.96,99.2
35.38,0.0,40.84,46.9,0.56,0.0,3.21,19,7,0.0,0.0,0.0
34.89,0.0,26.82,53.05,7.2,0.0,4.06,20,7,2.44,251.89,254.34
31.42,0.0,29.64,75.9,3.23,0.0,3.49,21,7,25.41,0.0,25.41
30.03,0.0,4.55,60.33,2.21,0.0,3.16,22,7,0.0,11.33,11.33
30.08,0.0,65.27,51.13,4.12,0.0,3.6,23,7,0.0,3.26,3.26
26.23,0.0,11.97,72.44,3.68,0.0,4.52,0,7,0.0,0.0,0.0
27.81,0.0,15.28,65.34,13.32,0.0,2.25,1,7,14.64,2009.56,2024.2
27.8,0.0,30.43,69.23,6.67,0.0,3.47,2,7,35.6,187.3,222.89
27.83,0.0,35.05,66.13,2.53,0.0,2.22,3,7,12.03,5.82,17.85
24.07,0.0,44.23,61.27,4.92,0.0,2.49,4,7,0.0,34.96,34.96
26.33,0.0,11.4,69.31,3.15,0.0,3.44,5,7,12.99,0.0,12.99
26.95,5.28,66.76,76.79,3.03,0.0,4.19,6,7,52.75,0.0,52.75
29.45,236.78,21.03,59.65,3.04,0.0,3.57,7,7,667.01,3.02,670.03
31.23,459.52,38.26,54.44,4.54,0.0,4.01,8,7,1302.39,32.72,1335.12
34.05,637.8,18.68,56.75,3.95,0.0,3.59,9,7,1752.56,17.04,1769.61
32.36,596.5,53.71,58.5,5.34,0.0,4.75,10,7,1609.99,60.52,1670.52
33.56,888.4,18.07,56.16,1.83,0.0,3.98,11,7,2440.21,0.0,2440.21
37.06,906.71,22.05,64.4,3.35,0.0,3.26,12,7,2475.35,23.11,2498.47
36.58,766.47,45.75,57.04,6.31,0.0,4.32,13,7,2044.62,117.52,2162.14
38.54,606.38,51.39,66.02,0.5,0.0,3.41,14,7,1653.05,0.0,1653.05
37.24,576.35,39.38,56.13,4.45,0.0,3.95,15,7,1549.85,12.09,1561.95
34.9,457.89,26.55,60.01,5.59,0.0,4.31,16,7,1245.56,62.63,1308.19
34.14,244.41,27.46,75.48,3.13,0.0,4.92,17,7,626.52,0.0,626.52
33.01,0.0,47.07,62.13,6.6,0.0,5.13,18,7,15.45,169.17,184.62
35.3,0.0,51.39,54.6,5.19,0.0,5.29,19,7,19.76,35.8,55.55
34.88,0.0,14.91,49.61,4.34,0.0,4.37,20,7,18.99,0.0,18.99
34.58,0.0,6.29,50.67,2.12,0.0,3.28,21,7,15.47,18.17,33.64
31.78,0.0,8.62,57.53,4.74,0.0,3.71,22,7,6.92,34.99,41.91
31.05,0.0,48.99,59.74,6.03,0.0,2.71,23,7,0.0,93.86,93.86
27.37,0.0,25.58,49.65,5.15,0.0,2.82,0,7,11.92,28.02,39.94
25.71,0.0,18.91,68.02,4.16,0.0,3.43,1,7,12.15,39.84,51.99
28.22,0.0,17.23,43.31,5.04,0.0,3.91,2,7,6.65,34.64,41.29
27.4,0.0,59.7,76.33,8.73,0.0,2.6,3,7,0.0,583.67,583.67
27.11,0.0,50.51,51.37,0.5,0.0,3.68,4,7,0.0,0.0,0.0
28.03,0.0,28.94,66.85,4.7,0.0,1.78,5,7,0.0,36.67,36.67
28.72,22.09,41.26,65.7,5.65,0.0,2.96,6,7,53.28,39.38,92.66
31.2,228.1,35.69,72.3,4.54,0.0,4.07,7,7,601.44,0.0,601.44
32.42,462.8,20.06,61.19,2.54,0.0,3.15,8,7,1316.37,18.59,1334.97
32.59,610.2,35.15,59.1,5.92,0.0,4.64,9,7,1660.0,104.78,1764.78
34.34,799.61,23.55,60.32,7.04,0.0,3.94,10,7,2191.92,226.62,2418.54
35.05,702.6,50.78,52.73,4.83,0.0,1.41,11,7,1981.04,26.24,2007.28
34.62,892.75,30.37,53.36,3.81,0.0,3.59,12,7,2438.96,39.49,2478.45
37.24,821.16,35.51,56.02,3.04,0.0,3.27,13,7,2204.45,0.0,2204.45
34.51,769.92,25.19,55.24,2.85,0.0,4.53,14,7,2066.41,14.75,2081.16
38.36,595.5,30.72,58.1,5.1,0.0,1.96,15,7,1648.5,44.67,1693.16
34.81,370.61,40.76,50.17,4.35,0.0,4.23,16,7,981.59,0.0,981.59
36.53,208.52,29.73,62.78,1.86,0.0,4.72,17,7,575.2,20.35,595.55
34.04,0.61,46.49,61.91,1.75,0.0,4.75,18,7,23.08,9.19,32.28
35.11,0.0,40.03,57.08,1.22,0.0,3.14,19,7,8.81,4.83,13.63
33.02,0.0,35.47,47.06,4.83,0.0,4.17,20,7,0.0,32.26,32.26
29.38,0.0,27.96,70.44,2.76,0.0,3.65,21,7,17.35,0.0,17.35
31.11,0.0,32.68,77.37,0.64,0.0,5.13,22,7,20.85,0.8,21.65
28.41,0.0,38.89,61.2,2.89,0.0,4.13,23,7,0.0,4.0,4.0
29.53,0.0,13.29,70.44,6.01,0.0,3.36,0,7,22.36,130.5,152.86
27.42,0.0,19.8,65.18,2.4,0.0,3.41,1,7,1.54,0.0,1.54
27.51,0.0,8.82,57.21,4.51,0.0,2.12,2,7,19.44,0.0,19.44
25.31,0.0,35.34,62.49,3.42,0.0,2.63,3,7,75.76,0.0,75.76
26.03,0.0,20.97,66.91,4.01,0.0,3.13,4,7,0.0,0.0,0.0
26.73,0.0,15.37,70.56,4.28,0.0,3.91,5,7,0.0,0.0,0.0
29.49,10.91,25.21,51.93,3.5,0.0,1.72,6,7,40.05,19.8,59.85
31.76,257.14,10.85,55.25,1.1,0.0,3.58,7,7,690.46,5.22,695.68
29.24,496.5,10.12,64.17,4.12,0.0,2.44,8,7,1464.6,10.43,1475.03
33.36,669.14,18.17,48.89,3.2,0.0,1.79,9,7,1840.12,0.0,1840.12
29.78,804.07,17.35,66.4,2.12,0.0,2.23,10,7,2319.46,8.42,2327.88
32.45,802.62,33.27,73.85,6.78,0.0,3.28,11,7,2207.17,183.1,2390.27
33.84,991.65,7.73,57.58,5.19,0.0,3.57,12,7,2709.11,39.47,2748.58
34.05,865.49,28.27,64.03,2.6,0.0,3.57,13,7,2387.73,17.9,2405.63
34.2,855.76,6.91,47.76,3.96,0.0,2.92,14,7,2386.38,31.34,2417.73
37.36,555.11,51.16,49.12,8.17,0.0,2.85,15,7,1543.96,443.16,1987.12
36.25,461.88,18.13,63.45,2.39,0.0,3.32,16,7,1272.72,9.71,1282.43
36.64,249.85,18.81,44.11,7.72,0.0,1.5,17,7,706.7,336.24,1042.94
36.32,2.24,48.67,49.74,4.83,0.0,3.31,18,7,0.0,8.2,8.2
34.64,0.0,9.09,66.57,3.97,0.0,3.58,19,7,12.27,13.49,25.76
34.03,0.0,35.08,53.29,9.1,0.0,1.99,20,7,0.0,650.97,650.97
31.64,0.0,56.45,45.03,2.87,0.0,4.16,21,7,31.52,10.28,41.81
28.67,0.0,24.93,60.09,2.57,0.0,1.9,22,7,0.0,3.89,3.89
30.83,0.0,13.78,75.95,2.9,0.0,3.69,23,7,6.15,0.0,6.15
27.29,0.0,11.31,77.77,5.3,0.0,2.07,0,7,0.0,64.01,64.01
25.98,0.0,33.49,67.2,2.88,0.0,3.83,1,7,0.0,0.0,0.0
26.61,0.0,24.36,65.2,1.48,0.0,3.07,2,7,33.24,0.0,33.24
25.34,0.0,3.16,87.46,4.58,0.0,2.72,3,7,0.0,25.17,25.17
26.26,0.0,28.98,60.01,2.26,0.0,3.97,4,7,0.0,1.0,1.0
27.9,0.0,30.14,60.39,0.5,0.0,1.6,5,7,0.0,0.0,0.0
28.7,35.48,17.48,73.04,2.12,0.0,3.8,6,7,79.42,0.0,79.42
27.86,209.11,42.05,58.63,5.88,0.0,3.64,7,7,540.06,99.14,639.19
29.69,518.03,1.79,66.31,7.55,0.0,3.09,8,7,1461.16,346.19,1807.35
33.32,607.31,34.58,49.12,4.69,0.0,3.4,9,7,1673.55,32.03,1705.59
33.75,695.24,42.73,70.42,2.74,0.0,1.41,10,7,1911.19,0.0,1911.19
37.32,700.19,48.52,50.75,3.41,0.0,2.94,11,7,1924.08,7.41,1931.49
37.02,844.83,34.79,49.38,2.09,0.0,2.93,12,7,2293.7,7.93,2301.63
37.76,873.27,21.26,46.95,6.56,0.0,4.72,13,7,2298.31,159.86,2458.17
34.46,760.76,27.94,48.45,4.71,0.0,2.32,14,7,2075.86,21.06,2096.92
37.86,683.03,12.9,50.78,1.34,0.0,1.2,15,7,1945.34,5.81,1951.15
36.46,452.81,17.91,36.38,3.04,0.0,3.23,16,7,1242.98,1.1,1244.07
35.21,216.55,19.14,48.02,3.95,0.0,3.0,17,7,596.76,36.13,632.9
35.5,0.0,33.62,56.54,5.69,0.0,2.6,18,7,0.0,70.2,70.2
35.63,0.0,4.61,56.95,7.16,0.0,1.63,19,7,6.54,236.07,242.61
33.76,0.0,30.43,57.93,1.7,0.0,2.15,20,7,26.05,0.0,26.05
30.39,0.0,17.36,56.46,6.04,0.0,2.52,21,7,13.55,104.01,117.56
31.53,0.0,52.97,73.27,1.17,0.0,2.95,22,7,0.0,10.75,10.75
28.25,0.0,33.95,72.05,2.36,0.0,1.14,23,7,28.61,0.0,28.61
28.47,0.0,6.64,64.01,0.66,0.0,4.31,0,7,0.95,15.07,16.02
26.89,0.0,32.84,65.81,1.16,0.0,4.48,1,7,31.23,14.09,45.32
26.52,0.0,44.27,63.38,0.82,0.0,1.88,2,7,0.0,9.87,9.87
27.83,0.0,30.55,60.47,1.79,0.0,1.6,3,7,0.0,17.46,17.46
25.29,0.0,19.73,67.4,6.51,0.0,1.95,4,7,0.0,153.12,153.12
30.26,0.0,32.66,70.25,2.6,0.0,3.61,5,7,0.0,0.0,0.0
25.41,3.28,41.54,64.94,3.64,0.0,2.79,6,7,31.79,10.11,41.9
28.28,103.78,72.36,75.31,3.68,0.0,2.84,7,7,315.36,0.0,315.36
30.94,369.3,49.61,56.67,10.41,0.0,4.7,8,7,1046.17,1144.43,2190.6
32.55,569.43,39.41,71.87,3.03,0.0,3.21,9,7,1576.1,5.07,1581.17
32.82,744.01,29.32,57.24,2.5,0.0,4.01,10,7,2033.66,0.0,2033.66
34.09,945.14,9.39,63.54,8.18,0.0,3.81,11,7,2563.89,424.31,2988.21
35.83,849.29,33.17,74.21,4.26,0.0,3.26,12,7,2334.84,55.18,2390.03
35.66,898.58,19.99,75.56,2.63,0.0,1.76,13,7,2522.3,12.45,2534.75
38.6,631.15,47.69,41.95,2.62,0.0,2.99,14,7,1700.29,0.0,1700.29
37.93,679.33,14.57,61.75,1.35,0.0,2.39,15,7,1867.46,0.0,1867.46
37.81,395.9,31.34,46.07,4.06,0.0,3.33,16,7,1043.15,15.52,1058.67
34.56,178.71,52.96,60.53,5.1,0.0,3.94,17,7,450.65,29.58,480.23
35.09,0.0,30.1,60.8,3.61,0.0,1.87,18,7,12.31,27.01,39.32
33.73,0.0,46.19,65.42,6.61,0.0,2.93,19,7,2.14,145.71,147.85
31.46,0.0,39.57,51.01,3.66,0.0,4.02,20,7,0.0,0.0,0.0
32.22,0.0,69.2,50.91,2.93,0.0,4.61,21,7,20.53,0.0,20.53
29.58,0.0,23.16,56.89,2.42,0.0,1.39,22,7,0.0,15.34,15.34
30.16,0.0,8.52,67.48,2.38,0.0,2.71,23,7,6.12,6.19,12.31
26.5,0.0,10.19,69.17,2.78,0.0,3.15,0,7,10.43,0.0,10.43
29.89,0.0,8.04,66.43,9.88,0.0,2.86,1,7,26.49,915.04,941.53
25.46,0.0,20.29,59.03,3.01,0.0,2.23,2,7,7.03,8.41,15.44
26.97,0.0,32.05,67.98,3.88,0.0,1.12,3,7,10.48,0.0,10.48
28.0,0.0,33.96,60.13,2.55,0.0,2.71,4,7,67.25,0.0,67.25
26.45,0.0,31.64,62.33,1.77,0.0,1.56,5,7,22.25,0.0,22.25
29.38,11.41,25.35,62.72,4.58,0.0,2.7,6,7,15.38,16.01,31.39
27.29,143.97,72.18,54.12,3.99,0.0,3.77,7,7,404.64,13.29,417.93
32.52,447.71,30.85,64.22,1.19,0.0,3.94,8,7,1248.7,28.62,1277.32
31.66,571.33,41.66,49.54,6.59,0.0,3.35,9,7,1570.51,157.04,1727.55
32.04,806.26,20.32,57.26,3.79,0.0,4.91,10,7,2195.61,1.71,2197.31
33.69,802.63,34.66,64.51,2.88,0.0,4.57,11,7,2119.08,0.0,2119.08
36.39,993.1,14.9,43.24,5.53,0.0,1.78,12,7,2777.51,66.36,2843.87
35.09,969.48,5.31,45.67,1.55,0.0,2.92,13,7,2666.62,0.0,2666.62
35.34,793.18,24.64,64.87,3.61,0.0,4.23,14,7,2125.75,7.09,2132.84
36.31,649.1,18.42,46.83,4.01,0.0,3.69,15,7,1725.55,13.35,1738.9
34.7,505.29,23.42,65.1,5.5,0.0,4.08,16,7,1388.82,66.07,1454.89
38.7,224.24,21.96,56.07,3.06,0.0,3.0,17,7,623.6,0.0,623.6
34.32,0.59,11.24,47.09,6.25,0.0,0.38,18,7,0.0,121.43,121.43
35.39,0.0,13.92,57.91,4.92,0.0,4.1,19,7,0.0,29.43,29.43
33.25,0.0,12.78,62.73,5.46,0.0,3.26,20,7,0.0,50.43,50.43
30.16,0.0,23.05,51.65,8.39,0.0,2.04,21,7,0.0,473.9,473.9
30.34,0.0,1.01,63.08,6.14,0.0,2.55,22,7,42.51,117.22,159.73
30.31,0.0,16.16,69.31,2.94,0.0,3.23,23,7,5.83,0.0,5.83
27.78,0.0,30.85,65.01,4.58,0.0,1.37,0,7,0.0,31.49,31.49
29.06,0.0,38.76,65.33,6.41,0.0,4.38,1,7,68.24,138.78,207.02
28.3,0.0,20.31,63.92,3.88,0.0,2.44,2,7,1.7,13.04,14.74
27.98,0.0,25.82,73.61,4.82,0.0,1.75,3,7,24.02,15.36,39.38
26.08,0.0,32.81,66.93,1.96,0.0,4.57,4,7,5.37,11.25,16.62
25.65,0.0,42.2,62.64,5.85,0.0,1.56,5,7,5.62,98.78,104.41
27.14,0.0,5.61,64.63,5.36,0.0,2.1,6,7,0.0,44.64,44.64
29.39,230.88,18.92,51.22,6.67,0.0,2.91,7,7,712.75,176.81,889.55
31.12,423.43,31.06,37.54,5.01,0.0,2.79,8,7,1174.06,51.21,1225.28
28.34,662.65,22.71,58.37,6.51,0.0,2.63,9,7,1869.55,148.79,2018.33
32.88,828.87,10.74,71.74,1.89,0.0,2.99,10,7,2291.63,0.0,2291.63
34.34,873.17,24.94,65.95,5.83,0.0,2.47,11,7,2423.32,102.59,2525.91
34.72,814.49,38.74,44.19,7.87,0.0,1.9,12,7,2278.31,361.24,2639.55
37.87,495.65,74.27,45.17,5.85,0.0,5.26,13,7,1300.53,85.68,1386.21
37.06,688.97,47.33,49.53,4.4,0.0,4.74,14,7,1809.5,13.86,1823.37
38.56,596.75,32.18,51.19,7.27,0.0,2.29,15,7,1643.7,256.05,1899.74
36.11,447.0,25.55,47.43,1.42,0.0,1.96,16,7,1268.46,0.0,1268.46
37.34,206.73,45.38,49.3,0.59,0.0,3.37,17,7,532.38,40.06,572.44
37.59,0.0,25.27,62.09,8.25,0.0,2.96,18,7,55.31,442.68,498.0
36.07,0.0,40.51,47.72,4.82,0.0,0.17,19,7,0.0,52.74,52.74
31.26,0.0,14.64,65.99,1.57,0.0,2.13,20,7,0.0,4.46,4.46
31.22,0.0,12.52,67.63,2.9,0.0,0.53,21,7,0.0,0.0,0.0
29.79,0.0,24.5,82.44,5.29,0.0,2.13,22,7,11.92,42.16,54.08
29.83,0.0,8.43,57.7,5.3,0.0,3.44,23,7,0.0,52.55,52.55
29.05,0.0,19.91,55.19,1.94,0.0,2.96,0,7,0.0,1.2,1.2
25.97,0.0,27.63,54.08,3.59,0.0,0.63,1,7,11.06,0.0,11.06
26.83,0.0,29.48,72.09,5.77,0.0,2.33,2,7,17.05,66.71,83.77
23.53,0.0,27.22,74.19,8.3,0.0,3.04,3,7,2.06,455.38,457.45
28.89,0.0,2.27,63.5,4.44,0.0,3.71,4,7,0.0,17.22,17.22
26.46,0.0,25.17,69.83,4.54,0.0,2.72,5,7,45.5,0.0,45.5
28.11,0.0,58.76,65.94,3.58,0.0,2.99,6,7,62.58,1.29,63.87
28.59,215.63,35.82,61.42,3.96,0.0,2.07,7,7,591.46,23.31,614.77
31.98,499.07,9.27,57.93,1.45,0.0,2.05,8,7,1449.26,3.38,1452.64
27.3,454.36,65.89,65.46,2.95,0.0,2.14,9,7,1336.7,5.53,1342.23
32.83,820.92,21.95,79.22,3.79,0.0,2.67,10,7,2315.94,23.92,2339.87
33.9,793.54,38.51,65.6,2.55,0.0,1.05,11,7,2216.75,22.57,2239.32
34.41,876.04,27.83,48.38,3.01,0.0,1.4,12,7,2479.63,0.0,2479.63
38.48,879.3,25.96,56.0,8.48,0.0,3.08,13,7,2422.9,522.9,2945.81
35.06,804.33,11.79,56.88,0.5,0.0,2.53,14,7,2196.6,0.0,2196.6
37.72,675.56,9.6,68.19,2.7,0.0,1.67,15,7,1888.11,0.0,1888.11
36.92,493.61,13.74,64.76,4.21,0.0,2.71,16,7,1335.1,39.05,1374.15
37.78,265.86,14.28,52.86,2.57,0.0,1.97,17,7,773.88,8.17,782.05
34.09,26.17,20.13,57.86,4.78,0.0,3.01,18,7,118.07,14.51,132.58
32.96,0.0,21.42,50.36,2.68,0.0,2.8,19,7,22.27,0.0,22.27
34.5,0.0,53.49,62.84,4.54,0.0,2.44,20,7,0.42,24.76,25.18
32.2,0.0,51.61,69.54,6.2,0.0,1.54,21,7,0.0,112.31,112.31
27.95,0.0,31.25,66.44,4.67,0.0,1.83,22,7,0.0,44.37,44.37
28.25,0.0,59.69,67.22,1.02,0.0,1.94,23,7,0.0,0.0,0.0
28.56,0.0,60.37,62.12,5.67,0.0,1.39,0,7,0.0,102.16,102.16
28.44,0.0,21.26,71.92,2.2,0.0,2.62,1,7,25.86,5.82,31.69
25.67,0.0,14.02,57.47,4.52,0.0,2.81,2,7,0.0,0.0,0.0
22.14,0.0,38.96,63.48,4.59,0.0,3.64,3,7,24.62,31.04,55.66
27.47,0.0,21.54,73.47,5.74,0.0,2.43,4,7,79.84,56.87,136.71
25.35,0.0,47.42,57.29,3.78,0.0,2.6,5,7,8.26,0.0,8.26
24.95,6.31,30.59,63.99,3.09,0.0,1.76,6,7,37.45,0.0,37.45
24.77,271.43,36.69,67.05,3.84,0.0,2.31,7,7,743.87,27.6,771.47
31.44,375.87,52.27,65.04,4.0,0.0,2.94,8,7,1061.81,0.0,1061.81
31.71,624.26,29.1,62.18,5.91,0.0,2.46,9,7,1749.8,108.6,1858.39
32.47,828.84,18.87,35.41,2.16,0.0,4.76,10,7,2272.82,29.5,2302.32
36.1,830.11,29.27,60.33,6.16,0.0,1.68,11,7,2361.48,120.48,2481.96
36.01,968.37,10.41,54.02,3.04,0.0,0.87,12,7,2750.42,13.62,2764.03
38.27,840.05,30.47,61.61,5.25,0.0,1.72,13,7,2308.14,31.27,2339.42
34.26,721.51,34.25,50.13,2.88,0.0,4.11,14,7,1939.09,4.75,1943.84
36.46,697.18,19.4,67.85,5.0,0.0,3.98,15,7,1832.55,55.22,1887.77
33.92,423.76,37.39,48.89,5.7,0.0,2.24,16,7,1174.84,84.62,1259.46
35.5,256.16,17.62,52.7,4.07,0.0,2.63,17,7,693.96,2.09,696.05
34.68,0.0,43.6,67.47,4.42,0.0,3.62,18,7,35.79,22.7,58.49
34.95,0.0,47.72,75.09,4.99,0.0,3.75,19,7,38.22,31.65,69.87
32.88,0.0,65.33,50.16,4.86,0.0,0.32,20,7,54.2,51.24,105.44
32.45,0.0,28.3,80.01,5.13,0.0,2.88,21,7,0.0,27.8,27.8
31.28,0.0,21.78,42.43,6.19,0.0,4.05,22,7,0.0,117.22,117.22
32.25,0.0,60.87,66.35,2.25,0.0,2.99,23,7,0.0,26.43,26.43
27.46,0.0,27.25,80.14,2.21,0.0,0.59,0,7,45.45,0.0,45.45
25.73,0.0,24.83,59.87,8.45,0.0,4.64,1,7,21.14,508.33,529.47
27.01,0.0,19.01,76.42,6.21,0.0,3.16,2,7,45.61,122.7,168.31
25.27,0.0,62.13,64.59,4.26,0.0,1.02,3,7,12.3,29.59,41.89
28.86,0.0,45.7,58.37,0.5,0.0,1.92,4,7,34.98,0.0,34.98
26.72,0.0,45.03,56.09,6.25,0.0,3.2,5,7,0.0,114.54,114.54
27.09,0.0,69.65,65.87,5.31,0.0,2.06,6,7,4.64,43.16,47.8
28.26,242.22,26.55,66.23,7.96,0.0,3.83,7,7,659.38,392.2,1051.58
31.25,312.05,60.16,51.95,0.52,0.0,3.35,8,7,870.3,0.0,870.3
31.23,539.88,48.9,72.91,0.77,0.0,2.93,9,7,1493.61,26.62,1520.23
31.8,813.81,23.78,55.98,3.84,0.0,1.62,10,7,2337.77,15.85,2353.62
36.47,782.09,32.5,54.93,6.27,0.0,2.8,11,7,2146.94,119.52,2266.46
33.72,588.21,65.42,60.39,9.8,0.0,4.61,12,7,1597.15,933.37,2530.52
35.85,917.58,18.5,79.94,2.79,0.0,3.13,13,7,2542.63,0.0,2542.63
37.28,661.56,46.55,64.53,0.87,0.0,3.21,14,7,1800.28,0.0,1800.28
34.02,715.1,10.46,64.7,2.1,0.0,1.09,15,7,2028.83,0.0,2028.83
37.02,343.29,61.7,51.04,6.51,0.0,2.09,16,7,926.39,131.11,1057.51
34.22,261.05,19.17,60.93,3.57,0.0,2.51,17,7,714.86,8.09,722.95
36.24,0.0,24.76,59.33,6.23,0.0,2.55,18,7,0.0,109.96,109.96
32.53,0.0,24.44,59.72,3.45,0.0,3.48,19,7,33.22,14.92,48.14
33.8,0.0,12.98,66.1,1.05,0.0,1.34,20,7,4.19,0.0,4.19
33.13,0.0,32.55,84.29,4.41,0.0,2.73,21,7,30.22,58.21,88.42
31.47,0.0,35.67,52.36,3.4,0.0,2.6,22,7,3.36,7.16,10.52
29.35,0.0,8.67,67.09,3.7,0.0,3.85,23,7,24.14,11.57,35.71
27.54,0.0,30.11,69.08,7.76,0.0,2.62,0,7,5.48,348.97,354.45
26.23,0.0,21.52,65.63,3.52,0.0,1.83,1,7,0.0,6.85,6.85
28.8,0.0,30.27,59.08,5.68,0.0,0.26,2,7,29.27,93.94,123.21
25.37,0.0,57.77,62.78,1.11,0.0,2.22,3,7,0.0,5.21,5.21
25.04,0.0,37.79,86.89,3.63,0.0,2.4,4,7,5.5,8.59,14.09
28.09,0.0,15.97,66.56,4.23,0.0,2.26,5,7,29.87,18.14,48.01
26.69,18.63,19.38,75.07,1.56,0.0,3.65,6,7,5.21,18.0,23.2
27.5,150.31,53.73,63.76,2.7,0.0,3.05,7,7,426.17,0.0,426.17
27.96,488.64,24.83,68.91,5.22,0.0,1.86,8,7,1457.95,15.21,1473.16
30.7,702.66,9.96,66.29,2.03,0.0,1.8,9,7,2044.83,4.82,2049.65
32.59,898.69,6.68,57.98,1.67,0.0,2.54,10,7,2532.34,9.65,2541.98
34.29,783.37,41.72,59.97,2.68,0.0,1.29,11,7,2203.91,0.0,2203.91
36.39,732.72,50.86,65.61,6.3,0.0,2.14,12,7,2060.63,111.63,2172.26
36.54,939.65,7.27,46.25,5.4,0.0,2.36,13,7,2574.6,43.45,2618.05
35.97,722.78,35.0,57.65,5.51,0.0,1.63,14,7,2037.73,40.97,2078.69
36.13,582.35,32.87,60.23,2.81,0.0,2.13,15,7,1639.63,8.62,1648.24
37.02,476.37,30.5,60.97,1.45,0.0,1.52,16,7,1374.88,17.46,1392.34
37.66,196.31,48.3,61.48,0.81,0.0,4.9,17,7,536.53,0.0,536.53
35.15,17.41,6.65,62.62,4.23,0.0,4.06,18,7,61.22,19.74,80.96
33.22,0.0,15.47,68.69,4.95,0.0,2.06,19,7,0.0,37.55,37.55
31.23,0.0,10.67,58.28,3.1,0.0,1.35,20,7,0.0,0.0,0.0
29.26,0.0,31.87,75.56,3.9,0.0,0.0,21,7,0.0,23.02,23.02
31.13,0.0,20.78,62.63,2.57,0.0,0.93,22,7,0.66,36.31,36.97
29.79,0.0,36.94,70.24,3.03,0.0,3.32,23,7,27.56,0.0,27.56
28.7,0.0,0.34,54.08,5.15,0.0,2.13,0,7,0.0,46.11,46.11
26.85,0.0,8.96,72.08,5.06,0.0,2.53,1,7,17.43,38.76,56.18
28.66,0.0,51.75,65.85,0.76,0.0,2.84,2,7,36.39,1.36,37.76
25.65,0.0,31.85,65.82,7.65,0.0,1.83,3,7,0.0,313.42,313.42
27.98,0.0,14.96,75.78,2.52,0.0,3.41,4,7,0.0,9.63,9.63
26.99,0.0,18.01,68.41,6.94,0.0,2.78,5,7,0.0,207.36,207.36
26.93,0.0,62.62,68.3,3.81,0.0,2.08,6,7,0.0,0.0,0.0
29.76,253.73,26.74,51.86,3.74,0.0,2.17,7,7,715.47,3.78,719.25
30.69,453.88,23.55,56.68,3.48,0.0,3.39,8,7,1228.08,6.72,1234.8
31.91,516.43,49.04,62.18,7.2,0.0,3.07,9,7,1428.86,260.76,1689.61
32.79,837.45,12.96,54.26,2.17,0.0,0.79,10,7,2438.02,0.0,2438.02
33.82,837.18,26.81,70.03,4.38,0.0,3.52,11,7,2245.11,17.97,2263.07
38.49,895.82,26.7,50.46,2.78,0.0,2.56,12,7,2440.8,0.0,2440.8
37.48,774.09,34.32,46.31,7.07,0.0,1.85,13,7,2140.33,243.72,2384.05
37.29,537.16,65.25,45.32,1.94,0.0,1.38,14,7,1509.71,1.82,1511.53
36.54,676.66,4.2,54.08,4.78,0.0,2.03,15,7,1901.65,52.65,1954.3
37.71,435.97,30.73,60.55,3.33,0.0,2.25,16,7,1197.58,0.0,1197.58
36.48,275.83,16.22,47.71,4.68,0.0,1.35,17,7,815.64,22.09,837.73
34.95,1.43,25.17,48.7,1.86,0.0,2.58,18,7,0.0,3.17,3.17
33.42,0.0,50.26,54.29,3.18,0.0,1.08,19,7,45.09,9.33,54.42
32.55,0.0,35.29,59.4,1.52,0.0,0.0,20,7,0.0,23.86,23.86
26.62,0.0,13.25,58.6,8.38,0.0,2.33,21,7,0.0,496.02,496.02
30.4,0.0,26.24,63.49,2.21,0.0,2.8,22,7,0.0,0.0,0.0
28.14,0.0,8.17,77.68,10.06,0.0,3.15,23,7,17.44,1002.59,1020.03
30.18,0.0,7.04,62.68,3.31,0.0,3.36,0,7,0.0,0.0,0.0
27.02,0.0,8.6,63.31,1.23,0.0,0.54,1,7,10.19,0.0,10.19
24.71,0.0,42.03,78.29,0.6,0.0,2.4,2,7,19.18,0.06,19.24
26.25,0.0,26.77,58.29,4.3,0.0,3.08,3,7,0.0,42.26,42.26
24.92,0.0,50.47,73.34,4.39,0.0,2.23,4,7,15.89,0.0,15.89
27.7,0.0,21.56,65.97,3.88,0.0,2.11,5,7,0.0,24.72,24.72
28.22,0.0,49.94,78.67,1.18,0.0,2.66,6,7,0.0,0.0,0.0
30.26,229.53,11.3,72.72,2.86,0.0,3.29,7,7,658.0,11.08,669.08
28.84,399.62,42.2,48.74,3.0,0.0,2.19,8,7,1159.17,0.0,1159.17
31.37,534.32,48.33,63.03,4.97,0.0,2.46,9,7,1504.69,42.37,1547.06
30.57,776.94,27.21,50.64,3.32,0.0,1.48,10,7,2216.36,0.0,2216.36
34.88,970.03,9.22,66.27,4.15,0.0,1.37,11,7,2739.96,0.0,2739.96
35.64,968.61,13.0,48.61,2.61,0.0,0.66,12,7,2767.49,7.44,2774.92
36.4,927.69,15.64,61.62,5.12,0.0,0.34,13,7,2630.5,59.78,2690.27
36.16,738.14,37.22,64.83,0.98,0.0,2.73,14,7,2009.69,5.57,2015.27
36.95,391.97,65.57,40.09,9.51,0.0,2.03,15,7,1084.66,825.06,1909.72
38.56,508.81,6.1,64.52,4.56,0.0,2.03,16,7,1433.88,4.79,1438.67
35.23,253.08,30.1,65.71,1.81,0.0,2.89,17,7,674.15,11.28,685.43
35.07,14.35,13.11,48.49,5.06,0.0,4.02,18,7,52.54,34.75,87.28
32.19,0.0,31.71,69.66,5.59,0.0,2.27,19,7,38.12,99.42,137.54
31.32,0.0,26.02,51.83,5.61,0.0,0.97,20,7,0.0,48.94,48.94
31.47,0.0,36.89,68.5,2.53,0.0,2.24,21,7,38.4,3.68,42.08
31.69,0.0,33.45,60.25,8.03,0.0,3.04,22,7,0.0,386.73,386.73
28.44,0.0,33.33,53.52,0.6,0.0,0.43,23,7,0.0,0.0,0.0
27.38,0.0,45.13,77.95,3.11,0.0,3.27,0,7,23.99,19.71,43.7
26.33,0.0,34.65,79.19,1.49,0.0,1.17,1,7,0.0,0.0,0.0
25.64,0.0,27.72,69.77,3.14,0.0,3.51,2,7,21.69,0.0,21.69
26.71,0.0,48.74,67.12,1.09,0.0,1.95,3,7,9.69,0.0,9.69
24.2,0.0,42.42,66.76,4.58,0.0,1.14,4,7,27.17,14.08,41.26
28.86,0.0,28.96,68.79,1.14,0.0,2.65,5,7,0.0,6.06,6.06
26.74,0.0,35.62,70.19,4.4,0.0,1.4,6,7,17.46,13.61,31.07
29.85,238.58,21.64,75.39,2.32,0.0,0.0,7,7,695.05,0.0,695.05
28.07,342.88,58.88,67.0,2.0,0.0,1.81,8,7,1015.2,14.58,1029.79
32.27,637.2,22.61,71.47,2.94,0.0,3.74,9,7,1735.68,0.0,1735.68
33.57,794.09,16.3,43.83,4.55,0.0,1.3,10,7,2244.69,27.98,2272.67
34.35,907.3,18.65,64.27,4.18,0.0,0.36,11,7,2632.01,0.0,2632.01
33.31,757.8,46.98,60.45,4.81,0.0,1.02,12,7,2170.62,19.45,2190.07
35.98,791.43,37.22,58.7,7.13,0.0,1.5,13,7,2236.04,226.66,2462.7
34.33,831.82,9.33,72.36,2.15,0.0,3.59,14,7,2283.59,19.72,2303.3
35.89,621.9,35.21,64.79,3.29,0.0,0.33,15,7,1804.48,12.01,1816.5
37.64,457.91,18.67,51.02,2.5,0.0,1.77,16,7,1257.42,0.0,1257.42
36.8,124.5,66.6,48.03,4.23,0.0,0.76,17,7,330.55,20.12,350.68
34.83,0.0,6.22,41.87,2.6,0.0,2.55,18,7,0.0,29.21,29.21
32.31,0.0,15.12,63.83,4.07,0.0,3.15,19,7,0.0,18.06,18.06
33.53,0.0,54.12,68.6,5.92,0.0,2.5,20,7,3.69,77.78,81.47
31.3,0.0,39.17,71.58,4.03,0.0,2.25,21,7,0.0,5.0,5.0
26.5,0.0,32.15,63.98,6.07,0.0,0.91,22,7,0.0,113.91,113.91
29.94,0.0,22.75,73.07,4.37,0.0,1.65,23,7,0.0,3.02,3.02
27.64,0.0,33.15,75.99,6.43,0.0,2.04,0,7,3.86,144.52,148.38
28.69,0.0,8.88,72.3,7.35,0.0,3.39,1,7,0.0,285.28,285.28
24.74,0.0,51.65,69.73,3.79,0.0,0.77,2,7,22.4,13.1,35.5
21.45,0.0,22.64,72.9,5.63,0.0,1.25,3,7,2.65,63.31,65.96
26.81,0.0,1.2,71.11,3.58,0.0,2.25,4,7,0.0,25.12,25.12
27.32,0.0,31.64,71.67,4.97,0.0,3.27,5,7,13.82,19.05,32.87
25.14,0.0,14.14,65.03,0.88,0.0,1.32,6,7,0.0,5.1,5.1
27.25,216.38,37.25,63.41,8.31,0.0,4.22,7,7,617.13,433.19,1050.32
34.06,430.38,42.02,60.29,6.75,0.0,1.36,8,7,1235.56,161.06,1396.62
30.76,611.75,33.73,57.14,6.73,0.0,0.87,9,7,1762.96,165.98,1928.94
33.61,821.03,26.7,54.6,2.59,0.0,1.63,10,7,2312.71,9.66,2322.37
32.74,877.48,26.54,45.63,2.6,0.0,1.15,11,7,2542.79,6.03,2548.82
31.62,673.5,58.1,52.99,3.23,0.0,2.15,12,7,1901.3,0.0,1901.3
35.29,858.36,27.56,62.61,6.55,0.0,2.82,13,7,2339.51,171.12,2510.63
35.65,822.36,25.39,64.28,6.29,0.0,2.75,14,7,2272.02,128.08,2400.09
35.62,682.84,9.27,55.95,2.63,0.0,2.78,15,7,1908.0,13.43,1921.43
35.87,458.25,17.4,62.28,3.98,0.0,1.63,16,7,1279.88,26.3,1306.19
35.94,207.42,31.16,38.02,3.61,0.0,2.09,17,7,562.37,0.0,562.37
34.53,45.24,39.07,60.99,4.61,0.0,0.45,18,7,146.78,12.23,159.01
31.82,0.0,18.68,49.14,2.21,0.0,0.96,19,7,8.98,0.0,8.98
33.24,0.0,56.88,52.39,1.34,0.0,2.98,20,7,0.0,0.0,0.0
28.29,0.0,64.69,70.24,0.75,0.0,1.79,21,7,10.15,21.6,31.75
26.85,0.0,9.46,73.34,3.12,0.0,1.94,22,7,0.0,6.86,6.86
29.83,0.0,30.31,47.97,7.7,0.0,2.36,23,7,57.0,334.16,391.16
28.39,0.0,23.93,51.6,4.84,0.0,0.0,0,7,11.24,44.79,56.02
26.74,0.0,18.6,61.54,5.29,0.0,2.22,1,7,29.87,74.31,104.18
24.24,0.0,39.88,55.58,7.67,0.0,1.46,2,7,0.0,329.69,329.69
25.1,0.0,46.71,65.57,3.33,0.0,2.7,3,7,31.74,11.87,43.61
25.94,0.0,21.54,74.81,3.61,0.0,1.8,4,7,0.0,2.71,2.71
24.44,0.0,13.72,57.26,3.0,0.0,0.94,5,7,15.23,6.05,21.28
26.52,16.72,22.05,83.28,2.01,0.0,1.66,6,7,70.76,14.73,85.49
29.64,212.28,31.6,61.35,5.43,0.0,0.69,7,7,626.1,50.78,676.88
32.01,423.56,36.64,63.57,6.93,0.0,3.22,8,7,1163.54,202.36,1365.9
30.53,618.98,33.46,54.14,5.83,0.0,2.28,9,7,1739.51,77.42,1816.93
33.59,739.21,38.79,67.02,1.0,0.0,3.0,10,7,2022.14,10.24,2032.38
30.79,793.39,37.26,63.92,2.68,0.0,2.79,11,7,2168.86,0.0,2168.86
35.68,898.09,21.29,58.21,4.26,0.0,1.14,12,7,2558.33,18.48,2576.81
34.28,750.88,41.96,60.95,2.83,0.0,2.08,13,7,2094.62,0.0,2094.62
36.45,590.19,51.86,44.91,1.81,0.0,2.27,14,7,1653.65,0.0,1653.65
35.79,697.18,11.04,59.34,3.96,0.0,2.61,15,7,1900.89,19.9,1920.79
37.97,339.76,40.27,59.07,3.86,0.0,2.61,16,7,928.7,0.0,928.7
34.18,225.95,16.34,45.74,5.01,0.0,1.46,17,7,639.08,21.98,661.06
35.64,0.24,14.57,54.08,13.44,0.0,2.53,18,7,0.0,1986.97,1986.97
33.24,0.0,35.16,56.65,4.6,0.0,2.26,19,7,25.8,24.6,50.4
32.22,0.0,11.25,60.68,2.78,0.0,1.03,20,7,23.34,0.0,23.34
30.88,0.0,54.2,67.71,7.96,0.0,1.3,21,7,0.0,373.95,373.95
28.6,0.0,29.09,71.23,4.14,0.0,2.53,22,7,26.05,0.73,26.78
28.64,0.0,45.78,63.83,4.58,0.0,1.83,23,7,25.27,32.18,57.45
27.47,0.0,44.65,73.68,2.99,0.0,1.74,0,7,27.78,0.0,27.78
27.13,0.0,18.66,55.42,3.49,0.0,1.14,1,7,36.1,0.0,36.1
26.4,0.0,27.1,69.41,3.31,0.0,2.88,2,7,20.32,0.0,20.32
27.3,0.0,29.67,50.13,7.47,0.0,3.16,3,7,25.83,292.09,317.91
27.66,0.0,11.52,61.83,5.8,0.0,1.22,4,7,0.0,109.88,109.88
25.2,0.0,24.7,72.62,1.39,0.0,2.65,5,7,0.0,9.12,9.12
28.87,0.0,19.86,70.07,2.76,0.0,2.47,6,7,2.02,9.22,11.23
26.82,205.47,39.21,69.16,1.08,0.0,1.31,7,7,597.35,14.67,612.01
30.69,457.56,20.3,74.76,3.84,0.0,1.29,8,7,1326.66,0.0,1326.66
32.03,617.12,28.17,61.43,2.58,0.0,2.53,9,7,1733.31,0.0,1733.31
29.53,806.91,19.61,49.93,1.24,0.0,0.11,10,7,2372.06,0.0,2372.06
33.74,796.76,30.35,40.32,5.47,0.0,0.0,11,7,2352.23,68.84,2421.07
33.93,849.05,31.47,50.34,1.39,0.0,3.09,12,7,2378.05,0.0,2378.05
34.29,818.04,39.75,49.86,2.53,0.0,1.88,13,7,2332.27,0.0,2332.27
37.96,693.67,39.56,53.75,5.47,0.0,2.26,14,7,1886.09,63.67,1949.77
35.12,500.47,51.07,52.44,3.81,0.0,4.29,15,7,1351.8,32.48,1384.27
34.72,372.64,48.35,49.72,5.87,0.0,2.06,16,7,1053.05,89.55,1142.6
35.55,142.1,71.5,51.68,3.29,0.0,2.27,17,7,402.71,4.12,406.83
35.67,0.0,17.56,53.5,5.84,0.0,1.62,18,7,0.0,114.43,114.43
33.39,0.0,35.4,52.25,3.96,0.0,1.39,19,7,6.34,24.83,31.17
34.15,0.0,29.91,58.34,1.37,0.0,0.66,20,7,0.0,13.37,13.37
31.9,0.0,33.29,68.3,3.59,0.0,2.42,21,7,15.14,30.79,45.93
26.54,0.0,39.79,61.96,4.04,0.0,1.95,22,7,0.0,0.0,0.0
27.81,0.0,16.59,66.29,4.38,0.0,0.88,23,7,0.0,46.3,46.3
26.66,0.0,22.73,83.56,7.3,0.0,2.72,0,7,11.94,272.55,284.48
27.43,0.0,5.67,68.04,2.03,0.0,1.24,1,7,0.0,18.78,18.78
22.28,0.0,38.98,80.99,4.34,0.0,1.86,2,7,36.01,24.6,60.61
29.87,0.0,12.47,59.38,5.31,0.0,2.32,3,7,0.0,39.86,39.86
27.01,0.0,18.16,75.94,6.68,0.0,2.0,4,7,0.0,143.66,143.66
26.94,0.0,12.34,60.25,3.88,0.0,1.58,5,7,0.0,12.15,12.15
29.28,0.0,39.09,68.68,2.21,0.0,0.43,6,7,16.01,0.0,16.01
32.06,191.22,42.07,69.15,5.87,0.0,2.0,7,7,474.78,78.68,553.46
31.05,494.35,11.61,74.07,6.9,0.0,2.76,8,7,1415.86,193.19,1609.05
32.47,701.91,1.14,61.05,1.51,0.0,0.62,9,7,1998.02,0.0,1998.02
32.53,685.99,41.24,57.8,2.3,0.0,0.43,10,7,2020.12,0.0,2020.12
33.33,673.99,58.54,47.94,6.45,0.0,3.24,11,7,1830.46,120.77,1951.23
33.86,803.02,43.3,57.78,3.66,0.0,0.78,12,7,2273.07,0.0,2273.07
34.13,724.82,50.55,64.47,1.94,0.0,1.21,13,7,2046.61,0.0,2046.61
34.84,785.23,21.63,62.77,4.58,0.0,1.46,14,7,2256.9,18.8,2275.7
34.02,551.29,42.07,58.02,3.52,0.0,2.58,15,7,1583.84,10.1,1593.94
35.76,365.0,52.59,59.06,8.35,0.0,0.34,16,7,1022.97,493.87,1516.85
32.85,261.94,9.34,72.95,2.26,0.0,1.48,17,7,710.87,0.0,710.87
34.86,37.0,71.5,62.61,3.02,0.0,0.6,18,7,151.08,17.85,168.93
33.49,0.0,28.81,56.94,1.92,0.0,3.82,19,7,0.0,0.0,0.0
32.56,0.0,20.8,59.91,1.02,0.0,1.15,20,7,0.0,0.0,0.0
30.26,0.0,48.58,68.09,2.55,0.0,0.78,21,7,8.28,0.0,8.28
34.36,0.0,12.4,62.52,5.89,0.0,1.04,22,7,0.0,102.01,102.01
30.58,0.0,26.43,80.36,2.51,0.0,1.57,23,7,0.0,1.86,1.86
25.58,0.0,21.02,81.51,4.91,0.0,1.83,0,7,0.0,3.96,3.96
27.0,0.0,11.85,58.4,3.89,0.0,2.39,1,7,0.0,11.46,11.46
25.24,0.0,53.01,63.51,3.85,0.0,0.88,2,7,7.95,0.0,7.95
24.46,0.0,19.54,79.88,5.55,0.0,0.92,3,7,2.51,57.6,60.11
24.14,0.0,40.88,63.82,4.41,0.0,0.0,4,7,0.0,11.78,11.78
27.3,0.0,33.48,67.59,1.88,0.0,0.59,5,7,9.43,1.23,10.66
26.42,0.0,62.61,80.29,2.25,0.0,1.06,6,7,12.91,9.78,22.69
29.93,188.85,43.51,65.58,3.99,0.0,3.22,7,7,479.36,12.27,491.63
31.18,484.48,12.65,69.45,6.15,0.0,1.75,8,7,1370.56,127.99,1498.55
33.04,663.75,21.46,61.12,1.83,0.0,1.33,9,7,1840.72,6.54,1847.26
31.0,839.57,11.78,61.24,1.51,0.0,3.21,10,7,2382.22,3.23,2385.45
34.19,595.76,68.2,43.24,3.84,0.0,1.41,11,7,1701.3,0.0,1701.3
35.46,812.65,39.95,58.5,2.06,0.0,0.83,12,7,2302.22,0.0,2302.22
34.6,817.22,36.39,53.24,10.22,0.0,0.86,13,7,2287.57,1090.57,3378.13
34.65,863.85,9.77,68.16,0.5,0.0,0.56,14,7,2449.28,0.0,2449.28
38.39,661.18,21.77,32.72,3.47,0.0,0.87,15,7,1847.88,28.47,1876.35
36.15,469.06,9.85,51.56,1.9,0.0,1.73,16,7,1343.48,14.55,1358.02
36.26,190.33,41.54,66.59,4.81,0.0,1.48,17,7,545.52,44.97,590.49
33.28,0.0,19.95,74.71,4.49,0.0,2.72,18,7,6.5,7.55,14.05
31.65,0.0,29.03,70.24,5.77,0.0,2.01,19,7,0.86,96.31,97.17
31.42,0.0,38.57,66.65,4.1,0.0,2.66,20,7,13.0,38.02,51.03
30.79,0.0,31.86,48.25,2.06,0.0,3.06,21,7,36.97,17.15,54.11
28.09,0.0,33.3,56.82,1.05,0.0,2.44,22,7,0.0,33.05,33.05
28.47,0.0,14.63,72.27,5.09,0.0,0.82,23,7,10.49,48.76,59.25
24.85,0.0,38.28,58.86,3.43,0.0,1.42,0,7,5.0,22.75,27.75
24.91,0.0,7.7,67.24,2.26,0.0,2.73,1,7,6.02,8.96,14.98
27.09,0.0,23.38,64.0,2.42,0.0,3.07,2,7,17.46,0.0,17.46
26.82,0.0,5.79,70.17,1.81,0.0,1.81,3,7,17.73,18.05,35.79
25.5,0.0,41.75,73.76,2.6,0.0,3.63,4,7,6.47,0.0,6.47
25.06,0.0,28.71,48.62,5.64,0.0,1.18,5,7,0.0,51.19,51.19
25.84,2.49,40.17,70.27,4.43,0.0,2.01,6,7,16.26,11.83,28.09
27.86,232.58,32.03,60.13,9.41,0.0,0.22,7,7,679.99,776.38,1456.37
30.59,491.65,19.24,66.74,3.88,0.0,1.77,8,7,1411.79,0.0,1411.79
32.31,689.69,12.14,46.0,3.86,0.0,2.35,9,7,1952.74,23.38,1976.12
31.47,538.54,59.38,69.37,2.07,0.0,2.95,10,7,1478.9,0.0,1478.9
31.69,619.02,58.85,55.26,4.23,0.0,0.0,11,7,1829.55,18.35,1847.9
34.85,664.6,64.52,54.08,4.36,0.0,0.16,12,7,1927.97,13.02,1940.99
34.01,957.29,5.99,71.23,2.16,0.0,1.13,13,7,2676.68,0.0,2676.68
34.97,758.35,32.72,55.95,1.37,0.0,0.0,14,7,2137.77,7.24,2145.01
37.9,533.28,43.57,61.42,3.05,0.0,1.8,15,7,1497.26,12.8,1510.06
36.99,491.78,11.71,54.42,1.96,0.0,3.34,16,7,1298.08,4.39,1302.48
35.48,251.06,31.52,69.74,3.76,0.0,1.29,17,7,691.08,18.11,709.19
32.54,0.0,27.02,62.67,3.89,0.0,2.46,18,7,0.0,12.57,12.57
33.73,0.0,18.85,62.65,4.36,0.0,1.62,19,7,0.0,47.65,47.65
33.8,0.0,5.29,59.88,4.32,0.0,0.77,20,7,16.63,0.0,16.63
30.35,0.0,43.71,60.21,4.77,0.0,0.43,21,7,28.73,0.0,28.73
31.65,0.0,26.58,68.02,2.3,0.0,2.29,22,7,0.0,6.74,6.74
30.36,0.0,63.8,56.59,5.16,0.0,2.27,23,7,20.16,22.58,42.74
29.81,0.0,37.31,69.05,3.88,0.0,1.59,0,7,14.07,8.66,22.73
26.98,0.0,44.38,74.31,3.41,0.0,1.75,1,7,1.62,5.32,6.94
26.9,0.0,21.38,71.01,4.6,0.0,3.39,2,7,9.95,0.0,9.95
27.97,0.0,38.09,57.9,3.75,0.0,3.08,3,7,0.0,11.4,11.4
26.69,0.0,44.88,70.55,3.89,0.0,0.24,4,7,0.0,15.92,15.92
25.77,0.0,9.18,76.46,0.69,0.0,0.0,5,7,13.21,0.0,13.21
26.64,2.25,13.87,56.89,5.73,0.0,2.22,6,7,0.0,98.51,98.51
28.71,220.18,32.03,52.34,3.34,0.0,0.0,7,7,626.98,0.0,626.98
27.62,376.53,48.16,72.62,3.84,0.0,1.94,8,7,1097.08,1.28,1098.36
30.64,456.21,59.67,57.06,3.16,0.0,2.57,9,7,1308.25,13.53,1321.78
33.79,806.08,14.02,64.42,4.03,0.0,0.8,10,7,2316.56,22.39,2338.96
30.06,927.59,12.73,76.61,1.06,0.0,1.48,11,7,2656.39,9.46,2665.85
36.69,853.32,38.17,43.2,3.13,0.0,2.17,12,7,2359.71,0.0,2359.71
36.87,688.95,52.99,42.29,4.73,0.0,1.06,13,7,1902.65,0.0,1902.65
34.99,798.42,13.35,63.43,7.51,0.0,2.45,14,7,2222.98,281.94,2504.92
36.67,573.17,35.13,65.5,6.19,0.0,1.28,15,7,1587.33,126.4,1713.72
35.69,505.44,0.61,69.89,8.16,0.0,1.98,16,7,1378.15,443.52,1821.67
37.03,180.44,44.26,61.02,5.55,0.0,0.02,17,7,550.33,83.0,633.33
35.86,4.68,56.49,54.89,4.5,0.0,1.59,18,7,15.84,42.2,58.04
31.25,0.0,7.6,62.27,3.34,0.0,2.05,19,7,0.0,31.47,31.47
33.03,0.0,40.99,62.06,1.63,0.0,0.88,20,7,0.0,1.01,1.01
30.54,0.0,35.73,75.82,2.42,0.0,0.83,21,7,3.31,3.67,6.98
29.68,0.0,32.87,65.73,2.53,0.0,2.55,22,7,0.0,0.0,0.0
27.26,0.0,26.0,60.77,3.36,0.0,2.22,23,7,31.98,0.0,31.98
29.87,0.0,17.02,64.94,4.37,0.0,1.62,0,7,0.0,1.87,1.87
28.01,0.0,5.58,52.88,4.42,0.0,2.04,1,7,0.0,6.31,6.31
24.85,0.0,40.06,64.74,3.51,0.0,0.0,2,7,0.0,3.36,3.36
23.78,0.0,33.35,68.0,2.55,0.0,1.53,3,7,0.0,16.82,16.82
25.38,0.0,29.53,65.43,1.09,0.0,0.6,4,7,18.76,4.78,23.54
27.11,0.0,42.0,53.78,9.54,0.0,1.43,5,7,8.71,813.95,822.66
27.61,0.0,7.97,56.37,7.54,0.0,0.0,6,7,0.0,297.4,297.4
30.16,146.19,63.21,62.64,2.02,0.0,2.05,7,7,398.73,0.0,398.73
30.68,334.41,57.38,68.9,4.34,0.0,0.36,8,7,958.91,9.14,968.05
32.24,690.53,8.71,56.97,2.66,0.0,4.08,9,7,1901.99,0.0,1901.99
32.57,719.07,27.15,60.52,2.09,0.0,1.38,10,7,2030.62,0.0,2030.62
31.2,522.7,71.57,68.58,4.83,0.0,0.97,11,7,1567.96,26.82,1594.79
34.03,811.55,44.65,79.53,5.59,0.0,1.29,12,7,2311.91,59.77,2371.67
36.7,728.15,47.96,52.42,3.25,0.0,0.0,13,7,2084.49,0.0,2084.49
35.54,753.17,30.23,49.62,1.11,0.0,1.34,14,7,2118.09,22.57,2140.67
36.54,617.84,27.84,61.47,3.22,0.0,2.36,15,7,1679.13,0.0,1679.13
35.14,423.96,28.67,63.65,3.92,0.0,1.93,16,7,1204.41,0.0,1204.41
33.57,244.53,19.28,48.25,6.73,0.0,0.95,17,7,668.71,184.9,853.6
34.13,9.03,29.82,49.09,4.65,0.0,2.87,18,7,66.35,40.94,107.29
33.75,0.0,43.84,47.54,5.01,0.0,0.85,19,7,24.47,62.88,87.36
31.1,0.0,13.46,55.96,2.14,0.0,1.06,20,7,16.51,0.0,16.51
30.43,0.0,34.39,69.39,5.08,0.0,0.58,21,7,19.77,56.58,76.35
28.08,0.0,26.11,68.16,3.76,0.0,0.12,22,7,7.98,6.86,14.84
29.96,0.0,46.06,64.39,5.9,0.0,2.42,23,7,3.34,106.79,110.13
26.74,0.0,10.03,59.06,2.22,0.0,0.68,0,7,0.0,0.0,0.0
28.56,0.0,46.79,56.24,3.83,0.0,1.58,1,7,0.0,35.22,35.22
28.18,0.0,39.64,65.78,2.18,0.0,0.85,2,7,0.0,0.0,0.0
25.59,0.0,23.15,67.9,2.61,0.0,2.56,3,7,4.44,0.0,4.44
24.37,0.0,41.55,73.67,6.01,0.0,2.35,4,7,45.36,99.46,144.83
23.26,0.0,10.72,82.19,4.86,0.0,0.0,5,7,12.33,41.31,53.64
24.97,0.0,23.28,59.92,5.14,0.0,1.67,6,7,0.0,39.71,39.71
26.16,146.95,68.72,66.42,1.2,0.0,1.43,7,7,460.86,16.45,477.32
31.49,457.71,25.55,62.12,5.14,0.0,2.34,8,7,1261.66,37.07,1298.73
30.89,641.66,23.61,63.48,3.7,0.0,1.65,9,7,1864.39,3.2,1867.59
32.59,743.13,36.07,60.48,3.53,0.0,2.45,10,7,2089.62,0.0,2089.62
29.89,879.0,22.17,62.84,3.28,0.0,2.18,11,7,2507.12,0.0,2507.12
32.45,877.58,33.15,61.57,6.22,0.0,1.89,12,7,2510.4,153.55,2663.95
36.38,828.83,31.16,59.48,1.99,0.0,2.32,13,7,2327.94,11.6,2339.54
35.98,745.98,31.25,50.18,5.84,0.0,0.97,14,7,2101.25,136.31,2237.56
35.49,717.87,14.14,60.16,7.31,0.0,1.09,15,7,1984.31,280.6,2264.91
36.39,385.46,38.1,59.45,1.93,0.0,2.87,16,7,1074.97,4.99,1079.96
37.5,246.65,17.36,55.88,12.58,0.0,2.48,17,7,651.92,1982.92,2634.84
33.92,6.96,27.08,70.91,9.71,0.0,2.19,18,7,0.0,895.28,895.28
33.32,0.0,17.04,60.75,4.43,0.0,1.88,19,7,7.56,4.06,11.62
32.3,0.0,30.05,63.16,2.52,0.0,0.0,20,7,0.0,0.0,0.0
34.3,0.0,32.28,50.02,3.37,0.0,1.86,21,7,0.0,0.0,0.0
26.27,0.0,27.42,75.79,1.94,0.0,1.2,22,7,0.0,0.0,0.0
29.24,0.0,20.09,79.23,1.61,0.0,2.51,23,7,29.71,18.78,48.49
26.94,0.0,16.69,67.93,4.97,0.0,1.02,0,7,0.0,25.59,25.59
27.17,0.0,1.81,49.89,4.19,0.0,0.0,1,7,0.67,31.53,32.2
24.83,0.0,35.82,77.81,4.1,0.0,1.88,2,7,30.39,13.99,44.38
25.57,0.0,16.74,79.27,2.4,0.0,1.06,3,7,0.0,0.0,0.0
26.88,0.0,45.16,68.47,2.33,0.0,1.15,4,7,0.0,0.0,0.0
30.98,0.0,38.06,57.67,9.63,0.0,1.36,5,7,0.0,837.88,837.88
28.32,0.0,20.99,75.2,4.48,0.0,2.66,6,7,0.0,29.29,29.29
26.87,263.16,12.98,76.34,5.89,0.0,3.55,7,7,744.7,95.68,840.38
28.72,493.47,19.8,66.55,3.1,0.0,1.39,8,7,1418.76,0.0,1418.76
29.97,478.14,59.14,72.16,6.13,0.0,0.44,9,7,1368.76,98.72,1467.47
29.25,711.91,40.83,58.1,5.09,0.0,0.0,10,7,2156.89,24.98,2181.87
32.65,907.13,22.5,70.16,2.95,0.0,3.2,11,7,2485.75,11.88,2497.62
35.28,961.47,12.92,58.85,5.06,0.0,3.55,12,7,2644.21,61.7,2705.91
33.06,830.43,29.77,56.88,7.25,0.0,0.0,13,7,2427.16,268.55,2695.7
37.05,805.12,22.93,55.47,2.21,0.0,1.59,14,7,2233.65,6.37,2240.02
36.38,573.98,43.94,61.81,4.01,0.0,1.43,15,7,1620.97,26.81,1647.78
34.37,468.05,9.09,60.22,8.3,0.0,0.0,16,7,1342.72,458.24,1800.96
34.76,240.91,30.24,71.97,5.91,0.0,1.67,17,7,666.5,99.78,766.28
36.58,5.76,58.65,64.81,4.43,0.0,1.97,18,7,7.97,9.18,17.14
34.25,0.0,24.5,48.53,1.21,0.0,1.05,19,7,19.08,0.0,19.08
31.95,0.0,8.21,68.05,3.25,0.0,1.51,20,7,7.2,2.97,10.17
30.29,0.0,23.93,70.7,4.62,0.0,1.84,21,7,6.96,47.49,54.45
29.47,0.0,22.05,68.56,3.27,0.0,1.31,22,7,0.0,24.76,24.76
27.38,0.0,17.87,58.54,10.87,0.0,1.04,23,7,9.51,1377.96,1387.47
23.88,0.0,27.1,79.3,5.32,0.0,0.97,0,7,0.0,47.97,47.97
29.31,0.0,30.75,65.92,2.05,0.0,1.9,1,7,0.0,0.0,0.0
25.98,0.0,45.13,59.74,3.69,0.0,1.81,2,7,0.0,11.42,11.42
26.17,0.0,34.56,70.45,3.13,0.0,2.27,3,7,41.3,44.03,85.33
25.66,0.0,39.46,77.27,4.27,0.0,1.57,4,7,12.3,1.34,13.64
25.14,0.0,36.39,62.09,3.46,0.0,2.09,5,7,0.0,0.0,0.0
26.76,0.0,9.94,60.15,2.35,0.0,2.76,6,7,55.83,13.28,69.12
25.67,220.26,28.58,74.02,5.11,0.0,0.0,7,7,633.88,66.21,700.09
32.69,437.38,35.76,62.7,1.51,0.0,1.65,8,7,1267.48,11.06,1278.54
28.72,532.23,40.87,71.1,3.92,0.0,1.62,9,7,1570.15,4.65,1574.79
30.32,579.38,59.17,63.18,2.74,0.0,0.47,10,7,1693.54,0.0,1693.54
32.41,888.06,21.64,80.18,8.29,0.0,2.03,11,7,2474.46,473.36,2947.82
36.04,931.48,20.91,52.94,2.71,0.0,1.11,12,7,2629.85,0.0,2629.85
34.93,841.11,30.88,62.44,2.91,0.0,1.1,13,7,2381.36,0.0,2381.36
33.55,808.75,19.73,55.1,4.99,0.0,0.0,14,7,2295.51,62.3,2357.81
37.45,681.08,13.25,42.85,1.67,0.0,1.3,15,7,1895.41,14.39,1909.8
36.5,500.75,14.79,54.22,2.82,0.0,1.41,16,7,1370.5,0.0,1370.5
35.71,240.91,20.95,53.94,4.91,0.0,2.33,17,7,666.92,43.95,710.87
35.18,20.35,6.2,71.08,0.8,0.0,2.35,18,7,74.3,0.0,74.3
36.66,0.0,59.97,58.53,2.75,0.0,1.15,19,7,0.0,0.0,0.0
35.15,0.0,23.42,50.68,0.5,0.0,1.91,20,7,29.59,3.96,33.55
29.54,0.0,23.24,64.07,1.82,0.0,2.28,21,7,12.21,0.0,12.21
31.72,0.0,31.79,53.77,4.33,0.0,0.77,22,7,0.0,3.66,3.66
28.65,0.0,5.13,62.69,3.51,0.0,0.54,23,7,0.0,0.0,0.0
27.71,0.0,54.89,74.1,1.85,0.0,0.52,0,7,31.52,3.25,34.77
23.63,0.0,33.67,74.49,1.28,0.0,1.44,1,7,0.0,16.73,16.73
25.41,0.0,27.59,55.35,1.08,0.0,0.73,2,7,68.79,0.0,68.79
24.28,0.0,36.13,63.57,1.34,0.0,0.7,3,7,0.0,6.82,6.82
26.91,0.0,27.37,60.1,1.43,0.0,0.06,4,7,28.48,6.38,34.86
27.78,0.0,28.95,60.19,1.35,0.0,2.55,5,7,0.0,0.0,0.0
23.85,0.0,27.79,72.75,1.07,0.0,1.35,6,7,0.0,1.32,1.32
27.97,288.12,7.46,73.82,4.92,0.0,0.35,7,7,861.5,46.03,907.53
30.89,474.78,23.24,59.25,7.58,0.0,2.59,8,7,1281.51,322.3,1603.81
30.22,647.34,33.18,57.71,6.26,0.0,1.98,9,7,1878.14,122.9,2001.05
32.89,700.44,43.71,66.23,2.5,0.0,0.0,10,7,2066.79,0.0,2066.79
33.53,787.58,44.66,61.28,2.15,0.0,1.22,11,7,2222.05,2.52,2224.56
34.55,964.78,15.0,53.38,1.0,0.0,2.2,12,7,2679.36,4.66,2684.02
34.42,857.58,25.41,54.59,1.85,0.0,0.0,13,7,2420.41,0.0,2420.41
33.5,868.19,2.81,56.47,4.12,0.0,0.07,14,7,2472.79,0.0,2472.79
33.82,542.84,37.03,67.31,11.28,0.0,0.99,15,7,1518.63,1588.81,3107.44
36.39,381.59,45.53,58.86,6.3,0.0,2.0,16,7,1029.04,131.76,1160.8
34.86,257.45,1.78,71.85,3.83,0.0,2.43,17,7,719.44,0.0,719.44
33.83,19.31,22.7,62.79,3.34,0.0,1.12,18,7,93.87,26.16,120.03
32.36,0.0,0.87,53.08,1.8,0.0,0.34,19,7,0.0,5.92,5.92
31.34,0.0,47.75,48.06,3.31,0.0,1.15,20,7,0.0,0.0,0.0
32.07,0.0,5.7,55.54,4.28,0.0,0.08,21,7,6.32,21.77,28.09
28.7,0.0,73.02,51.51,4.28,0.0,1.57,22,7,0.0,33.71,33.71
25.99,0.0,18.25,61.59,4.06,0.0,0.53,23,7,3.07,4.5,7.57
28.0,0.0,38.08,65.55,5.93,0.0,0.0,0,7,0.0,122.24,122.24
25.79,0.0,8.13,57.66,3.8,0.0,1.73,1,7,41.84,3.22,45.06
25.64,0.0,23.85,74.52,3.6,0.0,0.38,2,7,0.0,19.97,19.97
27.84,0.0,19.25,61.55,2.72,0.0,0.0,3,7,8.34,0.0,8.34
25.56,0.0,38.21,74.73,2.01,0.0,1.52,4,7,0.0,0.0,0.0
26.53,0.0,18.88,59.61,0.5,0.0,0.0,5,7,0.0,19.14,19.14
25.12,0.0,25.28,74.65,2.81,0.0,0.0,6,7,10.78,0.0,10.78
27.59,270.52,13.71,61.85,4.51,0.0,0.14,7,7,790.42,42.78,833.2
30.04,431.46,27.4,61.06,4.07,0.0,2.38,8,7,1218.84,24.0,1242.84
28.09,666.91,12.61,60.21,3.91,0.0,0.87,9,7,1941.64,19.8,1961.43
32.02,820.6,12.95,59.37,5.47,0.0,1.66,10,7,2387.09,67.41,2454.5
33.08,562.77,68.05,63.92,2.32,0.0,2.14,11,7,1577.78,0.0,1577.78
34.02,925.34,22.09,47.15,4.79,0.0,0.92,12,7,2656.79,31.01,2687.79
36.31,825.28,31.72,73.2,4.35,0.0,1.24,13,7,2302.22,18.42,2320.64
35.76,848.84,8.79,73.96,2.9,0.0,1.78,14,7,2364.25,0.0,2364.25
37.64,684.16,14.92,49.83,2.23,0.0,1.28,15,7,1938.06,0.0,1938.06
33.76,425.95,37.48,66.46,4.09,0.0,0.99,16,7,1221.73,7.02,1228.75
34.96,246.95,13.43,47.48,7.67,0.0,1.39,17,7,743.0,329.91,1072.91
34.09,0.0,15.5,44.98,1.27,0.0,0.82,18,7,0.0,0.0,0.0
31.32,0.0,28.43,76.88,7.87,0.0,0.52,19,7,47.77,353.95,401.72
33.15,0.0,19.97,65.57,3.56,0.0,0.81,20,7,0.0,0.0,0.0
33.91,0.0,21.25,59.56,5.01,0.0,0.69,21,7,0.0,72.5,72.5
29.1,0.0,72.93,70.11,5.74,0.0,1.99,22,7,10.96,61.13,72.09
28.68,0.0,19.09,59.26,1.82,0.0,0.0,23,7,0.0,0.0,0.0
26.94,0.0,33.14,67.53,0.97,0.0,1.85,0,7,22.27,9.7,31.97
24.95,0.0,54.54,71.01,1.67,0.0,3.45,1,7,0.0,0.0,0.0
22.79,0.0,27.02,60.13,2.91,0.0,1.31,2,7,0.0,0.0,0.0
24.29,0.0,9.07,79.11,7.97,0.0,1.08,3,7,0.0,378.5,378.5
23.43,0.0,29.71,67.32,0.94,0.0,0.37,4,7,0.0,0.0,0.0
28.57,0.0,6.46,55.34,7.15,0.0,0.0,5,7,0.0,242.19,242.19
26.64,4.0,0.87,80.57,4.08,0.0,0.8,6,7,23.89,12.48,36.36
27.33,215.34,31.16,76.12,1.48,0.0,1.1,7,7,661.86,1.29,663.15
30.39,474.51,14.37,60.89,1.83,0.0,0.0,8,7,1413.82,7.44,1421.26
28.66,497.81,54.1,54.61,4.87,0.0,0.33,9,7,1468.91,43.45,1512.36
30.49,548.69,67.41,66.69,4.36,0.0,0.14,10,7,1607.1,6.38,1613.48
32.95,603.3,65.4,60.08,1.93,0.0,2.14,11,7,1688.7,0.0,1688.7
35.43,857.74,35.72,74.09,6.89,0.0,1.58,12,7,2405.76,209.08,2614.83
35.43,720.35,48.21,67.28,1.7,0.0,0.9,13,7,2058.05,0.0,2058.05
35.55,839.77,8.58,52.75,3.81,0.0,1.41,14,7,2342.69,0.0,2342.69
35.46,689.19,8.86,68.19,3.9,0.0,0.94,15,7,1951.87,0.0,1951.87
35.78,461.9,28.82,66.96,6.43,0.0,2.67,16,7,1298.2,119.95,1418.15
34.98,275.67,18.68,43.1,0.67,0.0,1.38,17,7,797.19,6.24,803.42
32.34,0.0,31.26,64.95,1.72,0.0,0.99,18,7,9.07,27.52,36.6
32.92,0.0,29.78,69.29,1.95,0.0,0.31,19,7,0.0,14.43,14.43
30.03,0.0,55.82,59.77,1.15,0.0,2.04,20,7,25.55,0.0,25.55
30.47,0.0,29.51,52.64,4.5,0.0,0.0,21,7,0.0,0.0,0.0
28.33,0.0,6.42,89.17,2.3,0.0,0.0,22,7,0.0,0.0,0.0
31.66,0.0,41.27,73.83,4.17,0.0,2.73,23,7,7.43,9.56,17.0
26.67,0.0,12.48,69.34,5.56,0.0,0.0,0,7,20.86,78.59,99.45
23.83,0.0,42.04,53.58,3.26,0.0,0.27,1,7,0.0,12.36,12.36
25.24,0.0,35.32,65.74,5.45,0.0,1.68,2,7,11.7,53.39,65.09
26.05,0.0,43.81,83.82,5.52,0.0,1.39,3,7,0.0,63.29,63.29
27.95,0.0,38.73,76.55,2.49,0.0,0.77,4,7,10.01,0.0,10.01
25.05,0.0,55.7,67.15,0.57,0.0,0.49,5,7,26.99,0.0,26.99
24.36,0.0,6.73,66.12,1.49,0.0,0.05,6,7,0.0,3.72,3.72
28.99,224.71,15.09,76.29,5.93,0.0,1.4,7,7,686.85,86.11,772.96
26.9,350.5,46.55,65.18,3.24,0.0,0.5,8,7,1044.4,0.0,1044.4
29.61,704.15,12.91,62.89,6.08,0.0,0.0,9,7,2092.18,108.68,2200.86
31.18,825.25,11.24,65.47,4.01,0.0,0.0,10,7,2421.24,17.05,2438.29
32.66,826.76,34.92,64.96,2.11,0.0,1.67,11,7,2291.13,0.0,2291.13
34.84,835.16,31.57,48.82,5.02,0.0,2.54,12,7,2344.59,73.58,2418.17
33.57,769.13,46.3,64.1,4.07,0.0,1.13,13,7,2205.59,7.69,2213.28
34.69,893.86,12.25,49.83,2.96,0.0,0.38,14,7,2566.6,0.0,2566.6
35.25,555.57,44.63,67.53,1.36,0.0,1.42,15,7,1535.05,27.29,1562.34
35.32,389.78,42.65,54.35,1.48,0.0,0.86,16,7,1105.51,21.37,1126.87
34.75,269.04,20.91,60.08,2.06,0.0,1.77,17,7,746.82,36.13,782.96
34.46,0.0,12.41,35.11,4.76,0.0,2.87,18,7,0.0,26.32,26.32
34.03,0.0,56.63,65.31,5.13,0.0,0.43,19,7,52.93,37.13,90.06
32.15,0.0,16.45,68.69,4.49,0.0,3.47,20,7,31.88,17.3,49.18
30.95,0.0,28.31,58.16,2.89,0.0,0.08,21,7,0.0,9.65,9.65
26.6,0.0,10.49,56.55,3.43,0.0,0.0,22,7,0.0,20.05,20.05
27.84,0.0,26.0,54.8,5.0,0.0,0.89,23,7,5.75,51.93,57.68
27.37,0.0,27.88,66.62,4.67,0.0,0.0,0,8,20.51,24.19,44.71
26.95,0.0,17.73,58.18,5.48,0.0,0.51,1,8,0.0,72.61,72.61
24.32,0.0,32.42,69.74,2.36,0.0,0.0,2,8,9.04,0.0,9.04
24.2,0.0,21.97,71.35,0.5,0.0,0.85,3,8,0.0,0.0,0.0
24.5,0.0,31.25,71.89,2.5,0.0,1.24,4,8,0.0,2.07,2.07
26.66,0.0,57.96,78.97,2.94,0.0,0.74,5,8,0.0,0.0,0.0
28.2,20.56,9.54,76.09,8.09,0.0,1.23,6,8,46.68,407.46,454.14
27.08,216.09,26.59,68.22,2.23,0.0,0.92,7,8,597.83,14.41,612.24
30.26,498.57,17.13,68.51,5.95,0.0,0.0,8,8,1466.01,102.04,1568.05
30.37,584.71,37.14,66.21,4.44,0.0,0.37,9,8,1741.82,38.12,1779.94
31.3,832.27,19.79,73.67,1.93,0.0,0.0,10,8,2407.59,0.0,2407.59
32.37,931.47,11.18,61.82,3.23,0.0,0.8,11,8,2667.17,0.0,2667.17
34.84,989.52,10.86,65.1,3.8,0.0,0.83,12,8,2799.15,0.0,2799.15
35.01,927.06,16.75,75.18,2.92,0.0,1.36,13,8,2587.92,1.57,2589.48
38.43,808.91,19.5,56.81,2.28,0.0,0.0,14,8,2222.5,25.31,2247.81
33.91,678.18,22.42,55.04,2.43,0.0,1.06,15,8,1912.54,28.43,1940.97
35.8,511.5,11.39,53.13,4.22,0.0,0.29,16,8,1445.15,0.0,1445.15
33.72,214.75,29.54,53.21,4.86,0.0,1.19,17,8,635.67,27.27,662.95
32.42,0.0,53.54,66.77,3.58,0.0,0.85,18,8,0.0,0.0,0.0
32.67,0.0,41.53,63.28,7.59,0.0,1.96,19,8,22.1,297.27,319.37
31.69,0.0,45.41,58.69,5.14,0.0,0.9,20,8,0.28,39.45,39.72
34.57,0.0,78.49,70.44,6.71,3.91,0.0,21,8,0.0,162.59,162.59
28.62,0.0,47.64,62.1,3.62,0.0,1.36,22,8,46.33,12.16,58.49
25.99,0.0,45.49,69.16,0.55,0.0,0.0,23,8,0.0,24.6,24.6
26.98,0.0,56.75,60.96,4.26,0.0,1.74,0,8,1.54,36.71,38.25
22.66,0.0,4.52,71.51,5.88,0.0,0.56,1,8,0.0,77.93,77.93
25.14,0.0,9.64,63.0,3.95,0.0,0.97,2,8,0.0,4.94,4.94
25.13,0.0,16.69,68.6,4.12,0.0,2.36,3,8,27.61,33.78,61.4
26.47,0.0,4.37,59.43,8.64,0.0,1.28,4,8,1.66,547.6,549.26
27.24,0.0,23.63,62.81,3.04,0.0,1.07,5,8,0.0,19.64,19.64
25.82,0.0,15.66,62.91,5.73,0.0,1.41,6,8,6.24,87.76,93.99
27.38,212.06,30.18,61.43,3.77,0.0,0.0,7,8,655.95,20.16,676.12
27.66,419.72,35.32,59.13,3.55,0.0,2.25,8,8,1186.96,0.0,1186.96
28.41,677.49,11.2,62.72,1.78,0.0,0.56,9,8,1971.17,0.0,1971.17
31.87,696.36,39.54,41.13,5.29,0.0,1.03,10,8,1984.52,21.91,2006.43
30.7,746.8,46.68,68.03,5.92,0.0,0.79,11,8,2157.26,75.91,2233.17
33.02,848.6,29.9,62.09,3.38,0.0,0.0,12,8,2475.65,0.0,2475.65
32.94,640.94,53.9,62.3,5.4,0.0,0.0,13,8,1862.75,28.37,1891.12
35.76,809.54,14.93,55.11,4.2,0.0,0.83,14,8,2300.38,24.71,2325.1
37.81,656.78,24.97,64.06,2.46,0.0,2.0,15,8,1847.91,0.69,1848.6
32.98,465.77,22.95,54.07,7.22,0.0,1.6,16,8,1323.85,240.8,1564.66
31.66,203.04,52.86,47.78,4.92,0.0,2.26,17,8,592.25,30.96,623.21
33.46,0.0,12.96,61.33,6.53,0.0,3.01,18,8,0.0,169.79,169.79
32.63,0.0,37.16,75.4,2.59,0.0,0.94,19,8,12.88,0.0,12.88
31.73,0.0,58.55,72.79,7.09,0.0,0.54,20,8,7.94,207.17,215.11
29.44,0.0,78.64,71.29,3.03,9.86,0.66,21,8,0.0,0.0,0.0
28.51,0.0,20.78,83.21,0.5,0.0,0.97,22,8,7.67,22.42,30.09
28.16,0.0,34.38,62.21,1.26,0.0,1.46,23,8,0.0,0.0,0.0
28.05,0.0,38.79,61.95,1.38,0.0,0.0,0,8,12.23,4.18,16.4
22.76,0.0,75.7,69.88,2.17,1.85,0.14,1,8,0.0,0.0,0.0
24.64,0.0,36.1,49.7,2.04,0.0,0.82,2,8,33.01,0.0,33.01
25.34,0.0,34.15,80.51,1.1,0.0,1.92,3,8,0.0,0.0,0.0
23.82,0.0,32.42,70.63,6.76,0.0,0.93,4,8,0.0,164.19,164.19
28.29,0.0,5.13,60.22,5.97,0.0,1.99,5,8,18.95,101.66,120.61
25.54,0.0,43.18,66.93,5.4,0.0,1.27,6,8,9.88,68.67,78.55
27.46,256.65,32.49,58.6,3.63,0.0,0.89,7,8,752.39,0.0,752.39
29.56,472.16,8.95,64.04,3.35,0.0,1.3,8,8,1296.71,0.0,1296.71
29.14,499.63,56.64,60.03,3.35,0.0,0.99,9,8,1477.15,0.0,1477.15
28.55,876.1,4.49,61.11,2.48,0.0,0.85,10,8,2560.5,30.86,2591.36
31.88,954.38,18.92,53.75,4.36,0.0,2.21,11,8,2678.44,14.45,2692.89
35.1,840.12,42.64,57.23,1.11,0.0,2.07,12,8,2319.27,14.8,2334.07
33.85,937.12,15.14,54.38,4.67,0.0,0.91,13,8,2706.58,1.45,2708.04
33.58,809.26,19.86,69.58,3.82,0.0,0.8,14,8,2325.69,0.0,2325.69
36.41,578.9,40.24,59.62,5.86,0.0,2.22,15,8,1643.43,64.81,1708.23
34.36,464.74,25.24,47.31,8.54,0.0,0.85,16,8,1357.44,507.02,1864.46
33.59,162.45,45.29,63.6,6.51,0.0,1.73,17,8,463.88,149.13,613.01
33.78,0.0,31.16,61.2,5.08,0.0,1.84,18,8,11.32,13.93,25.25
33.68,0.0,20.27,59.15,3.39,0.0,2.12,19,8,0.0,14.45,14.45
34.89,0.0,4.69,55.88,2.21,0.0,2.17,20,8,17.75,8.19,25.94
31.26,0.0,4.58,70.9,4.71,0.0,0.96,21,8,4.25,38.04,42.29
30.47,0.0,19.0,53.59,2.14,0.0,2.3,22,8,0.0,2.92,2.92
26.76,0.0,8.63,66.34,0.64,0.0,1.85,23,8,0.0,0.0,0.0
24.86,0.0,33.17,55.75,4.15,0.0,0.55,0,8,18.02,24.05,42.07
25.7,0.0,18.97,72.42,3.19,0.0,1.59,1,8,0.0,0.0,0.0
25.27,0.0,22.26,68.16,6.5,0.0,2.03,2,8,0.0,126.24,126.24
23.32,0.0,44.96,63.17,4.58,0.0,0.21,3,8,0.0,13.8,13.8
24.85,0.0,29.96,70.66,4.59,0.0,1.37,4,8,0.0,17.84,17.84
26.21,0.0,2.13,78.47,5.6,0.0,2.2,5,8,24.09,71.91,96.0
26.94,0.0,41.81,67.56,2.88,0.0,0.39,6,8,0.0,0.0,0.0
28.2,249.96,26.78,52.57,8.02,0.0,1.77,7,8,718.48,414.83,1133.31
29.08,453.82,25.65,63.95,2.25,0.0,0.0,8,8,1373.34,7.16,1380.51
29.18,602.55,31.27,66.34,6.45,0.0,0.0,9,8,1753.34,153.56,1906.91
30.46,827.23,11.62,56.9,7.0,0.0,1.27,10,8,2352.92,228.28,2581.2
30.64,871.88,23.65,79.99,0.9,0.0,0.58,11,8,2538.63,4.34,2542.97
36.15,916.07,15.34,44.02,4.5,0.0,2.8,12,8,2502.24,23.32,2525.56
34.29,967.89,7.91,37.51,5.29,0.0,0.0,13,8,2821.22,48.13,2869.35
34.43,859.75,9.37,50.19,7.89,0.0,0.89,14,8,2445.12,363.32,2808.44
33.55,707.47,15.0,43.16,2.42,0.0,0.65,15,8,2011.04,9.17,2020.21
39.17,499.31,7.89,59.55,4.09,0.0,0.72,16,8,1380.86,0.0,1380.86
32.66,190.49,33.83,68.3,5.48,0.0,3.15,17,8,548.38,46.4,594.78
32.83,3.04,22.78,46.72,1.8,0.0,0.3,18,8,1.06,31.53,32.59
33.06,0.0,13.83,50.62,6.23,0.0,0.27,19,8,9.46,117.4,126.86
32.13,0.0,5.39,50.72,3.24,0.0,2.09,20,8,0.0,50.31,50.31
31.38,0.0,11.62,61.17,4.55,0.0,0.0,21,8,0.0,32.01,32.01
31.36,0.0,20.84,65.13,0.93,0.0,1.12,22,8,0.0,8.25,8.25
28.2,0.0,25.4,77.13,2.26,0.0,0.0,23,8,0.0,0.0,0.0
24.73,0.0,17.23,72.72,3.63,0.0,0.0,0,8,14.31,0.0,14.31
25.14,0.0,6.58,66.14,2.63,0.0,0.78,1,8,0.0,0.0,0.0
25.49,0.0,21.83,65.36,8.01,0.0,0.0,2,8,0.0,391.09,391.09
27.96,0.0,27.51,66.23,5.66,0.0,0.0,3,8,15.4,61.81,77.21
22.93,0.0,44.98,72.75,6.37,0.0,0.25,4,8,11.03,127.79,138.82
27.33,0.0,33.71,65.23,3.57,0.0,2.07,5,8,14.33,0.0,14.33
26.59,13.61,26.44,67.87,3.6,0.0,1.26,6,8,10.14,0.0,10.14
28.61,215.52,32.27,64.48,5.76,0.0,0.79,7,8,628.73,38.59,667.32
28.41,409.63,39.15,53.3,3.15,0.0,2.06,8,8,1133.95,0.0,1133.95
28.59,631.39,33.14,65.88,3.64,0.0,0.0,9,8,1831.19,1.06,1832.26
32.27,644.43,47.74,53.27,3.9,0.0,0.0,10,8,1867.68,0.0,1867.68
33.33,881.23,10.31,60.65,4.35,0.0,0.0,11,8,2562.13,6.11,2568.24
34.85,961.25,9.97,61.1,4.61,0.0,2.07,12,8,2709.97,16.22,2726.19
34.16,699.43,55.08,67.42,4.81,0.0,1.8,13,8,1956.33,34.58,1990.91
33.78,789.3,30.32,58.19,3.45,0.0,1.14,14,8,2258.09,0.0,2258.09
32.51,563.84,38.96,54.88,2.66,0.0,2.48,15,8,1556.67,5.75,1562.42
35.91,437.79,18.71,62.66,7.15,0.0,2.0,16,8,1253.12,248.91,1502.03
34.82,240.04,13.32,57.72,5.96,0.0,1.73,17,8,692.66,83.18,775.84
31.94,19.32,45.84,76.38,0.5,0.0,0.01,18,8,38.05,0.0,38.05
31.55,0.0,8.89,49.8,3.82,0.0,1.61,19,8,0.0,0.0,0.0
30.45,0.0,56.78,57.82,2.55,0.0,1.94,20,8,5.61,7.35,12.97
27.63,0.0,16.93,60.14,4.57,0.0,2.34,21,8,0.0,15.29,15.29
27.33,0.0,11.94,80.95,3.76,0.0,1.27,22,8,0.0,0.0,0.0
25.65,0.0,39.87,71.86,0.66,0.0,0.28,23,8,7.43,1.92,9.35
25.61,0.0,60.52,53.3,5.13,0.0,0.77,0,8,0.55,14.24,14.79
24.33,0.0,14.09,55.46,2.55,0.0,2.0,1,8,0.0,7.7,7.7
22.5,0.0,9.34,78.88,2.47,0.0,1.3,2,8,5.32,0.0,5.32
27.8,0.0,22.02,57.18,0.81,0.0,0.01,3,8,0.0,0.0,0.0
26.81,0.0,32.72,66.87,5.97,0.0,1.27,4,8,9.45,93.81,103.25
24.27,0.0,24.42,68.23,4.18,0.0,0.0,5,8,4.82,16.24,21.06
26.64,0.0,46.17,82.86,3.66,0.0,1.13,6,8,0.0,0.0,0.0
27.89,215.01,27.18,63.63,4.78,0.0,3.08,7,8,562.27,14.15,576.41
30.26,367.19,49.52,59.31,2.93,0.0,1.81,8,8,1061.91,16.09,1078.0
28.54,730.03,5.42,69.27,4.13,0.0,0.57,9,8,2121.26,0.0,2121.26
32.7,776.92,26.32,68.66,2.41,0.0,4.01,10,8,2136.84,0.0,2136.84
31.44,906.28,11.65,62.25,1.15,0.0,0.0,11,8,2670.68,0.0,2670.68
31.3,805.68,37.75,43.08,4.08,0.0,0.0,12,8,2404.68,9.08,2413.76
35.18,896.29,22.31,63.25,2.25,0.0,0.1,13,8,2529.24,0.0,2529.24
36.53,718.25,34.69,44.31,5.3,0.0,0.25,14,8,2065.65,49.42,2115.07
38.65,693.78,7.55,40.34,3.49,0.0,2.35,15,8,1876.85,11.23,1888.08
32.8,475.71,25.17,55.71,2.42,0.0,0.9,16,8,1378.42,16.0,1394.42
35.14,244.77,26.87,57.83,4.36,0.0,0.0,17,8,710.01,0.0,710.01
32.69,0.0,18.13,71.45,1.58,0.0,0.07,18,8,39.22,8.44,47.66
33.44,0.0,20.4,42.57,5.39,0.0,2.1,19,8,10.64,49.81,60.45
28.85,0.0,34.28,65.61,3.49,0.0,0.63,20,8,31.61,4.35,35.96
27.87,0.0,49.92,77.38,5.82,0.0,0.14,21,8,0.06,72.43,72.49
27.31,0.0,48.51,65.42,1.73,0.0,0.07,22,8,0.0,0.0,0.0
27.38,0.0,46.72,72.31,3.12,0.0,1.11,23,8,59.45,0.0,59.45
25.18,0.0,8.43,74.28,2.0,0.0,0.24,0,8,8.44,0.0,8.44
26.33,0.0,36.97,62.84,1.13,0.0,0.88,1,8,0.0,0.0,0.0
26.39,0.0,38.82,72.19,7.93,0.0,0.57,2,8,0.0,358.97,358.97
25.58,0.0,13.01,69.25,5.12,0.0,0.79,3,8,24.52,42.64,67.17
27.27,0.0,28.69,63.73,2.82,0.0,1.54,4,8,0.0,0.0,0.0
25.97,0.0,4.52,80.61,2.39,0.0,0.0,5,8,0.0,0.0,0.0
24.32,0.0,60.63,68.42,2.15,0.0,1.6,6,8,0.0,0.0,0.0
29.22,244.5,23.5,76.02,0.94,0.0,0.0,7,8,668.11,12.07,680.17
27.47,434.43,34.2,63.3,1.48,0.0,1.95,8,8,1232.12,0.0,1232.12
31.04,621.89,29.93,60.73,1.48,0.0,0.78,9,8,1799.48,12.51,1811.99
33.33,770.96,25.93,57.14,4.71,0.0,1.81,10,8,2198.68,17.18,2215.86
32.86,909.89,17.62,67.96,4.28,0.0,1.45,11,8,2610.76,26.68,2637.44
30.97,874.93,28.79,54.92,4.12,0.0,2.51,12,8,2481.64,1.97,2483.61
32.63,954.47,7.25,63.54,5.18,0.0,1.1,13,8,2688.5,59.5,2748.0
36.49,786.24,25.78,58.37,2.42,0.0,2.42,14,8,2139.75,21.5,2161.25
34.42,594.04,34.66,60.9,2.91,0.0,1.67,15,8,1666.02,3.75,1669.78
34.63,245.41,73.8,73.84,1.66,0.0,0.0,16,8,735.87,0.5,736.38
35.14,273.18,14.44,55.13,4.24,0.0,2.06,17,8,779.52,26.56,806.08
34.26,5.96,24.02,79.75,7.4,0.0,1.23,18,8,20.63,272.99,293.61
32.59,0.0,49.34,68.86,6.35,0.0,0.72,19,8,0.0,117.95,117.95
30.66,0.0,23.38,50.64,4.05,0.0,1.18,20,8,19.23,0.0,19.23
29.21,0.0,19.75,54.84,4.58,0.0,0.28,21,8,0.0,23.98,23.98
29.67,0.0,31.63,71.62,9.93,0.0,3.77,22,8,0.0,949.59,949.59
28.01,0.0,12.58,59.44,3.84,0.0,0.83,23,8,18.91,10.15,29.06
25.66,0.0,51.35,70.17,6.43,0.0,0.11,0,8,0.0,144.63,144.63
26.88,0.0,57.93,61.2,3.75,0.0,0.0,1,8,5.56,0.0,5.56
24.56,0.0,47.64,65.82,1.0,0.0,1.93,2,8,4.33,5.75,10.08
23.31,0.0,19.73,68.99,7.43,0.0,1.33,3,8,46.13,296.72,342.85
23.62,0.0,36.69,78.54,1.55,0.0,1.06,4,8,0.0,0.0,0.0
23.79,0.0,20.09,68.65,4.97,0.0,1.62,5,8,19.67,26.18,45.85
25.64,0.0,28.85,79.65,2.35,0.0,1.71,6,8,0.0,0.0,0.0
28.94,227.29,24.26,56.47,6.84,0.0,1.85,7,8,656.43,204.71,861.14
27.08,489.44,12.5,72.85,2.13,0.0,0.76,8,8,1430.17,0.0,1430.17
29.87,661.28,14.67,64.87,1.75,0.0,0.0,9,8,1948.93,23.71,1972.64
29.9,840.88,12.96,53.25,3.42,0.0,0.22,10,8,2470.92,1.54,2472.46
31.7,900.32,16.46,56.25,3.73,0.0,1.39,11,8,2603.99,12.25,2616.24
30.86,938.36,14.51,61.03,5.88,0.0,0.77,12,8,2720.75,84.07,2804.82
33.59,665.56,55.04,68.61,5.39,0.0,1.94,13,8,1849.2,70.93,1920.13
34.13,771.55,27.25,57.04,2.84,0.0,2.08,14,8,2120.33,0.0,2120.33
35.4,672.37,14.45,73.07,3.14,0.0,0.87,15,8,1893.64,18.19,1911.83
34.75,411.23,36.01,54.75,4.17,0.0,0.24,16,8,1206.74,0.0,1206.74
32.12,282.11,7.52,61.24,4.03,0.0,0.54,17,8,829.85,0.06,829.92
34.75,6.03,16.67,67.88,6.33,0.0,1.04,18,8,8.42,126.38,134.8
32.4,0.0,47.79,50.04,3.6,0.0,1.28,19,8,0.0,36.37,36.37
31.18,0.0,22.01,71.2,6.73,0.0,2.39,20,8,0.0,169.51,169.51
29.57,0.0,23.46,58.31,2.16,0.0,1.31,21,8,0.0,0.0,0.0
27.52,0.0,16.11,64.11,6.4,0.0,1.16,22,8,8.01,157.53,165.54
27.41,0.0,41.07,68.11,2.71,0.0,0.0,23,8,8.81,16.54,25.36
26.67,0.0,28.69,60.53,5.62,0.0,1.85,0,8,37.0,87.55,124.55
22.54,0.0,43.84,93.24,4.11,0.0,0.89,1,8,20.22,0.0,20.22
23.86,0.0,52.59,72.15,6.5,0.0,0.0,2,8,0.0,143.88,143.88
24.11,0.0,6.82,71.17,2.31,0.0,0.0,3,8,27.4,12.44,39.84
25.05,0.0,12.11,64.22,4.95,0.0,0.6,4,8,7.63,45.53,53.16
26.95,0.0,31.84,55.92,6.19,0.0,1.72,5,8,0.0,124.09,124.09
24.8,0.0,8.19,78.33,5.51,0.0,0.0,6,8,3.87,46.09,49.95
26.25,235.28,31.41,65.34,4.11,0.0,0.97,7,8,698.11,6.61,704.71
27.43,435.19,32.8,68.73,4.77,0.0,0.0,8,8,1310.56,7.76,1318.32
28.29,701.32,11.18,57.24,2.1,0.0,0.39,9,8,2052.14,1.38,2053.52
30.27,757.69,29.56,69.19,2.22,0.0,0.15,10,8,2242.14,0.0,2242.14
33.15,761.67,41.03,56.7,2.51,0.0,0.2,11,8,2272.11,0.0,2272.11
31.45,895.89,18.71,48.04,5.97,0.0,1.79,12,8,2521.85,103.82,2625.68
34.47,901.89,18.39,55.33,1.93,0.0,0.76,13,8,2557.27,0.0,2557.27
31.77,866.85,2.02,67.11,2.68,0.0,1.63,14,8,2467.23,0.0,2467.23
33.65,582.84,33.81,63.32,7.16,0.0,1.34,15,8,1618.44,231.1,1849.54
33.83,493.79,5.39,61.47,5.34,0.0,1.43,16,8,1394.25,59.85,1454.1
36.34,230.17,40.98,55.11,5.17,0.0,0.65,17,8,676.77,50.76,727.53
32.62,1.78,15.28,60.17,3.51,0.0,1.34,18,8,4.04,0.0,4.04
28.69,0.0,35.96,60.12,4.95,0.0,0.96,19,8,0.0,16.0,16.0
27.79,0.0,25.72,74.94,4.11,0.0,0.67,20,8,22.99,13.3,36.28
29.55,0.0,29.94,63.14,1.23,0.0,3.57,21,8,7.94,10.7,18.64
29.12,0.0,14.66,59.85,4.17,0.0,0.82,22,8,14.6,16.22,30.82
27.56,0.0,19.03,80.26,3.49,0.0,1.69,23,8,16.12,7.93,24.05
26.12,0.0,9.44,77.57,1.57,0.0,0.85,0,8,22.45,0.0,22.45
26.81,0.0,3.69,67.6,2.92,0.0,2.68,1,8,0.0,0.58,0.58
23.76,0.0,25.2,67.68,6.75,0.0,0.11,2,8,8.2,172.51,180.71
25.74,0.0,37.08,65.54,5.74,0.0,1.97,3,8,11.88,80.05,91.94
22.12,0.0,24.97,64.75,7.05,0.0,0.0,4,8,9.4,207.22,216.63
23.71,0.0,29.07,78.17,5.06,0.0,0.0,5,8,0.0,33.36,33.36
23.16,0.0,27.53,85.92,4.5,0.0,1.79,6,8,7.75,6.01,13.76
26.49,261.0,10.14,71.8,1.74,0.0,1.59,7,8,722.36,0.0,722.36
28.04,420.28,35.02,77.77,1.52,0.0,0.05,8,8,1261.77,0.0,1261.77
29.57,525.53,52.33,70.4,2.4,0.0,0.62,9,8,1536.36,0.0,1536.36
30.79,852.02,14.42,50.3,2.76,0.0,2.06,10,8,2405.63,0.0,2405.63
30.51,934.54,12.66,74.1,4.35,0.0,2.44,11,8,2601.23,0.0,2601.23
32.65,797.13,41.82,58.02,6.52,0.0,1.41,12,8,2272.61,163.4,2436.01
31.49,948.76,6.75,62.97,6.7,0.0,0.8,13,8,2710.59,149.31,2859.9
36.28,655.45,43.98,48.19,4.82,0.0,2.13,14,8,1790.82,42.33,1833.15
33.95,685.5,14.57,44.23,4.16,0.0,0.52,15,8,1914.4,0.71,1915.11
33.5,451.58,25.97,53.82,2.38,0.0,0.63,16,8,1328.88,15.55,1344.44
36.11,230.04,17.05,57.86,7.5,0.0,0.34,17,8,621.08,302.08,923.16
31.07,0.0,44.96,62.74,4.75,0.0,0.0,18,8,35.27,19.7,54.97
30.21,0.0,25.62,69.12,3.93,0.0,1.64,19,8,34.28,0.0,34.28
29.05,0.0,25.27,66.46,1.49,0.0,1.09,20,8,0.0,9.7,9.7
29.3,0.0,58.63,65.06,5.95,0.0,1.6,21,8,0.0,81.69,81.69
28.75,0.0,34.92,60.14,2.95,0.0,1.46,22,8,2.96,0.0,2.96
28.01,0.0,19.62,81.58,6.84,0.0,2.68,23,8,0.0,194.1,194.1
29.63,0.0,22.69,79.2,1.93,0.0,2.26,0,8,0.0,19.85,19.85
21.6,0.0,37.81,75.22,1.0,0.0,0.69,1,8,0.0,0.0,0.0
25.39,0.0,13.63,57.45,3.4,0.0,0.99,2,8,0.0,0.0,0.0
23.47,0.0,15.49,73.79,1.28,0.0,0.67,3,8,47.33,0.0,47.33
23.6,0.0,16.19,60.6,1.14,0.0,0.93,4,8,10.52,0.0,10.52
24.05,0.0,25.6,58.96,5.03,0.0,1.5,5,8,15.57,35.98,51.55
24.41,0.0,17.92,77.71,2.45,0.0,1.72,6,8,0.0,7.83,7.83
29.33,280.98,10.01,56.97,4.54,0.0,2.4,7,8,782.08,25.91,807.99
29.28,497.31,7.44,59.93,4.14,0.0,2.41,8,8,1386.58,5.94,1392.52
29.34,495.52,53.65,71.13,1.75,0.0,1.01,9,8,1449.83,33.84,1483.67
32.63,733.51,29.54,63.64,3.14,0.0,0.35,10,8,2106.67,5.34,2112.01
29.54,685.07,53.6,69.16,1.18,0.0,1.3,11,8,1997.0,10.54,2007.54
30.85,854.61,36.64,76.38,3.33,0.0,0.54,12,8,2470.24,0.0,2470.24
30.37,959.99,8.44,58.29,2.02,0.0,1.79,13,8,2761.15,27.52,2788.67
33.09,812.8,21.39,62.02,1.43,0.0,2.3,14,8,2293.65,3.68,2297.33
34.55,622.86,35.66,69.56,2.78,0.0,1.65,15,8,1806.53,0.0,1806.53
34.29,469.18,29.93,50.47,0.5,0.0,1.26,16,8,1314.01,0.0,1314.01
33.86,231.7,28.34,57.31,5.36,0.0,1.63,17,8,643.91,37.24,681.15
30.73,11.77,52.48,69.04,1.87,0.0,0.85,18,8,32.41,13.84,46.25
33.01,0.0,49.23,49.53,4.46,0.0,0.28,19,8,28.61,17.82,46.44
30.96,0.0,20.75,63.69,6.02,0.0,1.46,20,8,2.4,111.9,114.3
30.41,0.0,15.41,60.21,7.1,0.0,2.37,21,8,0.0,238.02,238.02
25.17,0.0,34.21,61.54,4.06,0.0,0.57,22,8,34.27,0.0,34.27
27.27,0.0,25.38,75.9,5.61,0.0,0.71,23,8,0.0,76.06,76.06
23.89,0.0,6.45,77.67,3.5,0.0,1.93,0,8,0.0,0.0,0.0
24.29,0.0,34.88,74.13,3.69,0.0,1.0,1,8,0.0,0.0,0.0
25.18,0.0,24.69,74.44,4.0,0.0,1.01,2,8,0.0,15.7,15.7
24.35,0.0,17.73,66.58,4.74,0.0,0.41,3,8,0.0,25.24,25.24
23.1,0.0,66.67,71.7,4.74,0.0,1.58,4,8,21.48,41.1,62.59
24.89,0.0,50.11,62.56,5.58,0.0,0.94,5,8,0.0,72.69,72.69
23.38,0.0,46.58,77.13,4.41,0.0,0.0,6,8,0.0,7.29,7.29
28.44,232.05,34.61,57.64,6.59,0.0,1.65,7,8,698.35,137.97,836.32
27.61,490.91,19.09,61.88,5.0,0.0,1.82,8,8,1444.46,32.7,1477.16
30.89,652.95,19.46,53.75,7.32,0.0,0.83,9,8,1887.37,262.89,2150.26
29.72,839.01,15.17,65.08,5.3,0.0,1.99,10,8,2382.52,58.52,2441.04
30.93,917.03,10.6,59.82,5.21,0.0,0.0,11,8,2666.02,21.43,2687.45
31.6,681.19,61.6,64.3,6.31,0.0,0.18,12,8,1990.87,120.9,2111.77
34.86,605.97,60.99,51.87,4.65,0.0,0.63,13,8,1693.13,49.72,1742.85
32.98,779.59,24.89,53.39,2.0,0.0,1.13,14,8,2219.51,3.59,2223.1
35.18,503.97,52.28,60.29,1.32,0.0,1.43,15,8,1380.88,15.6,1396.48
33.47,470.66,18.97,57.77,2.77,0.0,0.58,16,8,1339.04,0.0,1339.04
30.58,265.24,5.55,85.04,5.84,0.0,1.73,17,8,800.95,99.68,900.63
31.89,8.63,52.87,65.95,0.67,0.0,0.54,18,8,20.94,0.0,20.94
29.94,0.0,24.52,64.2,1.81,0.0,0.0,19,8,32.47,0.0,32.47
30.56,0.0,23.8,72.71,1.51,0.0,0.0,20,8,0.0,0.0,0.0
27.43,0.0,16.0,74.11,0.88,0.0,2.69,21,8,23.94,2.06,26.0
29.31,0.0,41.21,65.3,5.8,0.0,0.33,22,8,0.0,99.23,99.23
26.57,0.0,51.21,91.48,2.58,0.0,0.47,23,8,0.0,0.0,0.0
25.31,0.0,33.56,77.87,5.14,0.0,0.0,0,8,31.66,31.75,63.41
25.77,0.0,21.82,59.17,1.76,0.0,1.66,1,8,0.0,0.0,0.0
25.73,0.0,24.6,65.45,3.26,0.0,0.67,2,8,0.0,27.45,27.45
24.08,0.0,21.82,55.77,1.58,0.0,1.0,3,8,13.56,0.0,13.56
23.13,0.0,52.74,59.53,0.5,0.0,0.97,4,8,0.0,0.0,0.0
22.12,0.0,37.59,95.0,4.39,0.0,0.0,5,8,19.46,29.21,48.67
24.55,0.0,19.54,80.35,3.64,0.0,0.57,6,8,0.0,8.23,8.23
25.69,242.76,13.07,54.7,3.3,0.0,2.31,7,8,695.37,0.0,695.37
27.98,473.36,9.86,65.38,1.29,0.0,1.24,8,8,1377.08,12.92,1390.0
28.6,699.73,9.11,61.84,4.24,0.0,0.0,9,8,2102.01,23.44,2125.44
31.44,824.78,6.33,82.48,5.54,0.0,0.95,10,8,2391.44,51.82,2443.26
30.7,889.18,21.53,43.33,1.19,0.0,0.65,11,8,2556.1,26.54,2582.65
32.56,851.7,32.84,54.84,3.29,0.0,0.69,12,8,2466.01,3.91,2469.92
35.22,728.01,41.98,51.74,2.75,0.0,0.5,13,8,2009.48,0.0,2009.48
34.46,591.73,57.13,51.95,6.71,0.0,0.5,14,8,1666.15,200.68,1866.82
34.02,700.56,11.28,60.23,2.48,0.0,0.94,15,8,2014.4,15.46,2029.86
33.04,368.48,42.13,66.46,7.65,0.0,0.44,16,8,1077.47,316.37,1393.84
32.49,237.54,22.94,55.84,5.97,0.0,1.95,17,8,651.96,109.2,761.16
31.37,0.0,29.02,60.74,1.46,0.0,0.39,18,8,0.0,0.0,0.0
30.8,0.0,16.96,54.4,3.64,0.0,0.0,19,8,19.46,0.0,19.46
31.54,0.0,38.09,54.16,4.6,0.0,2.24,20,8,18.67,20.73,39.4
28.78,0.0,10.73,67.75,4.27,0.0,0.61,21,8,8.95,0.94,9.9
25.8,0.0,40.35,72.67,4.8,0.0,0.76,22,8,0.0,9.01,9.01
29.27,0.0,14.34,49.13,3.35,0.0,0.0,23,8,0.0,25.7,25.7
25.96,0.0,19.5,62.02,6.9,0.0,0.0,0,8,11.82,166.21,178.03
22.58,0.0,10.95,69.33,2.53,0.0,1.11,1,8,0.0,17.15,17.15
23.52,0.0,14.81,67.69,1.41,0.0,1.68,2,8,0.0,11.89,11.89
24.18,0.0,71.37,67.87,8.79,0.0,2.39,3,8,0.0,560.06,560.06
26.74,0.0,22.21,46.84,4.62,0.0,0.99,4,8,20.84,18.79,39.63
23.02,0.0,71.82,79.95,4.67,0.0,1.19,5,8,13.79,27.85,41.64
26.94,11.92,18.71,66.05,5.87,0.0,0.57,6,8,7.39,100.37,107.76
28.62,270.46,6.55,87.13,3.33,0.0,1.81,7,8,751.51,0.0,751.51
26.78,468.37,23.88,71.89,3.14,0.0,1.39,8,8,1418.1,0.0,1418.1
28.6,656.07,25.1,67.74,7.77,0.0,0.45,9,8,1963.77,346.65,2310.42
28.76,652.42,50.39,57.64,3.15,0.0,0.67,10,8,1878.69,0.0,1878.69
31.21,655.4,56.54,56.89,1.29,0.0,0.0,11,8,1933.74,0.0,1933.74
32.5,955.28,14.67,66.42,2.73,0.0,0.54,12,8,2694.85,0.0,2694.85
34.34,947.87,13.23,55.58,6.47,0.0,1.43,13,8,2660.19,126.74,2786.93
35.48,717.86,28.59,50.88,1.42,0.0,1.49,14,8,1974.02,0.0,1974.02
32.89,588.62,25.09,74.64,5.05,0.0,0.3,15,8,1678.73,41.15,1719.87
30.9,474.81,10.76,64.91,2.5,0.0,0.0,16,8,1394.96,0.0,1394.96
33.31,216.76,32.03,65.37,5.27,0.0,0.86,17,8,632.66,40.08,672.74
32.99,13.89,22.21,56.95,3.83,0.0,3.49,18,8,19.02,28.65,47.66
31.89,0.0,19.8,70.49,4.53,0.0,1.44,19,8,28.01,31.04,59.05
29.82,0.0,58.36,58.97,2.38,0.0,0.0,20,8,0.0,15.66,15.66
29.2,0.0,27.02,73.48,1.93,0.0,0.78,21,8,26.19,0.0,26.19
30.0,0.0,66.16,59.42,1.15,0.0,0.28,22,8,0.0,0.6,0.6
27.09,0.0,26.51,79.57,5.95,0.0,1.45,23,8,0.0,108.89,108.89
24.82,0.0,22.65,79.7,5.01,0.0,0.0,0,8,18.12,40.36,58.48
23.84,0.0,9.64,67.04,2.65,0.0,2.02,1,8,0.0,11.25,11.25
23.83,0.0,15.27,88.6,6.06,0.0,1.16,2,8,84.01,95.89,179.9
26.37,0.0,19.67,68.51,6.03,0.0,1.12,3,8,0.0,90.66,90.66
23.81,0.0,49.35,84.21,1.73,0.0,0.11,4,8,32.79,0.0,32.79
24.56,0.0,9.25,60.58,5.03,0.0,0.42,5,8,40.69,44.81,85.5
24.66,12.1,52.36,75.05,2.65,0.0,0.0,6,8,56.35,9.16,65.51
28.07,221.04,8.11,68.54,3.57,0.0,1.14,7,8,655.41,12.36,667.78
30.56,424.99,40.35,59.23,3.37,0.0,2.17,8,8,1191.58,0.0,1191.58
29.59,663.52,14.68,71.2,4.31,0.0,0.38,9,8,1956.69,20.71,1977.4
30.34,697.39,37.86,73.04,2.94,0.0,0.98,10,8,2017.45,20.91,2038.36
31.47,867.35,25.43,65.55,1.24,0.0,0.4,11,8,2478.92,16.44,2495.35
28.88,924.72,24.2,67.52,4.76,0.0,0.33,12,8,2684.09,44.55,2728.64
34.36,955.29,12.12,59.91,8.09,0.0,0.18,13,8,2737.43,378.56,3115.98
33.95,715.47,43.11,62.48,4.72,0.0,1.95,14,8,2019.98,45.05,2065.04
34.56,659.3,14.72,63.95,3.96,0.0,1.05,15,8,1930.38,0.0,1930.38
32.68,495.03,10.25,65.81,1.9,0.0,0.08,16,8,1428.37,5.74,1434.11
32.67,190.72,56.18,64.67,4.46,0.0,1.72,17,8,520.85,15.41,536.27
31.84,9.7,50.26,57.27,4.37,0.0,0.01,18,8,32.53,2.31,34.84
32.95,0.0,44.45,67.56,4.42,0.0,1.4,19,8,10.78,3.08,13.87
29.64,0.0,6.73,68.05,6.72,0.0,0.97,20,8,0.0,185.67,185.67
32.04,0.0,18.96,63.67,5.05,0.0,2.13,21,8,15.62,41.85,57.47
28.27,0.0,6.22,63.33,5.57,0.0,1.31,22,8,26.38,57.73,84.12
24.5,0.0,24.41,77.52,2.76,0.0,1.56,23,8,0.0,0.0,0.0
25.09,0.0,32.37,52.59,2.53,0.0,0.82,0,8,0.0,0.0,0.0
23.51,0.0,44.44,70.35,2.17,0.0,1.6,1,8,29.78,0.0,29.78
20.7,0.0,22.47,71.07,5.52,0.0,0.88,2,8,0.0,91.55,91.55
26.22,0.0,13.6,63.74,4.93,0.0,1.57,3,8,0.0,45.3,45.3
25.04,0.0,27.21,66.86,2.91,0.0,1.69,4,8,0.0,18.97,18.97
25.29,0.0,13.21,60.4,1.76,0.0,3.11,5,8,31.22,0.0,31.22
25.53,2.47,48.57,65.61,6.16,0.0,0.0,6,8,0.0,90.9,90.9
24.24,211.01,30.95,60.5,3.13,0.0,0.41,7,8,646.08,9.72,655.79
26.8,446.47,29.4,70.16,2.06,0.0,0.0,8,8,1351.78,5.67,1357.45
30.08,489.46,54.25,70.44,1.78,0.0,0.3,9,8,1458.77,0.0,1458.77
28.53,767.49,32.27,73.17,7.15,0.0,1.42,10,8,2217.28,234.2,2451.48
27.52,950.12,9.5,70.37,1.68,0.0,1.25,11,8,2758.1,37.76,2795.85
32.01,994.88,14.91,56.1,3.0,0.0,2.35,12,8,2803.33,3.49,2806.82
32.93,819.06,29.83,50.64,4.5,0.0,1.97,13,8,2347.91,0.0,2347.91
33.85,832.8,15.5,53.17,3.26,0.0,1.42,14,8,2352.0,0.0,2352.0
34.91,602.05,34.05,54.57,3.63,0.0,3.36,15,8,1626.78,0.0,1626.78
34.6,398.1,44.23,52.43,5.73,0.0,0.65,16,8,1164.44,75.8,1240.24
33.53,269.44,18.59,78.19,12.05,0.0,2.19,17,8,729.64,2015.99,2745.63
34.15,0.0,11.39,63.66,3.57,0.0,0.45,18,8,22.77,9.17,31.94
29.04,0.0,8.16,68.79,3.11,0.0,0.0,19,8,7.59,0.0,7.59
30.87,0.0,38.21,64.45,3.25,0.0,0.69,20,8,20.56,12.54,33.1
29.76,0.0,19.65,59.27,3.05,0.0,2.07,21,8,0.0,19.73,19.73
25.66,0.0,41.45,69.31,3.61,0.0,0.63,22,8,0.0,3.97,3.97
24.06,0.0,10.5,75.7,2.86,0.0,1.33,23,8,0.0,12.42,12.42
24.06,0.0,31.31,77.84,3.55,0.0,0.53,0,8,0.0,0.0,0.0
23.39,0.0,32.42,73.31,7.67,0.0,1.13,1,8,0.0,337.28,337.28
25.02,0.0,5.87,75.08,2.61,0.0,2.49,2,8,0.0,20.02,20.02
22.79,0.0,22.57,67.81,4.62,0.0,0.87,3,8,0.0,30.67,30.67
22.6,0.0,28.67,59.31,3.68,0.0,2.47,4,8,0.0,17.87,17.87
23.47,0.0,21.93,81.36,5.17,0.0,0.0,5,8,15.4,53.24,68.64
26.86,0.0,36.83,62.01,3.6,0.0,0.0,6,8,0.0,0.0,0.0
26.23,221.74,42.07,62.73,1.88,0.0,0.01,7,8,677.9,0.0,677.9
27.15,498.93,14.14,59.39,6.46,0.0,1.56,8,8,1405.45,157.32,1562.77
28.55,572.82,39.02,67.21,4.78,0.0,1.0,9,8,1676.25,18.06,1694.31
31.95,867.68,16.88,56.36,3.89,0.0,0.68,10,8,2506.27,0.64,2506.91
30.09,801.76,36.45,74.8,6.0,0.0,0.0,11,8,2356.37,106.89,2463.26
34.22,832.18,36.64,69.62,8.7,0.0,0.0,12,8,2377.95,566.15,2944.11
33.36,725.23,46.91,62.07,3.27,0.0,0.42,13,8,2122.59,0.0,2122.59
33.3,841.29,10.59,53.44,2.97,0.0,1.38,14,8,2389.35,0.0,2389.35
37.47,649.36,22.6,68.92,5.33,0.0,2.05,15,8,1761.64,57.68,1819.32
31.96,489.0,15.37,69.88,3.5,0.0,0.52,16,8,1440.74,0.0,1440.74
32.51,196.31,45.01,54.66,1.35,0.0,0.44,17,8,543.14,15.3,558.44
30.4,12.13,40.56,65.91,2.98,0.0,0.26,18,8,28.13,4.41,32.55
32.64,0.0,47.83,62.13,5.79,0.0,2.37,19,8,26.59,97.94,124.53
32.54,0.0,17.7,64.66,4.98,0.0,0.98,20,8,2.26,34.21,36.47
31.22,0.0,13.09,62.72,6.34,0.0,1.47,21,8,0.0,132.74,132.74
29.26,0.0,30.05,64.08,1.79,0.0,0.86,22,8,0.0,0.0,0.0
25.92,0.0,39.61,91.41,2.38,0.0,0.0,23,8,0.0,0.0,0.0
24.53,0.0,8.91,74.35,2.21,0.0,0.93,0,8,3.57,0.0,3.57
21.78,0.0,14.58,67.68,8.48,0.0,1.94,1,8,3.54,480.88,484.42
26.84,0.0,26.37,63.7,1.94,0.0,0.96,2,8,45.38,0.0,45.38
24.32,0.0,32.67,84.99,4.3,0.0,0.97,3,8,0.0,12.84,12.84
23.04,0.0,24.2,69.09,4.5,0.0,0.0,4,8,24.44,21.72,46.17
26.27,0.0,37.65,60.49,4.42,0.0,2.83,5,8,26.22,15.76,41.98
23.62,8.97,39.15,71.63,4.88,0.0,1.26,6,8,56.77,11.47,68.24
26.72,142.79,58.27,66.01,3.66,0.0,2.43,7,8,378.42,19.3,397.72
27.06,430.96,26.91,78.32,1.33,0.0,0.81,8,8,1257.72,5.12,1262.84
29.57,540.61,43.58,76.83,4.95,0.0,1.93,9,8,1547.94,2.81,1550.75
29.81,805.8,17.99,61.48,2.59,0.0,1.49,10,8,2308.54,0.0,2308.54
28.94,831.51,35.74,71.54,1.26,0.0,1.91,11,8,2391.35,0.0,2391.35
32.26,896.91,24.71,59.9,1.94,0.0,3.76,12,8,2463.47,11.66,2475.13
34.52,801.17,39.07,51.81,2.62,0.0,1.43,13,8,2293.52,0.0,2293.52
33.4,770.29,24.82,73.95,3.39,0.0,1.06,14,8,2218.78,0.0,2218.78
34.78,686.85,9.14,73.6,6.33,0.0,1.93,15,8,1885.19,141.13,2026.33
31.87,407.74,24.07,64.3,3.95,0.0,0.49,16,8,1184.64,8.08,1192.71
32.9,198.6,45.1,55.25,3.6,0.0,0.49,17,8,540.52,0.0,540.52
31.21,0.0,15.09,54.47,2.07,0.0,1.29,18,8,0.0,17.45,17.45
32.23,0.0,24.03,66.39,8.05,0.0,1.33,19,8,0.0,378.88,378.88
29.95,0.0,15.96,74.51,6.96,0.0,3.26,20,8,0.0,223.25,223.25
29.65,0.0,38.16,65.44,5.86,0.0,0.16,21,8,33.36,106.24,139.6
28.95,0.0,41.16,73.93,2.81,0.0,1.36,22,8,0.0,23.47,23.47
27.15,0.0,15.76,65.64,4.09,0.0,1.46,23,8,37.42,18.91,56.33
25.38,0.0,23.62,65.01,3.16,0.0,0.27,0,8,9.86,0.0,9.86
22.68,0.0,10.68,74.81,3.23,0.0,1.87,1,8,0.0,0.0,0.0
23.67,0.0,33.5,55.5,1.23,0.0,2.03,2,8,0.0,5.74,5.74
22.71,0.0,15.7,68.87,1.75,0.0,1.54,3,8,0.0,19.3,19.3
23.16,0.0,38.38,78.78,8.11,0.0,2.18,4,8,0.0,405.38,405.38
23.62,0.0,62.92,52.27,4.37,0.0,0.0,5,8,0.0,2.34,2.34
23.5,22.5,21.18,61.56,0.5,0.0,2.31,6,8,71.9,8.5,80.4
23.07,245.21,3.06,71.3,5.79,0.0,0.43,7,8,751.48,86.45,837.94
26.21,496.7,12.86,59.06,1.36,0.0,0.0,8,8,1509.77,5.37,1515.14
28.8,628.33,13.88,61.7,4.99,0.0,1.47,9,8,1778.54,50.76,1829.3
27.78,745.52,31.02,50.45,4.43,0.0,0.0,10,8,2221.58,23.28,2244.86
31.03,761.07,41.52,67.96,1.15,0.0,1.41,11,8,2170.7,0.0,2170.7
34.89,933.51,18.87,66.95,3.92,0.0,1.9,12,8,2659.36,22.3,2681.65
34.37,880.24,24.53,46.68,0.99,0.0,0.0,13,8,2597.75,2.8,2600.54
35.8,836.94,11.6,58.82,1.16,0.0,0.4,14,8,2417.1,7.63,2424.73
34.1,569.03,36.2,57.56,1.03,0.0,1.72,15,8,1587.11,18.8,1605.91
35.09,470.74,11.37,61.67,2.44,0.0,0.46,16,8,1299.04,0.0,1299.04
31.75,231.63,33.45,73.77,5.72,0.0,0.08,17,8,650.13,79.32,729.45
31.08,7.09,7.85,53.64,3.02,0.0,0.96,18,8,19.33,18.95,38.28
26.9,0.0,30.99,77.87,4.55,0.0,2.36,19,8,14.04,17.22,31.27
31.58,0.0,8.99,75.7,1.64,0.0,2.78,20,8,0.0,11.57,11.57
30.82,0.0,0.98,49.22,7.4,0.0,0.33,21,8,8.54,261.54,270.08
26.38,0.0,12.77,76.33,3.77,0.0,2.31,22,8,21.09,14.78,35.88
25.63,0.0,67.52,62.45,0.71,0.0,2.38,23,8,29.6,19.43,49.04
23.74,0.0,37.84,76.71,3.95,0.0,3.26,0,8,0.0,5.28,5.28
24.65,0.0,46.84,64.23,2.03,0.0,1.14,1,8,0.85,14.31,15.16
25.26,0.0,12.78,65.35,2.1,0.0,2.41,2,8,8.89,8.98,17.88
20.79,0.0,29.75,69.94,4.31,0.0,1.61,3,8,0.0,0.0,0.0
24.19,0.0,15.13,63.36,2.28,0.0,0.7,4,8,5.27,2.18,7.45
23.66,0.0,17.82,77.68,2.21,0.0,1.87,5,8,27.91,7.51,35.42
25.04,0.0,38.66,73.9,3.97,0.0,0.0,6,8,35.51,24.48,59.99
26.59,203.72,37.02,72.24,2.33,0.0,2.42,7,8,515.8,2.51,518.3
26.83,445.91,41.35,64.94,1.54,0.0,2.97,8,8,1276.54,13.12,1289.66
28.25,637.58,21.98,64.04,3.26,0.0,1.97,9,8,1839.34,0.0,1839.34
29.38,495.42,69.48,67.82,1.04,0.0,1.04,10,8,1457.3,0.0,1457.3
32.36,841.03,32.77,54.78,6.91,0.0,1.08,11,8,2427.88,172.75,2600.63
32.57,916.39,22.07,57.07,3.49,0.0,2.76,12,8,2548.61,0.0,2548.61
33.06,968.64,9.16,67.78,0.52,0.0,0.06,13,8,2804.33,0.0,2804.33
31.33,797.92,25.85,65.58,2.27,0.0,2.42,14,8,2259.15,0.0,2259.15
32.84,645.25,14.11,69.92,8.01,0.0,3.01,15,8,1764.6,347.44,2112.04
34.58,501.42,9.49,38.33,3.73,0.0,1.88,16,8,1401.01,0.0,1401.01
32.79,229.81,47.96,72.45,3.0,0.0,2.1,17,8,645.86,0.0,645.86
32.93,0.0,20.4,67.95,2.77,0.0,0.0,18,8,0.0,0.0,0.0
33.55,0.0,35.94,67.35,3.31,0.0,2.36,19,8,0.0,1.75,1.75
31.26,0.0,27.05,49.64,2.2,0.0,1.68,20,8,4.1,0.0,4.1
28.54,0.0,19.89,61.38,5.29,0.0,1.62,21,8,14.84,71.83,86.67
26.34,0.0,19.29,65.04,3.79,0.0,1.4,22,8,20.78,25.45,46.23
22.07,0.0,42.62,74.91,5.31,0.0,2.61,23,8,7.89,49.31,57.2
24.51,0.0,47.22,84.85,2.44,0.0,2.87,0,8,0.0,7.67,7.67
23.48,0.0,44.01,73.52,0.5,0.0,1.86,1,8,4.49,3.07,7.56
24.05,0.0,21.65,80.57,8.28,0.0,0.04,2,8,0.0,442.45,442.45
23.07,0.0,60.51,83.52,3.81,0.0,1.89,3,8,16.92,0.0,16.92
22.99,0.0,42.84,77.98,1.3,0.0,1.46,4,8,0.0,0.0,0.0
21.3,0.0,10.8,76.28,1.49,0.0,2.49,5,8,0.0,0.0,0.0
23.35,0.0,56.78,81.93,3.4,0.0,1.51,6,8,7.59,19.83,27.42
26.51,176.68,41.95,55.61,4.91,0.0,1.82,7,8,494.86,51.75,546.61
29.58,438.37,18.33,69.61,3.2,0.0,0.18,8,8,1281.69,0.0,1281.69
28.15,579.47,44.63,78.52,5.89,0.0,0.97,9,8,1689.88,90.81,1780.69
30.08,742.71,32.38,65.1,2.84,0.0,0.31,10,8,2153.25,5.83,2159.09
32.23,772.91,47.06,66.05,0.97,0.0,0.83,11,8,2202.26,42.01,2244.26
30.62,944.73,19.11,71.45,0.5,0.0,1.65,12,8,2716.15,0.0,2716.15
33.18,770.77,37.21,57.18,6.3,0.0,2.21,13,8,2180.43,160.29,2340.73
32.02,786.13,23.91,85.66,9.18,0.0,0.97,14,8,2248.88,693.85,2942.72
34.6,705.86,8.77,48.81,1.7,0.0,2.04,15,8,1955.18,0.0,1955.18
33.35,472.6,20.03,44.91,1.14,0.0,1.35,16,8,1342.42,0.0,1342.42
33.08,228.17,23.36,65.84,7.06,0.0,0.81,17,8,624.68,206.89,831.57
30.66,17.77,31.06,58.13,1.47,0.0,1.99,18,8,22.89,18.83,41.72
31.86,0.0,11.93,63.03,2.29,0.0,0.72,19,8,0.0,17.95,17.95
32.72,0.0,9.33,62.74,5.72,0.0,2.19,20,8,32.3,79.15,111.45
26.79,0.0,4.72,71.21,11.21,0.0,0.61,21,8,0.0,1545.52,1545.52
26.49,0.0,66.94,57.46,3.67,0.0,3.91,22,8,14.08,8.41,22.49
26.15,0.0,16.74,62.41,2.19,0.0,3.13,23,8,0.0,0.0,0.0
25.84,0.0,39.37,77.85,6.17,0.0,0.46,0,8,0.0,97.97,97.97
23.02,0.0,27.14,67.75,3.19,0.0,1.27,1,8,17.53,27.29,44.82
19.11,0.0,28.87,75.79,2.54,0.0,0.94,2,8,3.52,16.62,20.14
25.23,0.0,18.8,64.72,3.69,0.0,1.0,3,8,0.0,11.18,11.18
24.5,0.0,26.56,74.01,6.26,0.0,2.33,4,8,0.0,107.87,107.87
21.25,0.0,18.69,70.61,2.32,0.0,2.02,5,8,45.3,6.49,51.78
23.74,11.01,24.3,83.95,3.34,0.0,0.89,6,8,71.78,4.01,75.79
28.04,254.26,26.99,59.49,3.45,0.0,1.02,7,8,730.51,1.0,731.5
29.07,371.0,52.04,53.04,6.02,0.0,2.22,8,8,1050.86,117.55,1168.41
29.6,360.65,72.5,54.24,4.78,0.0,0.52,9,8,1065.69,20.85,1086.54
29.22,859.22,10.22,73.49,5.54,0.0,1.87,10,8,2489.68,67.13,2556.81
30.82,862.33,28.23,52.69,4.89,0.0,0.75,11,8,2551.52,23.06,2574.59
31.53,807.59,38.38,50.62,4.26,0.0,2.19,12,8,2240.7,20.13,2260.83
34.21,798.75,40.97,64.41,1.7,0.0,1.05,13,8,2273.78,0.0,2273.78
31.71,815.23,12.93,75.71,6.02,0.0,1.54,14,8,2303.26,97.2,2400.46
31.98,641.46,21.96,78.12,4.35,0.0,1.11,15,8,1860.15,23.71,1883.87
34.54,435.82,28.07,56.9,4.95,0.0,2.76,16,8,1207.94,26.09,1234.03
32.45,215.94,20.01,35.78,5.53,0.0,2.36,17,8,623.49,62.96,686.45
33.79,0.0,26.79,57.29,2.75,0.0,1.79,18,8,18.89,28.28,47.17
29.68,0.0,55.21,73.54,3.41,0.0,2.34,19,8,20.85,22.46,43.31
29.4,0.0,47.83,55.68,3.97,0.0,1.93,20,8,0.86,18.62,19.49
26.81,0.0,43.5,62.69,2.92,0.0,0.9,21,8,12.53,3.35,15.89
26.91,0.0,36.58,69.63,2.46,0.0,0.61,22,8,0.0,0.0,0.0
23.47,0.0,21.57,80.8,5.51,0.0,1.61,23,8,0.0,50.22,50.22
23.82,0.0,21.1,63.08,5.33,0.0,1.83,0,8,23.1,37.41,60.51
21.6,0.0,35.85,82.14,6.01,0.0,1.37,1,8,0.0,88.58,88.58
24.29,0.0,29.71,75.99,4.92,0.0,0.43,2,8,0.0,40.06,40.06
24.16,0.0,43.98,68.42,2.75,0.0,1.84,3,8,0.0,0.0,0.0
20.66,0.0,16.54,80.87,2.83,0.0,2.02,4,8,0.0,0.0,0.0
25.75,0.0,15.95,76.64,3.9,0.0,2.98,5,8,0.0,3.58,3.58
28.29,26.97,24.14,78.77,6.05,0.0,1.42,6,8,54.75,80.68,135.43
25.65,177.05,52.77,80.8,2.93,0.0,0.37,7,8,536.49,0.0,536.49
25.83,472.66,9.42,59.38,5.42,0.0,1.69,8,8,1374.38,52.18,1426.57
32.32,517.56,50.72,64.53,2.72,0.0,1.74,9,8,1473.44,0.0,1473.44
27.4,792.88,16.03,66.27,2.89,0.0,0.98,10,8,2331.57,6.43,2338.01
30.61,805.11,33.32,65.69,5.32,0.0,1.07,11,8,2275.0,58.04,2333.04
31.89,788.9,44.23,61.59,4.79,0.0,2.5,12,8,2239.99,46.88,2286.88
34.43,784.4,43.11,59.46,2.17,0.0,1.33,13,8,2195.63,0.0,2195.63
33.45,692.71,39.55,59.24,5.96,0.0,1.46,14,8,1937.72,88.92,2026.64
32.34,561.95,46.96,55.69,5.58,0.0,0.54,15,8,1687.45,56.76,1744.21
31.49,471.45,14.31,63.65,5.69,0.0,1.71,16,8,1353.18,87.27,1440.45
31.9,253.94,12.44,68.58,3.59,0.0,0.88,17,8,748.1,14.32,762.43
30.11,3.81,14.76,61.86,2.84,0.0,0.83,18,8,0.0,5.85,5.85
30.66,0.0,26.4,58.56,6.2,0.0,0.19,19,8,0.0,113.29,113.29
28.53,0.0,39.85,66.95,4.24,0.0,2.09,20,8,0.0,37.64,37.64
25.84,0.0,35.8,71.48,7.36,0.0,0.95,21,8,3.6,265.46,269.07
28.67,0.0,46.73,59.57,2.43,0.0,0.72,22,8,0.0,0.0,0.0
24.84,0.0,23.3,66.46,8.67,0.0,1.34,23,8,0.0,558.17,558.17
22.54,0.0,44.3,63.42,3.11,0.0,2.38,0,8,7.51,0.0,7.51
23.39,0.0,17.04,74.08,3.13,0.0,2.09,1,8,27.19,0.0,27.19
23.25,0.0,37.73,68.97,2.35,0.0,1.81,2,8,0.0,32.23,32.23
20.36,0.0,12.8,86.08,8.24,0.0,2.65,3,8,28.27,452.91,481.18
23.64,0.0,33.04,75.32,0.91,0.0,2.57,4,8,4.82,1.31,6.13
22.07,0.0,15.52,78.54,3.6,0.0,1.81,5,8,0.0,5.3,5.3
27.01,0.0,47.04,68.38,3.04,0.0,2.07,6,8,3.22,0.0,3.22
26.26,175.03,58.3,75.06,1.87,0.0,2.35,7,8,519.07,1.3,520.38
26.08,455.02,21.83,55.24,5.03,0.0,2.25,8,8,1336.93,33.94,1370.87
26.86,614.28,31.61,67.14,6.8,0.0,2.43,9,8,1759.59,177.89,1937.49
29.11,780.95,20.87,62.09,2.38,0.0,0.97,10,8,2290.72,0.0,2290.72
31.39,866.89,25.88,71.01,3.73,0.0,1.32,11,8,2468.0,0.0,2468.0
31.47,887.41,28.86,51.55,4.18,0.0,2.2,12,8,2520.73,10.96,2531.69
31.98,833.7,31.01,62.95,3.17,0.0,1.96,13,8,2363.01,0.0,2363.01
32.89,838.63,15.42,70.37,7.18,0.0,3.0,14,8,2309.44,241.72,2551.16
32.07,496.65,54.22,60.31,3.54,0.0,3.22,15,8,1368.5,0.0,1368.5
32.29,486.53,16.96,60.0,9.07,0.0,2.53,16,8,1405.28,650.24,2055.51
29.18,271.89,10.35,66.79,2.66,0.0,0.0,17,8,788.86,11.75,800.61
32.97,21.13,41.09,58.3,1.24,0.0,2.48,18,8,74.85,4.14,78.98
30.92,0.0,54.55,65.71,4.16,0.0,1.6,19,8,3.46,19.98,23.43
28.11,0.0,31.87,74.72,5.92,0.0,0.79,20,8,7.7,115.07,122.76
30.82,0.0,10.74,65.17,3.16,0.0,1.13,21,8,32.78,0.0,32.78
26.81,0.0,38.65,67.22,2.04,0.0,0.49,22,8,26.15,0.0,26.15
23.92,0.0,33.52,77.21,5.21,0.0,2.66,23,8,0.0,32.96,32.96
25.62,0.0,21.65,81.06,2.53,0.0,2.31,0,8,26.77,0.0,26.77
24.13,0.0,2.55,65.44,5.45,0.0,0.0,1,8,0.0,51.36,51.36
23.63,0.0,13.28,86.42,2.48,0.0,1.88,2,8,39.61,0.0,39.61
22.23,0.0,14.54,68.28,4.06,0.0,0.53,3,8,19.23,23.02,42.24
23.71,0.0,31.38,74.12,6.65,0.0,2.65,4,8,12.12,152.81,164.94
23.14,0.0,43.71,74.42,2.15,0.0,0.62,5,8,37.64,0.0,37.64
25.16,2.39,12.56,72.46,5.9,0.0,0.0,6,8,66.67,96.92,163.58
22.51,279.01,14.85,59.42,2.5,0.0,2.11,7,8,829.78,4.49,834.27
25.92,404.42,31.31,58.53,4.68,0.0,2.43,8,8,1161.33,22.99,1184.32
30.45,530.5,51.15,59.84,2.38,0.0,2.58,9,8,1485.49,12.0,1497.49
28.01,782.4,24.83,60.67,1.57,0.0,1.55,10,8,2295.8,5.7,2301.5
29.46,821.17,34.69,68.31,4.7,0.0,1.75,11,8,2326.33,67.65,2393.99
30.73,952.62,20.95,72.21,4.28,0.0,2.31,12,8,2674.58,0.0,2674.58
30.37,958.96,3.3,46.64,3.22,0.0,2.8,13,8,2719.44,4.46,2723.9
29.38,791.51,23.47,54.99,0.87,0.0,1.57,14,8,2248.47,0.0,2248.47
32.52,484.15,56.57,56.16,3.61,0.0,1.39,15,8,1352.12,10.83,1362.95
32.9,471.97,19.41,50.95,1.81,0.0,0.0,16,8,1382.85,18.39,1401.24
32.12,199.25,33.59,58.2,3.0,0.0,1.83,17,8,579.16,5.09,584.25
31.18,3.24,36.09,55.11,4.23,0.0,3.11,18,8,8.81,43.87,52.68
30.43,0.0,62.03,66.8,7.53,0.0,2.49,19,8,0.0,281.76,281.76
30.69,0.0,33.87,84.28,3.81,0.0,2.79,20,8,15.67,10.0,25.68
27.58,0.0,16.36,59.45,2.09,0.0,2.24,21,8,3.32,1.16,4.49
25.71,0.0,20.17,78.58,7.69,0.0,2.07,22,8,0.0,333.37,333.37
24.94,0.0,27.42,90.54,0.73,0.0,0.82,23,8,0.0,4.78,4.78
25.09,0.0,5.36,63.91,4.57,0.0,1.22,0,8,11.11,32.24,43.34
25.54,0.0,35.18,86.0,2.48,0.0,0.6,1,8,0.0,0.0,0.0
21.98,0.0,16.63,65.98,5.36,0.0,2.52,2,8,13.37,70.67,84.04
22.9,0.0,40.17,81.78,2.85,0.0,3.02,3,8,29.29,0.0,29.29
23.43,0.0,9.78,64.82,3.37,0.0,3.02,4,8,34.55,14.91,49.45
21.94,0.0,20.15,58.15,5.46,0.0,0.78,5,8,29.5,73.33,102.83
24.25,20.03,6.67,78.54,6.8,0.0,1.54,6,8,47.1,171.0,218.09
23.06,211.36,33.37,75.82,2.02,0.0,0.28,7,8,605.22,0.0,605.22
23.81,348.08,56.71,70.09,2.67,0.0,0.72,8,8,1025.93,0.0,1025.93
28.31,692.05,8.57,52.1,0.5,0.0,0.69,9,8,2029.58,0.0,2029.58
28.47,786.89,20.67,75.65,6.27,0.0,3.24,10,8,2246.15,136.56,2382.72
30.56,944.92,16.64,71.3,7.72,0.0,1.5,11,8,2708.35,342.76,3051.11
31.26,951.98,19.5,47.15,2.58,0.0,0.54,12,8,2789.32,12.23,2801.55
30.62,897.08,16.07,64.31,3.14,0.0,1.08,13,8,2591.63,0.0,2591.63
32.52,821.17,19.01,64.62,3.37,0.0,2.91,14,8,2291.79,0.0,2291.79
30.91,681.17,11.9,53.04,3.27,0.0,1.99,15,8,1976.9,0.96,1977.85
34.67,417.17,39.5,65.66,3.18,0.0,0.82,16,8,1225.99,20.93,1246.92
30.05,228.37,7.04,83.16,3.62,0.0,3.12,17,8,610.04,19.72,629.76
31.0,0.0,38.86,70.64,1.84,0.0,2.26,18,8,5.38,0.0,5.38
28.69,0.0,8.73,78.83,1.1,0.0,1.06,19,8,0.0,22.88,22.88
29.9,0.0,6.0,70.55,5.1,0.0,1.78,20,8,0.0,26.07,26.07
27.26,0.0,52.54,57.46,6.16,0.0,2.75,21,8,15.87,115.07,130.94
25.68,0.0,28.27,75.11,5.8,0.0,1.14,22,8,0.0,71.39,71.39
26.53,0.0,34.97,56.86,4.47,0.0,2.31,23,8,24.81,52.92,77.73
24.15,0.0,40.85,66.02,8.38,0.0,2.21,0,8,0.0,473.7,473.7
24.09,0.0,3.58,68.18,0.5,0.0,1.08,1,8,16.1,0.0,16.1
21.34,0.0,6.14,70.56,2.79,0.0,0.99,2,8,0.0,19.63,19.63
20.54,0.0,12.42,68.05,2.74,0.0,0.0,3,8,6.86,0.0,6.86
22.98,0.0,36.57,69.43,2.95,0.0,1.49,4,8,0.0,0.0,0.0
22.84,0.0,20.78,70.64,5.71,0.0,0.05,5,8,0.0,96.26,96.26
25.05,35.53,27.7,79.26,2.96,0.0,0.14,6,8,127.24,0.0,127.24
25.02,230.93,30.47,72.41,3.89,0.0,0.0,7,8,620.7,11.96,632.66
26.66,464.23,26.82,74.97,4.39,0.0,1.55,8,8,1368.51,0.68,1369.19
25.21,452.64,61.45,66.88,6.15,0.0,2.75,9,8,1264.76,142.24,1407.0
31.77,662.81,46.26,68.62,4.4,0.0,0.74,10,8,1917.19,0.0,1917.19
29.9,762.98,43.12,47.72,3.12,0.0,2.99,11,8,2099.48,0.0,2099.48
32.23,899.0,27.7,50.1,4.9,0.0,3.03,12,8,2489.97,28.46,2518.43
30.72,715.53,49.45,70.22,3.83,0.0,0.91,13,8,2073.1,0.0,2073.1
32.94,777.67,31.74,54.73,3.9,0.0,0.0,14,8,2249.66,9.19,2258.86
30.69,521.92,51.62,63.04,2.88,0.0,2.91,15,8,1486.8,18.38,1505.18
33.15,360.36,52.75,40.52,0.5,0.0,3.14,16,8,926.08,25.42,951.5
31.44,256.67,9.15,58.22,2.98,0.0,1.87,17,8,751.06,8.91,759.97
31.22,0.0,31.37,51.55,2.7,0.0,1.99,18,8,27.61,0.0,27.61
31.19,0.0,39.44,56.14,1.46,0.0,1.96,19,8,10.66,0.0,10.66
27.09,0.0,29.26,67.48,2.12,0.0,2.29,20,8,0.0,45.04,45.04
26.62,0.0,44.86,67.88,8.95,0.0,2.72,21,8,0.0,643.77,643.77
27.04,0.0,35.64,64.62,2.58,0.0,1.42,22,8,8.36,23.34,31.69
28.29,0.0,33.18,72.28,3.85,0.0,0.79,23,8,0.0,10.32,10.32
23.79,0.0,17.67,66.94,4.02,0.0,1.51,0,8,0.0,26.09,26.09
24.09,0.0,5.08,67.99,4.08,0.0,2.07,1,8,25.87,6.62,32.49
22.54,0.0,36.31,62.38,0.99,0.0,2.54,2,8,0.0,0.0,0.0
25.45,0.0,35.71,78.18,5.47,0.0,2.93,3,8,4.77,42.08,46.84
20.08,0.0,18.3,68.4,5.15,0.0,2.69,4,8,0.0,42.55,42.55
23.34,0.0,28.3,59.7,8.75,0.0,2.32,5,8,0.0,571.94,571.94
21.56,0.0,26.39,63.41,2.03,0.0,1.49,6,8,7.62,3.41,11.03
21.27,175.96,43.83,75.05,4.04,0.0,0.15,7,8,522.69,0.0,522.69
26.68,370.87,46.1,66.22,5.74,0.0,2.86,8,8,1075.61,83.48,1159.09
27.74,693.69,12.88,63.92,1.64,0.0,3.87,9,8,1957.18,0.0,1957.18
28.4,869.56,12.33,72.96,5.62,0.0,1.61,10,8,2570.25,74.17,2644.42
29.87,861.31,27.69,55.28,2.52,0.0,3.04,11,8,2414.75,0.0,2414.75
35.71,830.79,40.02,60.1,2.58,0.0,0.5,12,8,2350.32,0.0,2350.32
31.47,820.84,36.46,61.99,7.68,0.0,1.51,13,8,2365.85,345.25,2711.11
33.13,604.88,52.85,62.51,2.76,0.0,0.75,14,8,1752.16,2.73,1754.89
31.56,386.49,74.26,62.04,4.22,0.0,3.61,15,8,1059.08,8.95,1068.03
32.8,519.19,4.26,53.64,3.43,0.0,1.32,16,8,1497.31,3.92,1501.22
31.5,224.9,24.98,43.39,1.28,0.0,2.09,17,8,609.24,19.03,628.28
30.45,0.35,7.35,68.96,7.8,0.0,2.31,18,8,7.07,362.95,370.02
32.76,0.0,16.82,59.62,2.21,0.0,3.87,19,8,0.0,30.21,30.21
30.59,0.0,8.93,63.27,2.51,0.0,1.15,20,8,0.0,0.0,0.0
27.74,0.0,26.85,65.47,3.1,0.0,2.85,21,8,0.0,0.0,0.0
22.78,0.0,35.25,59.81,3.74,0.0,1.13,22,8,35.87,18.86,54.73
24.49,0.0,12.96,71.42,1.78,0.0,1.88,23,8,0.0,17.17,17.17
27.94,0.0,23.71,65.71,4.49,0.0,4.31,0,8,0.0,23.13,23.13
22.74,0.0,25.03,71.13,3.83,0.0,2.21,1,8,0.0,20.62,20.62
24.24,0.0,26.57,83.64,2.7,0.0,2.97,2,8,0.0,0.0,0.0
24.58,0.0,9.67,70.48,4.89,0.0,2.32,3,8,0.0,23.72,23.72
22.92,0.0,28.91,70.5,3.82,0.0,2.31,4,8,30.47,8.63,39.1
21.83,0.0,10.79,71.59,6.1,0.0,2.81,5,8,0.0,95.53,95.53
20.23,36.43,33.68,66.16,6.26,0.0,1.2,6,8,107.43,128.08,235.51
25.95,162.0,54.61,68.98,8.91,0.0,2.45,7,8,505.33,608.94,1114.27
24.9,384.04,38.08,71.28,1.19,0.0,0.48,8,8,1094.96,0.0,1094.96
27.68,701.17,8.42,60.48,3.24,0.0,1.08,9,8,2032.07,14.37,2046.43
26.84,717.01,39.83,72.74,3.75,0.0,3.38,10,8,2043.33,7.3,2050.63
29.52,896.46,23.75,67.47,2.32,0.0,1.23,11,8,2537.54,0.0,2537.54
31.01,1003.56,4.58,60.88,7.19,0.0,2.9,12,8,2769.93,249.12,3019.05
32.15,932.31,14.33,67.05,1.37,0.0,0.0,13,8,2693.89,10.51,2704.4
30.58,653.75,46.17,59.23,3.37,0.0,1.42,14,8,1859.79,14.92,1874.71
34.21,645.16,20.52,64.33,2.04,0.0,1.59,15,8,1810.62,0.0,1810.62
31.35,479.65,21.13,57.46,4.82,0.0,1.47,16,8,1379.37,12.82,1392.19
29.24,190.22,42.87,76.56,4.97,0.0,1.97,17,8,517.95,22.33,540.29
30.79,0.0,50.33,57.37,6.46,0.0,2.46,18,8,0.0,184.15,184.15
29.97,0.0,38.74,61.78,3.26,0.0,1.71,19,8,3.43,0.0,3.43
28.95,0.0,13.46,57.33,5.5,0.0,2.5,20,8,27.13,78.83,105.96
29.46,0.0,16.12,68.04,4.02,0.0,2.05,21,8,0.0,0.0,0.0
25.77,0.0,26.77,58.98,5.82,0.0,3.32,22,8,37.64,67.66,105.31
24.74,0.0,57.21,68.37,1.34,0.0,3.61,23,8,0.0,0.0,0.0
22.12,0.0,40.61,61.4,3.55,0.0,2.59,0,8,0.0,0.0,0.0
24.21,0.0,15.65,74.25,1.82,0.0,3.25,1,8,0.0,0.0,0.0
22.75,0.0,20.71,76.42,5.62,0.0,2.25,2,8,9.33,74.45,83.77
21.68,0.0,55.05,73.99,1.83,0.0,3.27,3,8,29.65,5.94,35.59
19.62,0.0,23.59,71.22,0.5,0.0,2.34,4,8,14.66,6.16,20.82
25.14,0.0,28.62,74.38,7.33,0.0,2.01,5,8,0.0,272.08,272.08
21.93,1.59,30.75,65.15,3.66,0.0,0.18,6,8,6.5,0.0,6.5
23.92,177.98,64.09,64.35,9.24,0.0,2.54,7,8,494.18,680.18,1174.36
26.55,425.03,40.36,72.67,3.5,0.0,2.53,8,8,1215.68,0.53,1216.21
25.51,636.86,27.54,72.74,4.25,0.0,1.05,9,8,1899.59,2.65,1902.24
26.36,860.5,8.57,71.76,5.25,0.0,1.6,10,8,2495.12,58.22,2553.34
26.62,955.66,8.26,85.44,2.58,0.0,0.63,11,8,2835.99,11.54,2847.53
31.92,976.83,17.86,62.06,1.7,0.0,2.95,12,8,2755.53,0.0,2755.53
30.82,938.16,5.61,58.82,4.68,0.0,1.5,13,8,2689.34,37.28,2726.62
36.53,781.24,21.13,54.03,3.8,0.0,2.94,14,8,2124.09,3.8,2127.9
30.81,606.16,27.67,45.23,5.96,0.0,1.7,15,8,1778.07,82.66,1860.73
30.75,446.01,30.88,65.19,0.97,0.0,1.29,16,8,1236.23,34.81,1271.04
30.79,239.9,19.45,73.36,3.99,0.0,3.24,17,8,676.59,2.3,678.89
31.21,0.0,18.73,58.78,2.04,0.0,1.57,18,8,0.0,11.15,11.15
29.1,0.0,14.72,74.56,4.41,0.0,3.21,19,8,4.73,35.84,40.57
29.52,0.0,40.82,55.82,5.38,0.0,1.44,20,8,22.85,63.95,86.81
25.84,0.0,5.83,61.78,2.49,0.0,2.03,21,8,4.93,0.0,4.93
23.94,0.0,41.31,64.02,3.65,0.0,3.48,22,8,48.61,0.0,48.61
22.11,0.0,8.14,60.76,3.32,0.0,2.47,23,8,37.35,0.0,37.35
20.32,0.0,36.12,86.28,5.34,0.0,3.17,0,9,6.01,39.33,45.35
22.08,0.0,34.25,76.62,4.31,0.0,4.4,1,9,56.83,25.78,82.61
21.91,0.0,34.41,77.68,1.61,0.0,2.15,2,9,10.49,0.0,10.49
21.24,0.0,27.48,67.71,8.73,0.0,3.21,3,9,0.0,571.22,571.22
24.23,0.0,27.44,76.3,7.02,0.0,2.27,4,9,0.0,197.59,197.59
24.7,0.0,21.36,65.29,4.18,0.0,2.43,5,9,13.01,7.14,20.15
23.15,1.76,1.99,67.52,5.52,0.0,1.86,6,9,11.86,70.17,82.03
22.0,194.88,43.33,81.18,0.64,0.0,2.42,7,9,571.35,0.0,571.35
25.05,421.99,25.5,62.17,2.13,0.0,1.22,8,9,1234.54,26.43,1260.97
26.29,549.4,37.0,59.46,5.44,0.0,3.45,9,9,1563.56,50.34,1613.9
27.5,802.45,18.12,57.06,1.51,0.0,4.89,10,9,2266.39,0.82,2267.21
28.65,920.82,14.98,63.46,0.94,0.0,2.53,11,9,2626.55,3.18,2629.73
29.75,912.9,21.27,79.8,4.4,0.0,1.81,12,9,2643.34,2.02,2645.36
30.94,936.12,13.69,59.79,0.84,0.0,4.08,13,9,2602.01,0.0,2602.01
31.07,654.6,49.74,51.32,2.02,0.0,1.97,14,9,1826.59,4.21,1830.8
32.5,612.67,25.78,54.99,1.3,0.0,1.85,15,9,1741.75,12.16,1753.9
32.56,409.61,41.81,56.2,3.93,0.0,2.54,16,9,1137.52,15.43,1152.95
30.16,242.63,18.67,63.19,4.78,0.0,1.89,17,9,664.17,38.62,702.79
32.63,0.0,44.3,62.74,2.02,0.0,3.53,18,9,0.0,0.0,0.0
28.22,0.0,22.45,48.38,3.58,0.0,0.64,19,9,38.17,0.0,38.17
26.06,0.0,43.59,57.94,0.64,0.0,2.56,20,9,26.83,0.0,26.83
27.76,0.0,5.9,55.29,2.5,0.0,3.83,21,9,0.0,19.89,19.89
24.67,0.0,26.92,77.55,2.0,0.0,0.0,22,9,0.0,10.54,10.54
25.17,0.0,18.56,60.67,1.92,0.0,3.91,23,9,8.49,0.0,8.49
19.94,0.0,27.36,77.31,2.27,0.0,2.67,0,9,9.55,7.84,17.39
24.84,0.0,44.79,72.92,5.76,0.0,4.28,1,9,0.0,118.36,118.36
23.26,0.0,24.79,67.05,7.78,0.0,4.07,2,9,0.0,361.47,361.47
19.83,0.0,33.87,55.79,4.98,0.0,1.0,3,9,30.06,25.51,55.57
20.03,0.0,17.96,84.34,1.23,0.0,4.52,4,9,0.0,16.03,16.03
25.26,0.0,30.24,79.17,4.48,0.0,1.32,5,9,0.0,21.02,21.02
22.44,9.22,29.33,71.91,5.18,0.0,2.83,6,9,31.14,35.5,66.64
23.33,238.39,21.98,65.54,1.54,0.0,0.0,7,9,713.84,6.23,720.07
22.38,371.07,45.84,86.5,2.66,0.0,3.11,8,9,1044.34,19.78,1064.12
26.55,697.28,10.91,61.42,3.37,0.0,2.88,9,9,1939.69,0.0,1939.69
28.03,800.85,27.81,71.72,2.75,0.0,4.07,10,9,2243.1,6.01,2249.11
30.65,733.77,46.96,50.26,3.85,0.0,3.05,11,9,2023.14,0.0,2023.14
28.51,745.95,42.83,68.45,1.69,0.0,1.17,12,9,2154.72,0.0,2154.72
29.13,922.48,17.04,53.66,3.45,0.0,3.16,13,9,2613.25,0.0,2613.25
32.58,821.02,8.28,62.93,5.17,0.0,1.87,14,9,2315.39,31.48,2346.87
33.59,348.13,73.12,58.72,3.54,0.0,4.46,15,9,904.87,4.04,908.91
29.55,323.69,53.52,60.61,2.19,0.0,2.85,16,9,891.47,0.0,891.47
33.03,242.92,28.81,56.21,5.73,0.0,2.07,17,9,725.4,103.3,828.7
30.67,0.0,51.5,70.87,3.19,0.0,3.5,18,9,0.0,0.0,0.0
31.21,0.0,20.66,60.86,3.35,0.0,2.47,19,9,0.0,4.22,4.22
28.27,0.0,29.6,68.24,2.99,0.0,4.21,20,9,20.35,21.84,42.18
23.29,0.0,42.23,93.83,2.63,0.0,1.24,21,9,0.0,0.0,0.0
25.55,0.0,35.03,58.33,4.32,0.0,1.83,22,9,65.48,19.02,84.49
26.17,0.0,18.67,61.44,2.05,0.0,3.39,23,9,6.83,27.25,34.07
22.09,0.0,70.82,59.29,5.45,0.0,2.09,0,9,14.46,65.43,79.89
22.05,0.0,18.27,58.96,3.65,0.0,3.41,1,9,0.0,0.0,0.0
21.87,0.0,61.91,88.0,6.6,0.0,3.12,2,9,0.0,170.18,170.18
17.61,0.0,44.44,74.51,7.52,0.0,1.67,3,9,11.83,323.93,335.76
24.64,0.0,34.09,48.36,3.13,0.0,2.83,4,9,4.25,0.0,4.25
21.28,0.0,35.66,71.2,1.87,0.0,2.34,5,9,0.0,20.28,20.28
24.18,27.72,43.01,66.03,3.77,0.0,1.87,6,9,94.92,13.88,108.8
24.33,206.3,28.46,61.41,2.53,0.0,3.15,7,9,613.76,0.0,613.76
27.55,482.2,23.96,62.41,3.36,0.0,1.71,8,9,1442.32,7.62,1449.93
27.57,606.98,33.86,67.18,3.1,0.0,2.58,9,9,1710.54,0.0,1710.54
27.9,596.93,57.52,62.23,3.48,0.0,4.42,10,9,1715.04,0.0,1715.04
28.12,907.71,16.9,72.07,3.74,0.0,2.7,11,9,2624.29,6.08,2630.36
31.69,834.81,37.62,60.47,4.47,0.0,1.92,12,9,2415.72,19.27,2435.0
28.48,850.12,20.08,64.93,0.5,0.0,0.98,13,9,2469.82,2.12,2471.93
32.76,801.6,22.39,58.15,2.45,0.0,0.93,14,9,2309.84,9.59,2319.43
30.31,332.59,75.55,52.75,1.94,0.37,1.42,15,9,974.56,14.85,989.41
33.67,369.4,53.21,49.05,5.01,0.0,2.21,16,9,1018.9,30.39,1049.29
31.53,243.62,8.13,62.13,6.01,0.0,0.04,17,9,679.73,85.25,764.98
31.46,0.0,39.23,55.18,5.12,0.0,2.31,18,9,0.0,43.97,43.97
29.58,0.0,8.16,68.28,8.63,0.0,1.07,19,9,14.61,521.85,536.46
25.63,0.0,44.51,65.57,1.28,0.0,2.36,20,9,0.0,0.0,0.0
25.67,0.0,6.09,62.01,3.56,0.0,2.41,21,9,55.43,23.88,79.32
26.68,0.0,4.81,69.06,6.82,0.0,2.85,22,9,12.33,169.04,181.36
24.71,0.0,36.57,69.56,2.79,0.0,2.48,23,9,15.09,1.58,16.67
25.08,0.0,15.03,55.64,5.73,0.0,1.83,0,9,0.0,88.48,88.48
23.12,0.0,56.24,56.69,4.09,0.0,1.6,1,9,8.85,0.0,8.85
20.57,0.0,20.28,78.89,8.82,0.0,1.2,2,9,0.0,595.71,595.71
20.65,0.0,37.82,68.28,3.06,0.0,3.9,3,9,0.0,25.9,25.9
22.17,0.0,34.04,73.61,3.31,0.0,3.58,4,9,1.49,0.0,1.49
19.04,0.0,12.77,78.01,1.9,0.0,2.16,5,9,45.1,11.54,56.64
25.82,3.87,48.86,77.64,1.88,0.0,2.6,6,9,0.0,14.2,14.2
25.01,232.46,22.53,82.19,6.32,0.0,2.5,7,9,642.58,144.42,787.0
27.39,409.59,33.54,56.98,3.25,0.0,3.83,8,9,1100.64,20.18,1120.83
24.47,635.39,27.05,68.44,4.43,0.0,2.18,9,9,1778.93,14.59,1793.52
30.01,607.19,55.45,62.0,5.32,0.0,0.42,10,9,1806.39,86.32,1892.71
32.69,566.5,61.12,71.92,3.42,0.0,3.1,11,9,1594.97,8.77,1603.74
28.4,993.2,10.87,53.4,7.89,0.0,1.08,12,9,2938.15,366.59,3304.74
32.33,931.21,16.59,71.69,7.51,0.0,3.64,13,9,2565.59,289.94,2855.53
31.68,836.26,12.65,65.49,4.8,0.0,1.57,14,9,2369.08,39.12,2408.21
29.53,680.57,6.6,59.17,10.4,0.0,2.93,15,9,1905.99,1153.85,3059.83
32.41,485.48,16.14,67.08,0.5,0.0,2.31,16,9,1359.64,0.0,1359.64
32.43,240.84,8.59,57.09,0.5,0.0,2.35,17,9,691.97,0.0,691.97
29.48,25.4,39.0,50.7,1.19,0.0,3.17,18,9,106.29,0.0,106.29
31.09,0.0,2.87,62.65,7.63,0.0,2.7,19,9,43.07,310.67,353.74
25.64,0.0,14.03,66.12,4.34,0.0,2.16,20,9,9.45,29.13,38.58
24.6,0.0,28.96,65.59,7.29,0.0,2.25,21,9,0.0,269.71,269.71
25.76,0.0,33.6,61.77,1.66,0.0,1.25,22,9,12.44,0.0,12.44
24.38,0.0,26.23,74.66,0.81,0.0,2.72,23,9,0.0,10.06,10.06
22.12,0.0,17.82,72.34,3.98,0.0,3.0,0,9,0.0,0.0,0.0
23.61,0.0,26.15,66.86,1.98,0.0,5.8,1,9,19.19,0.0,19.19
22.7,0.0,23.14,66.91,6.31,0.0,2.83,2,9,0.0,120.82,120.82
23.02,0.0,43.44,67.7,3.32,0.0,2.55,3,9,0.0,0.0,0.0
21.71,0.0,19.83,68.28,5.46,0.0,1.59,4,9,0.0,90.43,90.43
23.3,0.0,27.4,67.78,3.84,0.0,2.3,5,9,0.0,21.71,21.71
22.53,30.46,28.79,77.78,3.9,0.0,2.7,6,9,126.74,0.0,126.74
27.31,232.53,10.86,63.26,4.82,0.0,1.69,7,9,690.76,29.72,720.48
24.22,432.22,26.68,71.17,2.88,0.0,3.35,8,9,1244.44,0.0,1244.44
29.89,571.4,41.49,60.06,7.76,0.0,2.44,9,9,1601.41,356.87,1958.28
28.08,805.2,20.79,51.12,3.22,0.0,3.32,10,9,2256.66,4.4,2261.06
27.17,901.49,21.09,68.15,3.21,0.0,1.8,11,9,2555.71,3.17,2558.88
32.32,1003.07,4.55,54.49,4.99,0.0,2.92,12,9,2811.78,54.73,2866.51
31.25,919.78,15.87,66.84,4.53,0.0,2.46,13,9,2609.85,33.91,2643.76
32.84,643.75,49.33,72.84,10.52,0.0,3.95,14,9,1777.6,1225.85,3003.45
33.56,659.13,13.2,53.43,6.2,0.0,2.71,15,9,1866.36,92.39,1958.75
32.07,436.77,27.77,67.76,2.6,0.0,1.41,16,9,1255.84,6.74,1262.58
30.17,266.99,19.78,59.5,1.47,0.0,2.43,17,9,723.44,0.66,724.11
31.73,9.43,10.58,58.47,1.51,0.0,0.94,18,9,30.83,0.0,30.83
29.23,0.0,3.81,66.95,3.01,0.0,2.97,19,9,30.78,14.65,45.43
29.05,0.0,31.15,48.4,3.62,0.0,4.06,20,9,10.25,4.71,14.97
23.5,0.0,22.86,57.01,4.53,0.0,2.91,21,9,4.27,34.5,38.77
26.11,0.0,18.05,68.13,6.28,0.0,2.94,22,9,0.0,130.9,130.9
23.27,0.0,21.96,50.13,9.61,0.0,3.05,23,9,29.67,833.68,863.35
25.56,0.0,1.32,77.01,3.26,0.0,1.88,0,9,0.0,0.0,0.0
23.22,0.0,28.41,81.82,4.0,0.0,2.01,1,9,0.0,8.62,8.62
22.14,0.0,14.83,75.26,4.31,0.0,3.29,2,9,20.41,9.72,30.12
22.34,0.0,55.89,71.14,4.07,0.0,2.54,3,9,15.66,0.0,15.66
20.28,0.0,28.41,83.53,1.38,0.0,4.88,4,9,33.88,0.0,33.88
24.72,0.0,17.54,65.62,1.57,0.0,4.21,5,9,0.0,0.0,0.0
26.06,10.29,13.06,64.71,6.67,0.0,2.01,6,9,46.35,174.93,221.29
24.7,234.62,41.9,68.26,4.77,0.0,2.05,7,9,694.01,16.98,710.99
27.7,261.4,69.19,59.14,4.8,0.0,1.41,8,9,782.54,27.15,809.68
25.76,539.39,50.65,78.42,5.84,0.0,2.01,9,9,1573.64,85.0,1658.64
26.71,781.83,22.8,77.03,1.33,0.0,2.51,10,9,2266.07,0.0,2266.07
29.17,868.41,23.32,56.46,3.3,0.0,3.05,11,9,2417.67,0.0,2417.67
30.8,874.64,30.15,56.04,2.39,0.0,2.65,12,9,2478.79,0.0,2478.79
30.35,908.25,14.67,59.78,4.68,0.0,4.81,13,9,2469.95,38.82,2508.77
32.25,744.31,34.27,69.92,2.21,0.0,3.7,14,9,2064.56,17.81,2082.37
32.07,715.31,6.42,57.68,4.88,0.0,3.26,15,9,1966.9,26.62,1993.52
29.94,304.55,66.93,64.32,3.15,0.0,3.29,16,9,856.29,0.0,856.29
31.72,237.14,22.38,52.4,3.42,0.0,0.72,17,9,696.52,0.0,696.52
31.44,23.59,36.94,73.44,5.87,0.0,0.42,18,9,76.1,95.34,171.44
29.37,0.0,12.42,54.4,2.94,0.0,2.75,19,9,5.68,12.41,18.1
29.64,0.0,48.19,60.15,2.45,0.0,3.67,20,9,0.0,0.0,0.0
24.79,0.0,14.85,55.61,6.2,0.0,2.25,21,9,0.0,134.66,134.66
26.02,0.0,7.02,77.66,4.84,0.0,3.15,22,9,0.0,25.56,25.56
22.36,0.0,38.72,71.92,3.24,0.0,3.51,23,9,0.0,0.0,0.0
21.29,0.0,75.11,87.68,3.74,5.38,3.9,0,9,6.17,0.0,6.17
21.22,0.0,30.15,65.69,2.94,0.0,2.36,1,9,0.69,0.0,0.69
20.25,0.0,5.29,83.09,4.03,0.0,2.66,2,9,0.0,5.7,5.7
20.67,0.0,24.28,77.34,1.74,0.0,2.49,3,9,23.71,0.0,23.71
21.34,0.0,36.77,67.04,6.66,0.0,2.16,4,9,9.89,190.24,200.13
23.42,0.0,17.72,65.62,4.04,0.0,3.02,5,9,2.35,8.7,11.04
22.48,16.5,49.8,76.41,3.14,0.0,1.75,6,9,32.71,0.0,32.71
21.62,139.72,66.93,72.76,4.14,0.0,4.2,7,9,371.98,17.11,389.09
26.91,450.27,27.31,61.23,1.89,0.0,2.77,8,9,1302.14,16.58,1318.72
25.24,642.31,20.3,82.7,1.29,0.0,2.66,9,9,1869.88,0.0,1869.88
27.7,787.81,25.2,66.11,4.01,0.0,1.2,10,9,2281.34,7.72,2289.06
29.66,866.15,34.27,60.4,1.22,0.0,1.61,11,9,2445.68,0.0,2445.68
30.33,920.8,19.63,53.95,4.68,0.0,3.91,12,9,2554.24,43.53,2597.77
32.47,838.37,30.44,55.88,5.71,0.0,6.66,13,9,2250.3,77.36,2327.66
32.04,841.6,1.03,43.4,9.5,0.0,3.64,14,9,2296.59,784.81,3081.4
30.2,690.61,17.4,62.77,5.45,0.0,2.6,15,9,1947.16,59.74,2006.9
34.59,463.45,30.03,63.36,8.6,0.0,2.21,16,9,1296.87,539.8,1836.67
31.12,227.98,15.8,73.14,0.67,0.0,1.72,17,9,649.49,26.89,676.38
29.81,0.0,25.49,59.89,4.07,0.0,1.29,18,9,32.25,0.0,32.25
30.44,0.0,30.98,66.31,1.91,0.0,3.2,19,9,0.0,0.0,0.0
28.16,0.0,10.33,62.43,2.39,0.0,2.96,20,9,36.34,0.0,36.34
27.09,0.0,15.95,52.17,5.18,0.0,2.09,21,9,0.72,14.93,15.64
28.94,0.0,60.91,47.93,2.43,0.0,2.8,22,9,11.28,6.88,18.16
23.58,0.0,14.92,69.83,2.0,0.0,3.08,23,9,3.8,0.0,3.8
22.36,0.0,12.32,55.95,3.07,0.0,1.23,0,9,0.0,0.0,0.0
22.22,0.0,46.84,70.29,1.33,0.0,3.97,1,9,0.0,0.0,0.0
23.15,0.0,36.89,67.79,1.79,0.0,4.42,2,9,0.0,11.62,11.62
19.12,0.0,42.76,61.97,1.79,0.0,2.99,3,9,50.72,0.0,50.72
18.6,0.0,43.25,54.96,2.28,0.0,4.94,4,9,29.01,20.3,49.31
21.17,0.0,40.87,67.7,6.44,0.0,3.58,5,9,0.0,135.82,135.82
20.39,7.43,56.71,86.27,2.66,0.0,4.62,6,9,39.53,0.0,39.53
23.24,227.4,36.96,73.1,2.55,0.0,2.78,7,9,670.36,0.0,670.36
25.84,451.13,44.9,62.01,1.65,0.0,3.98,8,9,1217.26,14.18,1231.44
25.04,602.48,46.43,62.4,0.57,0.0,3.25,9,9,1707.16,0.0,1707.16
25.53,867.89,4.06,71.01,1.88,0.0,2.18,10,9,2477.53,5.79,2483.31
28.98,892.34,27.75,64.78,5.1,0.0,3.72,11,9,2488.03,54.41,2542.44
31.21,901.06,22.81,66.77,8.42,0.0,4.03,12,9,2506.57,501.02,3007.59
28.16,944.43,8.98,79.15,5.25,0.0,3.04,13,9,2684.81,73.51,2758.32
32.44,699.85,37.68,68.77,6.23,0.0,2.89,14,9,1952.72,129.97,2082.69
32.6,644.92,25.24,68.39,5.59,0.0,4.11,15,9,1742.69,49.01,1791.7
32.64,459.86,26.33,58.71,2.67,0.0,1.94,16,9,1258.62,20.18,1278.8
32.53,276.24,27.87,41.72,5.16,0.0,2.31,17,9,788.72,73.22,861.94
33.22,0.0,30.76,41.81,5.3,0.0,2.59,18,9,0.0,41.52,41.52
28.34,0.0,26.29,68.57,2.46,0.0,2.64,19,9,4.83,0.0,4.83
27.84,0.0,16.12,60.8,7.16,0.0,1.83,20,9,0.0,226.97,226.97
25.75,0.0,8.96,80.91,11.19,0.0,1.94,21,9,3.32,1543.82,1547.14
25.09,0.0,36.14,80.29,4.08,0.0,3.71,22,9,0.0,0.0,0.0
26.18,0.0,18.37,68.24,2.78,0.0,2.58,23,9,3.83,0.0,3.83
20.71,0.0,8.92,69.96,2.99,0.0,1.3,0,9,0.0,0.0,0.0
20.64,0.0,2.32,66.6,4.21,0.0,3.17,1,9,32.47,19.06,51.53
23.49,0.0,24.48,83.38,0.5,0.0,3.71,2,9,0.0,0.0,0.0
22.79,0.0,50.19,72.66,2.73,0.0,3.83,3,9,54.66,0.0,54.66
20.88,0.0,22.24,67.99,1.01,0.0,5.0,4,9,15.98,9.45,25.42
23.21,0.0,37.34,70.11,4.45,0.0,2.74,5,9,0.0,33.25,33.25
23.23,39.26,6.71,68.91,4.33,0.0,2.69,6,9,173.26,17.02,190.28
26.01,218.63,17.66,81.9,4.26,0.0,3.73,7,9,663.89,35.47,699.35
25.08,466.83,24.24,70.28,1.82,0.0,3.11,8,9,1278.49,0.0,1278.49
27.8,653.01,19.44,65.77,7.65,0.0,2.89,9,9,1853.12,312.86,2165.99
31.52,781.16,25.18,50.23,3.93,0.0,3.14,10,9,2127.5,0.0,2127.5
29.66,779.7,39.59,67.12,4.05,0.0,3.56,11,9,2140.45,13.04,2153.49
29.87,910.34,28.12,63.5,3.99,0.0,3.72,12,9,2507.08,14.87,2521.94
31.67,945.06,10.53,65.23,3.88,0.0,3.24,13,9,2639.39,0.0,2639.39
30.54,806.51,13.27,62.78,7.51,0.0,1.54,14,9,2310.16,285.45,2595.61
34.84,689.11,13.27,54.42,4.32,0.0,3.5,15,9,1898.95,0.0,1898.95
31.36,389.57,45.75,61.77,3.67,0.0,0.98,16,9,1154.4,15.68,1170.09
30.18,247.12,30.53,56.6,5.43,0.0,2.51,17,9,661.68,35.5,697.18
28.54,6.97,20.05,65.99,2.42,0.0,2.6,18,9,36.15,24.42,60.57
30.4,0.0,13.38,72.84,2.08,0.0,2.52,19,9,20.94,0.0,20.94
28.85,0.0,26.4,71.43,3.42,0.0,3.93,20,9,0.0,2.62,2.62
25.51,0.0,19.59,66.05,0.57,0.0,2.26,21,9,48.21,18.67,66.88
25.83,0.0,23.85,66.33,2.65,0.0,4.5,22,9,13.94,0.0,13.94
21.5,0.0,34.67,77.89,3.32,0.0,2.06,23,9,0.77,0.0,0.77
22.88,0.0,40.48,74.52,4.18,0.0,4.15,0,9,0.0,24.72,24.72
22.49,0.0,32.55,72.01,3.98,0.0,5.31,1,9,54.32,0.0,54.32
23.87,0.0,42.46,65.9,3.05,0.0,1.95,2,9,0.0,0.0,0.0
19.98,0.0,6.97,67.92,2.92,0.0,2.76,3,9,66.48,6.43,72.91
19.39,0.0,30.92,68.52,0.5,0.0,3.15,4,9,0.0,0.0,0.0
20.47,0.0,44.19,73.15,6.57,0.0,3.59,5,9,0.0,133.63,133.63
20.6,48.38,20.93,76.98,2.31,0.0,3.1,6,9,135.75,0.0,135.75
25.64,216.72,4.07,54.48,3.0,0.0,3.29,7,9,640.21,28.15,668.36
27.17,453.19,20.13,72.25,0.64,0.0,3.45,8,9,1260.62,0.38,1261.01
26.62,560.7,39.33,58.53,7.98,0.0,2.35,9,9,1594.35,386.28,1980.62
29.27,702.23,46.53,58.4,3.72,0.0,3.59,10,9,1963.16,12.39,1975.55
28.84,917.62,15.51,62.36,0.69,0.0,4.09,11,9,2517.59,21.45,2539.03
29.53,902.71,18.07,66.63,2.42,0.0,3.81,12,9,2526.66,0.0,2526.66
29.97,766.58,40.03,75.1,6.54,0.0,4.62,13,9,2053.08,152.79,2205.87
30.5,832.81,16.8,58.67,3.09,0.0,2.38,14,9,2330.65,0.0,2330.65
28.82,603.86,33.81,73.07,4.87,0.0,4.41,15,9,1648.24,37.88,1686.12
31.37,474.59,15.89,58.14,4.39,0.0,4.49,16,9,1293.19,0.0,1293.19
30.41,254.3,12.9,73.15,3.6,0.0,2.64,17,9,715.12,14.89,730.02
30.79,23.22,15.39,61.48,6.02,0.0,3.21,18,9,127.54,99.3,226.85
28.78,0.0,9.41,52.57,0.91,0.0,1.75,19,9,3.85,1.16,5.01
27.19,0.0,36.31,60.67,7.02,0.0,2.63,20,9,0.0,224.04,224.04
24.83,0.0,2.99,69.28,5.06,0.0,2.67,21,9,0.0,27.03,27.03
24.95,0.0,15.53,67.39,6.35,0.0,3.37,22,9,12.34,152.98,165.31
24.75,0.0,31.74,61.18,0.59,0.0,2.09,23,9,0.0,31.73,31.73
20.77,0.0,37.89,63.51,1.34,0.0,2.36,0,9,0.0,16.26,16.26
21.82,0.0,43.79,79.21,2.16,0.0,2.69,1,9,0.0,28.06,28.06
21.54,0.0,12.44,54.68,4.27,0.0,2.01,2,9,0.0,13.85,13.85
19.94,0.0,47.43,79.1,1.4,0.0,2.47,3,9,43.46,8.25,51.71
20.31,0.0,38.84,65.84,7.37,0.0,5.07,4,9,0.0,260.72,260.72
22.04,0.0,40.06,87.72,5.29,0.0,2.63,5,9,0.0,59.75,59.75
20.78,0.0,68.46,57.87,5.78,0.0,4.53,6,9,6.08,100.0,106.08
24.05,255.61,28.19,53.31,4.21,0.0,3.56,7,9,757.6,0.0,757.6
23.38,427.44,33.02,67.53,4.49,0.0,3.77,8,9,1222.44,7.65,1230.09
27.61,631.88,36.08,73.99,2.25,0.0,2.97,9,9,1806.79,3.4,1810.18
30.82,843.13,16.51,79.42,6.98,0.0,2.01,10,9,2430.16,233.25,2663.41
27.23,560.84,67.7,74.22,4.6,0.0,4.99,11,9,1536.15,24.58,1560.73
30.36,896.98,22.01,63.73,3.31,0.0,2.28,12,9,2511.22,0.0,2511.22
29.26,832.83,34.43,56.11,6.57,0.0,3.53,13,9,2341.0,148.19,2489.19
32.41,836.8,15.25,53.99,6.35,0.0,3.67,14,9,2301.82,120.61,2422.43
29.12,688.21,4.4,58.78,0.5,0.0,1.35,15,9,1966.64,2.93,1969.58
31.57,389.92,37.8,57.86,7.24,0.0,2.05,16,9,1058.67,245.6,1304.28
29.04,221.52,33.14,62.12,3.02,0.0,3.87,17,9,640.81,0.0,640.81
29.25,4.68,7.33,65.5,3.33,0.0,3.66,18,9,0.0,0.67,0.67
26.97,0.0,22.42,61.96,1.34,0.0,3.33,19,9,9.44,1.81,11.25
28.55,0.0,7.79,66.03,6.52,0.0,3.93,20,9,0.0,148.26,148.26
24.77,0.0,16.77,72.3,3.96,0.0,3.29,21,9,31.56,26.47,58.02
25.55,0.0,25.85,59.56,6.91,0.0,2.48,22,9,17.69,200.26,217.95
23.0,0.0,9.14,61.38,5.54,0.0,3.97,23,9,11.32,82.67,94.0
22.19,0.0,11.06,81.14,6.8,0.0,1.84,0,9,6.83,210.58,217.41
21.79,0.0,35.97,73.84,7.74,0.0,2.76,1,9,0.0,330.99,330.99
19.93,0.0,23.91,73.88,6.63,0.0,4.3,2,9,2.9,163.03,165.93
21.22,0.0,55.68,62.14,2.18,0.0,4.14,3,9,0.0,2.28,2.28
23.37,0.0,41.8,77.11,1.21,0.0,3.84,4,9,2.79,27.87,30.66
20.4,0.0,19.24,74.5,4.43,0.0,5.28,5,9,0.0,2.59,2.59
24.12,4.28,72.95,82.02,1.85,0.0,3.58,6,9,0.0,0.0,0.0
25.65,196.12,55.21,69.76,6.35,0.0,3.32,7,9,556.25,141.04,697.28
23.38,418.74,29.31,68.87,7.72,0.0,4.81,8,9,1124.41,344.91,1469.32
23.72,654.56,13.02,65.6,1.62,0.0,3.92,9,9,1873.75,0.0,1873.75
27.65,731.15,39.47,78.46,2.33,0.0,3.35,10,9,2072.67,0.0,2072.67
27.58,800.16,40.19,73.83,4.46,0.0,3.96,11,9,2217.77,6.46,2224.22
32.24,932.58,21.0,62.08,5.11,0.0,4.01,12,9,2538.48,55.5,2593.98
30.28,834.65,29.11,70.19,3.81,0.0,2.95,13,9,2285.06,35.11,2320.18
29.53,839.38,23.77,66.26,3.05,0.0,2.31,14,9,2388.72,33.61,2422.33
29.18,544.78,48.46,49.49,2.72,0.0,3.2,15,9,1516.78,1.91,1518.69
32.37,378.91,43.41,67.69,4.71,0.0,5.85,16,9,1048.14,0.0,1048.14
29.37,234.58,25.7,69.35,5.26,0.0,5.51,17,9,636.56,33.6,670.16
29.5,0.0,40.9,54.85,2.63,0.0,2.84,18,9,30.43,0.0,30.43
29.83,0.0,20.23,67.9,2.83,0.0,2.97,19,9,0.0,2.23,2.23
26.47,0.0,15.9,60.54,3.53,0.0,3.62,20,9,31.42,13.26,44.68
25.83,0.0,24.6,64.59,3.48,0.0,3.08,21,9,0.0,16.44,16.44
24.58,0.0,57.22,70.71,6.12,0.0,5.1,22,9,13.82,127.69,141.5
24.43,0.0,10.53,70.49,3.41,0.0,3.37,23,9,0.0,0.0,0.0
23.13,0.0,30.48,70.59,8.81,0.0,3.19,0,9,32.37,564.74,597.11
21.12,0.0,19.19,60.68,2.75,0.0,2.31,1,9,0.0,2.09,2.09
21.05,0.0,38.95,74.11,4.89,0.0,5.37,2,9,0.0,27.88,27.88
20.22,0.0,2.95,88.11,5.37,0.0,3.43,3,9,10.52,39.24,49.76
18.74,0.0,14.78,78.68,4.49,0.0,3.85,4,9,0.0,5.95,5.95
21.84,0.0,27.14,71.36,3.04,0.0,4.2,5,9,22.75,11.21,33.96
25.08,13.07,3.89,74.42,2.45,0.0,3.54,6,9,51.25,3.34,54.59
21.96,170.48,68.53,73.85,4.33,0.0,3.12,7,9,549.85,30.12,579.97
23.33,332.16,50.05,67.63,4.67,0.0,3.35,8,9,980.56,26.49,1007.05
24.48,654.68,16.65,76.95,2.46,0.0,4.19,9,9,1850.7,0.0,1850.7
28.16,813.43,12.28,67.3,2.88,0.0,4.3,10,9,2241.03,0.0,2241.03
28.95,991.78,5.7,67.51,6.33,0.0,0.96,11,9,2903.34,121.96,3025.3
29.08,935.15,23.83,62.51,5.8,0.0,3.54,12,9,2607.59,88.41,2696.0
28.73,797.52,36.72,63.72,2.03,0.0,3.91,13,9,2265.22,0.0,2265.22
30.75,844.35,16.41,68.49,7.41,0.0,4.65,14,9,2300.71,287.0,2587.71
28.43,673.54,5.15,60.83,4.48,0.0,4.46,15,9,1829.84,0.0,1829.84
30.83,452.72,27.26,80.57,3.73,0.0,4.21,16,9,1243.6,0.0,1243.6
31.42,265.5,15.64,56.58,2.13,0.0,4.1,17,9,736.09,0.03,736.12
27.44,0.0,22.88,61.2,5.15,0.0,5.23,18,9,3.26,31.61,34.87
25.98,0.0,22.18,76.11,7.17,0.0,5.83,19,9,22.55,230.84,253.39
29.44,0.0,22.63,63.48,1.17,0.0,2.96,20,9,0.0,17.72,17.72
24.86,0.0,48.65,73.96,3.86,0.0,4.34,21,9,3.08,0.0,3.08
26.19,0.0,49.51,79.72,6.52,0.0,2.16,22,9,0.0,167.28,167.28
23.05,0.0,54.47,74.59,7.86,0.0,4.57,23,9,0.0,362.55,362.55
21.88,0.0,26.08,75.42,1.23,0.0,3.17,0,9,0.0,0.0,0.0
21.99,0.0,6.04,68.2,5.63,0.0,5.08,1,9,0.0,64.61,64.61
19.51,0.0,30.82,68.79,2.59,0.0,3.39,2,9,37.63,8.12,45.75
20.86,0.0,47.79,61.67,3.97,0.0,2.95,3,9,3.16,15.53,18.69
20.26,0.0,35.98,68.98,5.57,0.0,2.84,4,9,1.8,57.27,59.07
19.35,0.0,30.99,71.98,3.99,0.0,4.46,5,9,5.32,14.21,19.52
22.63,40.07,47.03,65.89,1.54,0.0,3.65,6,9,120.64,0.0,120.64
22.77,196.85,44.64,69.65,4.25,0.0,4.02,7,9,598.14,25.41,623.55
24.13,405.8,45.7,66.24,1.59,0.0,2.7,8,9,1142.87,0.0,1142.87
23.85,609.83,27.42,77.13,2.94,0.0,3.76,9,9,1675.33,0.0,1675.33
29.34,639.25,45.15,53.31,4.07,0.0,4.18,10,9,1756.77,0.0,1756.77
29.48,961.24,12.7,71.55,9.82,0.0,5.92,11,9,2575.81,922.82,3498.63
30.64,808.78,42.44,67.68,5.13,0.0,2.2,12,9,2299.08,49.02,2348.11
29.53,860.21,26.24,56.17,2.71,0.0,3.74,13,9,2433.16,0.0,2433.16
27.9,834.12,21.46,55.33,6.51,0.0,2.79,14,9,2382.75,168.16,2550.91
33.59,654.22,17.99,63.18,2.28,0.0,3.64,15,9,1795.82,0.0,1795.82
30.4,473.57,8.5,66.99,3.13,0.0,3.99,16,9,1327.17,8.27,1335.44
28.87,247.49,15.32,58.02,4.59,0.0,4.83,17,9,662.1,39.44,701.54
29.82,0.0,39.95,52.62,3.27,0.0,3.32,18,9,0.0,0.24,0.24
29.91,0.0,49.92,59.89,5.15,0.0,4.42,19,9,0.0,40.47,40.47
26.92,0.0,17.16,41.01,4.61,0.0,4.89,20,9,4.45,27.95,32.4
27.58,0.0,8.9,70.27,4.72,0.0,2.56,21,9,59.13,32.02,91.15
25.99,0.0,35.01,62.75,3.32,0.0,1.84,22,9,0.0,8.54,8.54
21.55,0.0,26.7,74.73,1.07,0.0,2.21,23,9,20.0,0.0,20.0
21.0,0.0,7.98,88.14,6.46,0.0,2.65,0,9,41.43,135.7,177.13
22.65,0.0,20.07,68.68,1.25,0.0,3.57,1,9,24.9,10.87,35.77
16.64,0.0,51.15,84.45,3.55,0.0,4.1,2,9,20.18,10.36,30.54
20.32,0.0,15.96,72.57,2.7,0.0,2.37,3,9,13.54,3.57,17.12
18.57,0.0,38.2,73.18,2.67,0.0,5.09,4,9,0.0,0.0,0.0
20.5,0.0,17.38,86.62,2.28,0.0,5.38,5,9,21.73,0.0,21.73
21.56,0.0,37.59,68.69,2.53,0.0,3.36,6,9,23.08,0.0,23.08
22.5,192.27,48.74,76.38,7.93,0.0,2.29,7,9,496.09,371.85,867.94
23.42,450.02,30.64,73.42,8.51,0.0,4.56,8,9,1264.62,521.92,1786.54
23.9,715.6,6.93,73.68,4.14,0.0,3.79,9,9,2019.01,0.0,2019.01
30.27,679.81,42.29,67.68,3.88,0.0,2.79,10,9,1891.63,5.45,1897.08
30.84,868.41,30.39,66.12,1.0,0.0,5.39,11,9,2344.2,0.0,2344.2
27.33,670.96,56.45,61.69,5.74,0.0,2.93,12,9,1898.42,93.78,1992.21
32.25,964.37,10.28,56.85,1.95,0.0,4.66,13,9,2655.18,13.56,2668.74
29.77,777.04,23.89,65.47,1.76,0.0,3.23,14,9,2181.17,1.8,2182.98
30.74,370.09,70.56,47.28,3.34,0.0,4.54,15,9,981.16,13.8,994.96
30.28,471.76,15.23,65.6,2.94,0.0,2.99,16,9,1362.28,9.89,1372.18
28.88,248.6,9.06,59.73,1.43,0.0,4.55,17,9,653.76,0.0,653.76
30.55,0.0,33.41,70.69,1.8,0.0,2.99,18,9,60.54,20.45,80.99
28.23,0.0,34.34,49.44,9.93,0.0,5.25,19,9,6.71,957.97,964.68
26.12,0.0,16.83,71.37,5.18,0.0,3.91,20,9,0.0,32.55,32.55
23.58,0.0,44.64,72.86,4.3,0.0,2.26,21,9,18.24,4.88,23.12
22.91,0.0,28.61,72.75,2.71,0.0,3.41,22,9,5.53,0.27,5.8
20.58,0.0,32.84,84.86,3.37,0.0,3.52,23,9,0.0,28.89,28.89
21.9,0.0,35.51,72.84,4.47,0.0,2.29,0,9,0.0,7.81,7.81
19.3,0.0,35.31,77.86,5.57,0.0,4.81,1,9,38.83,64.67,103.49
20.19,0.0,45.81,65.01,7.7,0.0,4.44,2,9,12.96,333.16,346.12
22.48,0.0,40.28,73.06,1.63,0.0,2.17,3,9,0.0,0.0,0.0
22.39,0.0,6.4,70.08,2.08,0.0,4.29,4,9,26.63,0.0,26.63
21.04,0.0,19.1,71.57,4.12,0.0,2.63,5,9,16.31,22.9,39.21
21.76,0.0,36.04,60.11,7.51,0.0,3.48,6,9,0.0,285.1,285.1
25.74,257.76,20.15,81.95,3.49,0.0,3.13,7,9,763.73,17.79,781.53
24.91,446.47,22.08,61.47,4.51,0.0,3.4,8,9,1306.0,0.0,1306.0
24.93,559.8,42.43,66.74,2.65,0.0,3.09,9,9,1588.79,8.61,1597.4
24.58,793.34,21.09,57.62,5.82,0.0,4.84,10,9,2220.27,64.18,2284.45
28.51,867.1,24.5,53.2,4.34,0.0,4.51,11,9,2442.13,19.97,2462.11
30.2,927.12,25.95,51.31,3.12,0.0,4.18,12,9,2533.36,0.0,2533.36
28.8,815.97,34.53,76.83,3.98,0.0,3.12,13,9,2335.47,28.31,2363.78
30.69,498.1,65.31,49.32,4.9,0.0,4.24,14,9,1401.25,35.6,1436.85
29.88,593.3,29.1,58.56,2.21,0.0,3.75,15,9,1622.08,10.51,1632.59
29.98,436.45,23.38,59.83,2.91,0.0,3.73,16,9,1173.46,4.61,1178.07
26.02,225.23,13.97,61.87,2.42,0.0,4.21,17,9,615.99,4.16,620.16
28.62,17.23,34.14,57.69,8.08,0.0,3.99,18,9,22.87,432.11,454.99
29.38,0.0,17.09,60.31,0.94,0.0,5.11,19,9,0.0,3.3,3.3
25.77,0.0,19.07,58.17,1.08,0.0,4.5,20,9,20.94,0.0,20.94
25.5,0.0,47.48,75.85,2.98,0.0,4.99,21,9,16.85,0.96,17.81
22.99,0.0,22.79,83.86,3.95,0.0,3.2,22,9,17.98,0.0,17.98
23.46,0.0,73.36,80.85,2.84,0.0,5.55,23,9,0.0,0.0,0.0
21.44,0.0,55.2,57.87,6.27,0.0,3.64,0,9,69.84,106.92,176.75
19.56,0.0,17.67,59.57,1.94,0.0,5.08,1,9,41.83,0.0,41.83
22.47,0.0,47.94,59.48,3.03,0.0,4.55,2,9,7.26,0.0,7.26
21.69,0.0,21.84,77.27,3.68,0.0,4.24,3,9,17.11,26.17,43.27
19.56,0.0,10.1,71.35,2.14,0.0,3.98,4,9,7.27,23.06,30.34
21.72,0.0,23.86,92.12,2.63,0.0,6.0,5,9,6.72,0.0,6.72
22.57,0.0,47.7,72.11,7.72,0.0,5.68,6,9,22.47,317.12,339.59
23.76,264.0,17.11,79.03,3.86,0.0,4.09,7,9,742.73,0.0,742.73
21.47,448.67,22.17,81.93,6.42,0.0,4.09,8,9,1249.45,156.28,1405.74
26.81,652.71,26.87,58.84,2.52,0.0,3.1,9,9,1861.48,0.0,1861.48
25.74,717.73,37.67,61.39,4.38,0.0,2.88,10,9,2043.64,20.48,2064.12
27.26,924.63,9.27,78.64,5.4,0.0,3.51,11,9,2597.4,44.76,2642.16
32.79,764.42,45.9,45.97,3.33,0.0,3.84,12,9,2058.53,14.01,2072.54
30.08,931.43,16.09,61.62,4.45,0.0,4.72,13,9,2554.47,37.39,2591.86
29.55,560.5,52.62,69.12,6.35,0.0,5.88,14,9,1513.37,153.93,1667.3
26.99,599.3,38.36,70.42,1.75,0.0,1.77,15,9,1742.56,0.0,1742.56
32.22,330.36,51.93,57.17,2.98,0.0,2.64,16,9,916.1,0.0,916.1
27.61,239.66,17.97,62.35,5.93,0.0,4.32,17,9,674.06,107.94,782.0
27.33,0.0,21.51,56.13,2.31,0.0,2.36,18,9,6.75,0.0,6.75
27.3,0.0,34.88,58.88,4.06,0.0,5.1,19,9,0.0,16.83,16.83
28.72,0.0,44.85,77.58,3.42,0.0,4.79,20,9,29.72,0.0,29.72
26.46,0.0,25.59,68.88,4.71,0.0,4.59,21,9,0.0,6.74,6.74
23.77,0.0,50.81,65.56,4.73,0.0,2.49,22,9,24.27,6.49,30.76
23.26,0.0,13.0,76.03,4.18,0.0,2.83,23,9,9.1,11.43,20.52
20.74,0.0,22.74,70.43,7.71,0.0,5.06,0,9,17.94,326.3,344.24
21.06,0.0,32.86,64.99,1.98,0.0,2.03,1,9,0.0,17.99,17.99
20.46,0.0,21.51,69.78,6.04,0.0,4.28,2,9,0.0,97.42,97.42
21.63,0.0,4.98,61.72,3.69,0.0,3.26,3,9,0.0,0.0,0.0
21.8,0.0,16.6,85.6,4.69,0.0,2.73,4,9,20.05,35.51,55.56
21.59,0.0,18.22,78.11,2.55,0.0,3.74,5,9,5.75,0.0,5.75
21.1,2.29,27.3,78.64,1.42,0.0,6.67,6,9,0.0,0.0,0.0
23.79,255.51,24.06,66.13,5.52,0.0,4.28,7,9,716.7,69.62,786.32
23.75,468.29,26.38,70.02,2.42,0.0,4.67,8,9,1306.38,0.0,1306.38
23.56,671.85,15.62,66.76,3.17,0.0,3.65,9,9,1932.69,0.0,1932.69
25.87,720.56,36.05,56.64,0.99,0.0,4.97,10,9,1956.0,6.93,1962.93
27.81,945.33,11.82,72.84,4.61,0.0,5.2,11,9,2586.09,10.41,2596.5
30.08,835.47,39.19,69.26,4.85,0.0,3.93,12,9,2322.02,44.42,2366.44
29.24,614.03,60.87,67.1,6.85,0.0,3.26,13,9,1691.09,189.47,1880.55
28.2,613.49,47.93,65.38,6.7,0.0,4.36,14,9,1669.78,167.6,1837.38
30.27,681.4,12.74,55.59,4.97,0.0,4.83,15,9,1850.5,67.67,1918.17
30.18,421.02,27.38,65.45,2.81,0.0,4.46,16,9,1120.58,2.53,1123.1
29.79,241.26,43.78,55.47,3.08,0.0,3.54,17,9,659.95,0.0,659.95
30.1,0.0,26.32,56.19,3.12,0.0,4.64,18,9,0.0,3.2,3.2
29.21,0.0,55.27,56.22,1.68,0.0,3.71,19,9,19.12,2.56,21.68
25.58,0.0,25.53,63.07,7.72,0.0,5.42,20,9,3.24,357.12,360.36
24.26,0.0,40.35,63.88,5.88,0.0,3.99,21,9,33.4,82.17,115.57
22.33,0.0,21.02,78.04,1.78,0.0,2.41,22,9,11.46,4.21,15.66
23.73,0.0,34.89,62.42,7.7,0.0,4.75,23,9,30.68,324.9,355.58
23.7,0.0,21.06,70.46,6.13,0.0,4.32,0,9,0.0,124.94,124.94
20.26,0.0,20.07,79.55,7.13,0.0,3.79,1,9,40.03,237.68,277.71
19.87,0.0,46.51,84.87,2.61,0.0,3.98,2,9,0.0,0.0,0.0
22.26,0.0,2.91,75.35,2.88,0.0,2.74,3,9,0.0,0.0,0.0
20.99,0.0,5.86,58.58,3.59,0.0,3.11,4,9,0.0,9.59,9.59
21.38,0.0,8.62,71.5,2.27,0.0,3.41,5,9,40.51,0.0,40.51
19.74,24.34,55.16,81.03,3.56,0.0,4.75,6,9,90.21,11.32,101.53
23.58,224.63,13.38,62.84,0.5,0.0,4.63,7,9,612.14,0.0,612.14
22.37,232.31,78.45,82.78,6.52,0.11,2.74,8,9,634.83,168.15,802.98
23.36,692.5,6.68,81.42,1.89,0.0,3.81,9,9,1904.81,16.84,1921.65
25.83,843.48,4.92,72.02,3.75,0.0,4.18,10,9,2358.42,0.0,2358.42
26.68,924.7,17.53,74.62,7.32,0.0,4.87,11,9,2536.83,266.71,2803.54
28.26,925.8,25.07,74.76,5.9,0.0,1.52,12,9,2691.6,87.64,2779.24
27.23,857.45,36.16,66.83,5.51,0.0,2.61,13,9,2474.74,56.8,2531.54
31.33,860.47,16.88,68.44,4.34,0.0,3.35,14,9,2387.42,13.22,2400.64
31.75,502.56,55.68,51.67,3.41,0.0,1.56,15,9,1405.18,3.7,1408.88
26.97,376.58,45.27,72.44,3.46,0.0,5.31,16,9,1037.8,0.0,1037.8
30.86,254.64,20.73,65.13,1.36,0.0,4.28,17,9,729.54,0.0,729.54
27.38,0.0,41.99,86.09,1.16,0.0,4.73,18,9,5.77,20.68,26.45
28.85,0.0,21.81,61.3,6.13,0.0,3.41,19,9,0.0,109.94,109.94
26.25,0.0,16.78,77.7,3.26,0.0,4.29,20,9,0.0,0.0,0.0
25.1,0.0,40.65,76.48,1.06,0.0,4.28,21,9,28.73,0.0,28.73
23.49,0.0,19.74,69.95,4.69,0.0,3.64,22,9,6.53,19.33,25.87
24.38,0.0,36.67,55.24,4.83,0.0,5.07,23,9,0.0,12.92,12.92
19.54,0.0,25.02,72.35,2.29,0.0,4.57,0,9,0.0,0.0,0.0
21.52,0.0,45.79,72.28,3.27,0.0,4.31,1,9,2.31,0.0,2.31
21.76,0.0,32.92,80.52,4.15,0.0,3.85,2,9,0.0,4.88,4.88
21.01,0.0,39.25,76.01,4.29,0.0,3.39,3,9,0.0,12.79,12.79
23.6,0.0,24.39,70.96,3.81,0.0,4.15,4,9,0.0,2.86,2.86
19.82,0.0,50.55,81.81,3.03,0.0,4.54,5,9,19.0,11.77,30.77
22.84,0.0,15.99,77.79,1.2,0.0,4.03,6,9,0.0,16.36,16.36
22.28,225.67,40.46,80.02,0.68,0.0,5.56,7,9,618.51,1.32,619.83
25.5,493.41,7.24,61.6,3.53,0.0,3.72,8,9,1401.37,0.0,1401.37
24.93,584.08,35.52,76.85,2.14,0.0,4.83,9,9,1616.82,2.12,1618.94
25.65,723.32,35.95,78.63,7.51,0.0,2.89,10,9,2011.23,286.33,2297.56
29.4,651.35,59.87,85.1,4.55,0.0,3.5,11,9,1831.16,27.88,1859.04
27.74,790.73,39.54,69.68,4.22,0.0,2.69,12,9,2314.13,0.0,2314.13
27.15,928.22,11.69,75.14,3.25,0.0,3.59,13,9,2580.87,0.0,2580.87
28.99,739.36,27.77,67.88,2.85,0.0,5.38,14,9,2030.49,17.22,2047.71
30.87,646.73,17.65,67.02,2.0,0.0,3.03,15,9,1756.67,4.98,1761.64
31.86,472.9,15.14,69.5,1.12,0.0,5.59,16,9,1291.52,23.24,1314.76
29.44,256.4,24.89,50.73,4.51,0.0,3.71,17,9,659.96,0.0,659.96
30.45,12.84,1.56,64.81,5.53,0.0,2.96,18,9,39.37,52.81,92.18
25.4,0.0,60.24,71.13,6.28,0.0,4.04,19,9,1.04,118.16,119.2
25.57,0.0,32.83,63.47,5.11,0.0,3.97,20,9,22.84,43.59,66.43
24.51,0.0,11.96,57.31,6.78,0.0,4.18,21,9,26.85,197.32,224.16
23.47,0.0,17.71,67.12,9.07,0.0,2.71,22,9,0.0,653.71,653.71
22.57,0.0,25.75,74.45,8.13,0.0,4.02,23,9,0.0,398.53,398.53
22.32,0.0,14.82,70.52,4.26,0.0,2.67,0,9,0.0,1.36,1.36
19.82,0.0,16.63,77.49,2.27,0.0,3.73,1,9,0.0,2.1,2.1
20.2,0.0,28.04,67.31,1.51,0.0,3.44,2,9,5.39,0.0,5.39
19.75,0.0,51.75,76.52,10.17,0.0,3.32,3,9,6.4,1048.45,1054.85
18.6,0.0,46.98,79.42,2.73,0.0,4.93,4,9,0.0,0.0,0.0
20.32,0.0,40.32,64.53,0.84,0.0,5.55,5,9,12.51,19.24,31.75
21.07,0.0,11.62,62.77,3.17,0.0,4.48,6,9,16.61,7.25,23.86
22.07,231.35,17.89,78.92,5.28,0.0,3.17,7,9,721.56,52.59,774.15
23.57,405.26,37.1,71.77,6.7,0.0,4.02,8,9,1174.81,153.14,1327.96
24.93,683.95,15.87,60.93,3.63,0.0,5.37,9,9,1899.29,17.65,1916.94
25.46,707.96,32.51,65.13,2.66,0.0,4.85,10,9,1959.74,0.0,1959.74
29.23,985.61,4.06,67.71,5.52,0.0,6.51,11,9,2578.33,90.06,2668.38
26.6,866.41,34.36,59.72,3.77,0.0,2.83,12,9,2430.71,0.78,2431.48
28.07,609.84,61.45,77.67,1.35,0.0,3.21,13,9,1738.58,0.99,1739.57
33.82,629.37,50.79,62.9,6.65,0.0,4.99,14,9,1685.63,152.76,1838.39
28.26,525.56,50.07,71.72,4.65,0.0,4.41,15,9,1428.26,6.96,1435.22
27.62,422.44,39.71,67.23,0.87,0.0,3.17,16,9,1190.15,15.25,1205.41
30.25,265.17,31.44,67.57,0.5,0.0,3.46,17,9,724.75,0.0,724.75
25.24,0.0,60.04,85.64,1.36,0.0,4.37,18,9,0.0,21.5,21.5
26.97,0.0,16.82,63.12,5.91,0.0,4.46,19,9,0.0,78.8,78.8
29.33,0.0,39.16,60.7,3.65,0.0,4.69,20,9,15.68,0.0,15.68
22.5,0.0,44.49,88.84,2.88,0.0,5.97,21,9,0.0,0.0,0.0
20.55,0.0,16.6,84.74,2.41,0.0,6.08,22,9,23.46,0.0,23.46
20.07,0.0,25.97,73.54,3.78,0.0,3.16,23,9,0.0,1.45,1.45
22.51,0.0,25.95,65.71,1.32,0.0,4.86,0,9,2.97,13.21,16.18
22.06,0.0,47.8,69.21,4.41,0.0,3.73,1,9,0.0,32.39,32.39
19.1,0.0,25.25,92.35,3.11,0.0,5.76,2,9,0.0,0.0,0.0
20.72,0.0,19.87,74.85,6.29,0.0,3.77,3,9,0.0,99.51,99.51
21.95,0.0,47.67,81.09,5.33,0.0,3.07,4,9,30.49,43.33,73.82
23.05,0.0,61.48,73.27,0.61,0.0,5.33,5,9,18.41,0.0,18.41
20.79,0.0,56.67,76.62,1.92,0.0,5.6,6,9,0.0,15.06,15.06
18.75,246.08,7.59,81.26,3.61,0.0,3.46,7,9,719.3,0.88,720.18
22.17,397.43,43.65,71.43,4.67,0.0,5.29,8,9,1043.56,16.32,1059.88
24.06,694.46,7.82,68.09,5.04,0.0,3.23,9,9,1985.32,52.67,2037.99
25.6,640.68,49.38,80.93,5.86,0.0,3.6,10,9,1813.53,89.81,1903.34
26.92,660.68,55.47,64.97,1.01,0.0,2.37,11,9,1925.0,0.0,1925.0
29.91,908.8,28.16,67.31,0.61,0.0,5.18,12,9,2479.94,0.0,2479.94
30.94,951.91,10.75,70.48,4.31,0.0,4.63,13,9,2563.86,0.0,2563.86
29.27,671.47,44.08,68.45,5.1,0.0,3.82,14,9,1881.76,46.35,1928.12
31.35,699.49,7.19,67.48,5.59,0.0,3.93,15,9,1943.41,77.37,2020.79
30.06,473.77,8.89,49.88,1.85,0.0,4.44,16,9,1321.73,24.02,1345.75
29.13,186.01,51.3,65.93,8.38,0.0,4.41,17,9,501.8,455.5,957.3
29.59,0.0,10.52,73.79,2.3,0.0,4.72,18,9,56.37,8.51,64.88
27.31,0.0,65.03,84.29,2.42,0.0,3.2,19,9,0.0,0.0,0.0
29.08,0.0,50.68,73.44,1.84,0.0,4.89,20,9,4.07,2.74,6.81
22.54,0.0,20.01,74.03,0.95,0.0,4.32,21,9,0.0,0.0,0.0
22.63,0.0,7.38,76.55,5.8,0.0,2.77,22,9,55.14,86.54,141.68
22.01,0.0,11.58,78.42,0.5,0.0,6.17,23,9,0.0,14.26,14.26
21.7,0.0,48.25,56.67,3.55,0.0,3.36,0,9,0.0,13.42,13.42
22.15,0.0,74.59,63.19,1.4,0.0,3.36,1,9,38.0,0.0,38.0
19.71,0.0,18.56,76.5,0.96,0.0,3.51,2,9,0.0,0.0,0.0
17.45,0.0,55.99,77.45,7.43,0.0,3.66,3,9,0.0,265.06,265.06
21.01,0.0,35.11,70.78,5.94,0.0,3.46,4,9,0.0,115.29,115.29
21.38,0.0,30.16,76.45,3.19,0.0,3.87,5,9,21.62,24.15,45.77
18.13,0.0,35.73,81.28,3.52,0.0,4.99,6,9,12.76,13.25,26.01
22.07,222.0,34.54,60.24,6.4,0.0,4.5,7,9,637.0,128.06,765.06
20.9,487.3,11.98,62.93,5.68,0.0,3.37,8,9,1430.72,95.86,1526.58
23.58,582.39,37.67,67.38,4.88,0.0,4.93,9,9,1634.65,27.24,1661.88
24.52,712.08,42.46,74.08,3.95,0.0,5.56,10,9,1969.45,0.15,1969.6
28.29,919.93,13.8,63.41,4.35,0.0,4.02,11,9,2571.61,0.0,2571.61
28.29,719.71,54.52,60.72,3.18,0.0,4.19,12,9,2020.56,22.43,2042.99
26.98,877.84,27.32,78.06,3.9,0.0,3.94,13,9,2431.96,9.88,2441.84
30.73,856.98,5.26,67.46,3.96,0.0,3.41,14,9,2385.14,2.99,2388.13
27.43,677.63,11.71,64.69,6.37,0.0,2.15,15,9,1982.75,144.34,2127.08
29.9,486.29,10.66,77.57,2.24,0.0,4.03,16,9,1270.75,0.0,1270.75
27.69,265.66,19.21,66.58,2.39,0.0,7.25,17,9,704.02,8.16,712.18
27.57,21.54,46.55,73.56,2.19,0.0,4.05,18,9,73.1,2.04,75.14
27.83,0.0,40.5,57.9,4.19,0.0,3.17,19,9,0.0,0.26,0.26
26.65,0.0,6.55,55.83,4.9,0.0,4.97,20,9,0.0,13.8,13.8
26.58,0.0,10.0,60.65,2.35,0.0,4.15,21,9,0.17,15.13,15.3
23.16,0.0,72.66,75.5,4.78,0.0,4.94,22,9,35.35,0.0,35.35
22.54,0.0,3.66,70.93,4.48,0.0,4.74,23,9,0.0,0.0,0.0
20.27,0.0,31.69,73.31,2.8,0.0,4.16,0,9,0.0,0.0,0.0
20.4,0.0,3.58,76.4,2.3,0.0,4.53,1,9,6.34,0.0,6.34
20.29,0.0,10.79,75.87,6.58,0.0,5.93,2,9,0.0,158.64,158.64
19.31,0.0,58.6,85.66,4.13,0.0,4.27,3,9,0.0,8.47,8.47
16.92,0.0,29.03,74.25,4.96,0.0,5.87,4,9,0.0,15.19,15.19
20.63,0.0,4.45,62.87,7.25,0.0,4.93,5,9,26.73,242.22,268.95
21.47,8.25,14.3,86.32,2.16,0.0,5.32,6,9,33.7,15.62,49.33
20.94,245.81,9.29,70.14,2.96,0.0,5.12,7,9,693.18,0.88,694.06
21.24,415.45,48.88,83.15,3.4,0.0,4.15,8,9,1157.06,10.3,1167.37
26.67,639.11,18.91,70.22,2.32,0.0,5.73,9,9,1743.81,0.0,1743.81
26.49,792.95,27.46,78.97,6.1,0.0,4.87,10,9,2215.45,105.41,2320.86
26.61,881.73,28.25,62.08,1.33,0.0,3.9,11,9,2494.09,10.81,2504.91
26.29,724.37,52.54,74.42,2.35,0.0,3.11,12,9,2037.73,1.34,2039.07
27.56,747.95,44.03,63.69,2.07,0.0,5.19,13,9,2028.89,0.0,2028.89
31.24,586.42,56.96,56.16,7.88,0.0,2.85,14,9,1658.8,368.8,2027.6
29.66,700.74,12.24,76.85,4.47,0.0,3.58,15,9,1948.67,17.84,1966.52
28.46,460.31,7.51,58.88,5.05,0.0,3.17,16,9,1308.18,32.54,1340.72
29.55,223.68,23.74,57.21,1.52,0.0,5.27,17,9,612.78,7.81,620.59
26.77,0.0,63.47,57.93,2.09,0.0,4.88,18,9,0.0,0.0,0.0
29.21,0.0,47.35,60.37,5.8,0.0,4.71,19,9,19.4,79.09,98.49
27.78,0.0,38.6,66.93,4.12,0.0,4.66,20,9,0.0,6.67,6.67
23.76,0.0,30.23,69.19,0.97,0.0,4.57,21,9,0.0,11.69,11.69
22.22,0.0,13.79,75.44,4.11,0.0,6.07,22,9,0.0,11.01,11.01
18.03,0.0,35.69,64.72,3.61,0.0,3.06,23,9,0.0,0.0,0.0
18.58,0.0,2.47,76.39,1.84,0.0,5.76,0,9,0.0,0.0,0.0
18.0,0.0,48.66,66.0,4.27,0.0,4.38,1,9,0.77,0.0,0.77
19.71,0.0,38.76,71.83,1.97,0.0,6.22,2,9,7.03,0.0,7.03
18.85,0.0,22.03,74.48,5.81,0.0,5.0,3,9,0.0,83.92,83.92
17.49,0.0,35.81,77.76,4.42,0.0,5.44,4,9,0.0,0.0,0.0
19.59,0.0,17.2,78.37,6.44,0.0,4.83,5,9,0.0,141.65,141.65
21.56,5.84,17.88,63.03,3.35,0.0,3.5,6,9,14.47,0.0,14.47
22.63,203.32,43.13,68.26,3.81,0.0,4.55,7,9,556.23,18.25,574.48
20.19,392.02,43.07,93.05,5.38,0.0,4.56,8,9,1075.05,52.38,1127.43
24.15,683.06,9.78,69.4,4.0,0.0,5.11,9,9,1890.21,6.88,1897.09
23.56,805.89,20.06,69.19,4.15,0.0,5.16,10,9,2239.67,0.0,2239.67
28.19,875.46,26.15,49.78,4.04,0.0,5.55,11,9,2399.14,0.0,2399.14
29.05,848.8,39.25,65.48,3.7,0.0,5.08,12,9,2339.77,0.23,2340.01
27.32,882.03,18.62,53.51,5.76,0.0,4.39,13,9,2440.28,87.03,2527.32
28.02,699.32,39.5,45.53,3.67,0.0,3.6,14,9,1988.66,0.33,1988.99
28.65,466.21,60.85,68.14,6.84,0.0,5.25,15,9,1262.71,182.39,1445.11
25.79,486.44,10.28,71.53,5.79,0.0,3.3,16,9,1439.85,71.54,1511.39
29.17,211.44,40.41,51.08,4.89,0.0,4.92,17,9,575.84,35.12,610.96
27.46,0.0,10.34,54.8,6.81,0.0,5.52,18,9,0.0,182.7,182.7
28.29,0.0,39.82,58.79,3.95,0.0,4.91,19,9,0.0,0.0,0.0
23.98,0.0,15.31,85.76,5.91,0.0,3.65,20,9,0.0,96.0,96.0
23.41,0.0,40.93,73.14,2.37,0.0,4.33,21,9,44.01,27.2,71.21
20.78,0.0,17.25,78.67,1.24,0.0,4.53,22,9,25.44,0.0,25.44
20.33,0.0,15.77,84.44,4.84,0.0,4.46,23,9,28.61,33.5,62.11
18.91,0.0,28.91,88.49,2.7,0.0,4.87,0,9,24.24,0.0,24.24
21.38,0.0,14.57,74.5,4.52,0.0,5.34,1,9,24.18,19.51,43.69
18.34,0.0,7.58,80.65,1.28,0.0,4.24,2,9,36.48,26.69,63.16
19.4,0.0,9.63,75.85,7.94,0.0,5.2,3,9,0.0,357.83,357.83
18.82,0.0,8.95,60.62,3.83,0.0,5.07,4,9,0.0,9.09,9.09
17.98,0.0,49.31,79.73,0.5,0.0,5.47,5,9,13.58,0.31,13.89
20.43,0.0,29.69,70.11,3.62,0.0,4.16,6,9,13.32,0.0,13.32
22.62,221.29,51.87,48.45,5.62,0.0,4.77,7,9,627.32,77.73,705.05
21.11,469.64,15.11,67.43,6.37,0.0,4.12,8,9,1322.48,107.2,1429.68
25.43,669.43,17.5,64.53,3.54,0.0,4.4,9,9,1858.5,12.81,1871.31
24.24,581.37,58.02,77.24,1.65,0.0,4.08,10,9,1643.4,0.0,1643.4
25.99,958.33,10.47,66.54,6.92,0.0,3.84,11,9,2682.89,203.21,2886.1
28.55,879.24,25.7,58.76,8.97,0.0,6.02,12,9,2344.36,637.05,2981.41
27.55,737.96,43.45,55.36,1.15,0.0,5.03,13,9,2034.14,0.0,2034.14
29.1,661.25,49.12,62.22,1.28,0.0,3.56,14,9,1827.46,8.73,1836.19
28.75,721.83,11.61,65.65,4.11,0.0,4.41,15,9,2014.36,16.96,2031.32
29.24,412.77,35.69,68.32,3.93,0.0,3.58,16,9,1125.04,3.61,1128.65
24.98,223.55,13.88,75.54,4.24,0.0,4.63,17,9,644.72,23.33,668.05
25.01,0.0,71.91,57.52,2.78,0.0,4.31,18,9,0.0,25.01,25.01
27.64,0.0,15.31,67.79,1.02,0.0,4.69,19,9,0.0,25.37,25.37
27.07,0.0,25.89,65.13,4.19,0.0,2.67,20,9,40.61,39.28,79.89
22.85,0.0,14.87,69.47,1.82,0.0,2.9,21,9,34.55,0.0,34.55
22.56,0.0,47.95,73.51,2.91,0.0,4.41,22,9,0.0,0.0,0.0
22.16,0.0,47.98,86.04,4.21,0.0,5.33,23,9,1.81,13.29,15.1
21.6,0.0,41.71,70.68,2.18,0.0,4.69,0,9,0.0,0.0,0.0
16.73,0.0,12.33,79.74,3.98,0.0,3.84,1,9,17.47,22.29,39.75
17.94,0.0,42.36,69.46,5.04,0.0,3.71,2,9,6.92,18.31,25.23
18.6,0.0,8.72,67.81,1.17,0.0,5.85,3,9,0.0,0.0,0.0
20.32,0.0,6.1,65.35,4.42,0.0,3.67,4,9,0.0,10.73,10.73
23.52,0.0,27.43,57.98,3.8,0.0,4.88,5,9,18.42,7.57,25.99
20.22,3.27,36.21,69.34,1.44,0.0,3.41,6,9,17.96,0.5,18.45
19.49,192.88,58.01,89.7,4.98,0.0,4.34,7,9,505.05,39.82,544.87
23.41,462.61,4.21,64.5,2.75,0.0,5.45,8,9,1273.4,8.18,1281.58
26.08,701.22,9.19,64.97,2.02,0.0,3.26,9,9,1970.29,12.06,1982.35
25.55,805.68,17.8,56.98,2.59,0.0,3.8,10,9,2278.64,9.14,2287.78
25.24,909.81,19.76,66.92,4.0,0.0,5.69,11,9,2493.5,4.27,2497.76
29.07,661.02,56.48,55.39,4.19,0.0,5.95,12,9,1781.47,5.99,1787.46
29.42,870.72,28.84,60.92,1.94,0.0,5.72,13,9,2359.52,0.0,2359.52
27.39,758.14,32.37,63.31,7.47,0.0,5.0,14,9,2055.07,308.9,2363.97
29.67,511.78,48.88,62.43,2.84,0.0,2.84,15,9,1445.63,0.0,1445.63
30.42,380.67,44.14,71.34,2.52,0.0,3.83,16,9,1081.17,8.53,1089.7
30.2,213.43,31.44,77.02,2.05,0.0,5.06,17,9,600.44,0.0,600.44
27.53,1.14,37.13,80.14,1.61,0.0,3.51,18,9,0.0,39.99,39.99
26.06,0.0,37.94,68.59,9.02,0.0,3.51,19,9,5.86,631.27,637.13
27.23,0.0,1.0,67.7,4.77,0.0,5.81,20,9,0.0,10.36,10.36
22.28,0.0,32.7,73.01,5.6,0.0,3.66,21,9,17.65,97.86,115.51
23.46,0.0,37.18,77.0,3.22,0.0,6.21,22,9,0.0,0.0,0.0
19.54,0.0,47.22,70.03,3.29,0.0,5.29,23,9,0.0,4.74,4.74
22.04,0.0,43.4,64.41,9.37,0.0,5.27,0,9,19.21,724.78,743.99
19.26,0.0,16.46,59.85,2.13,0.0,4.68,1,9,47.54,0.38,47.92
21.05,0.0,16.96,80.87,2.83,0.0,7.11,2,9,24.93,0.0,24.93
19.72,0.0,6.79,77.13,2.1,0.0,5.15,3,9,32.07,4.33,36.4
17.31,0.0,9.65,71.65,2.59,0.0,4.35,4,9,0.0,0.0,0.0
21.79,0.0,37.27,85.7,4.7,0.0,4.52,5,9,26.41,19.24,45.65
22.77,0.0,21.88,66.38,2.74,0.0,5.0,6,9,25.42,22.18,47.59
22.8,224.01,44.26,83.7,6.5,0.0,4.96,7,9,637.88,164.25,802.13
21.54,519.14,10.22,66.17,1.0,0.0,5.03,8,9,1405.8,2.93,1408.73
23.52,691.91,6.11,72.23,2.98,0.0,5.09,9,9,1944.58,20.2,1964.78
25.49,599.38,52.29,71.93,6.32,0.0,5.19,10,9,1676.02,146.6,1822.62
25.42,930.93,20.74,64.24,4.43,0.0,3.05,11,9,2659.41,31.96,2691.37
30.05,923.59,21.29,52.61,5.46,0.0,5.13,12,9,2496.63,87.2,2583.82
28.53,969.81,2.22,65.02,2.81,0.0,5.82,13,9,2642.52,0.96,2643.49
24.75,748.3,31.59,63.08,3.06,0.0,4.76,14,9,2052.06,12.08,2064.13
29.49,647.28,22.27,50.95,6.66,0.0,4.91,15,9,1753.88,178.56,1932.43
28.29,478.31,9.99,50.54,5.3,0.0,4.75,16,9,1361.13,41.39,1402.52
28.2,184.5,32.84,66.66,3.13,0.0,4.68,17,9,485.05,5.9,490.95
26.96,35.35,44.76,48.24,2.22,0.0,5.18,18,9,140.13,7.42,147.55
27.69,0.0,17.17,63.43,1.51,0.0,4.7,19,9,0.0,9.29,9.29
26.95,0.0,39.91,72.71,6.33,0.0,4.69,20,9,0.0,112.2,112.2
24.4,0.0,39.26,57.61,4.92,0.0,4.39,21,9,25.16,6.88,32.03
22.18,0.0,3.6,61.57,4.35,0.0,3.9,22,9,13.93,17.55,31.48
21.42,0.0,8.75,75.81,5.51,0.0,3.11,23,9,50.84,63.85,114.69
20.35,0.0,13.26,53.32,7.07,0.0,4.49,0,9,0.0,232.3,232.3
18.33,0.0,14.83,76.43,5.39,0.0,4.32,1,9,0.0,63.7,63.7
19.9,0.0,24.97,71.17,3.32,0.0,6.39,2,9,5.57,1.74,7.3
19.55,0.0,45.18,87.05,1.98,0.0,5.24,3,9,0.0,0.0,0.0
21.34,0.0,25.59,86.15,5.03,0.0,4.56,4,9,23.63,29.36,52.98
21.41,0.0,32.48,75.91,2.4,0.0,4.95,5,9,15.58,1.18,16.75
19.3,0.0,39.16,70.19,5.56,0.0,4.93,6,9,7.29,63.39,70.68
22.59,212.15,27.76,72.49,2.89,0.0,5.61,7,9,638.39,0.0,638.39
21.14,467.04,15.96,80.6,1.86,0.0,4.25,8,9,1259.9,4.21,1264.1
24.9,679.92,12.19,74.68,2.44,0.0,5.38,9,9,1867.3,5.86,1873.16
24.38,806.18,18.86,50.85,2.51,0.0,3.94,10,9,2273.38,22.5,2295.88
24.83,730.7,46.09,57.39,3.11,0.0,4.47,11,9,2071.51,0.0,2071.51
27.82,965.33,17.04,71.61,2.45,0.0,3.74,12,9,2719.95,12.3,2732.25
24.18,987.61,5.12,59.68,2.28,0.0,3.37,13,9,2792.85,0.62,2793.47
26.06,736.73,33.63,70.37,3.17,0.0,6.74,14,9,1949.44,0.0,1949.44
28.59,712.74,5.15,71.18,6.4,0.0,5.08,15,9,1929.97,133.5,2063.46
28.81,452.9,19.54,69.15,1.22,0.0,4.81,16,9,1234.97,0.0,1234.97
27.64,245.79,14.87,69.64,2.67,0.0,4.14,17,9,719.9,0.0,719.9
25.03,9.27,26.72,65.0,4.09,0.0,5.78,18,9,40.78,6.67,47.45
25.13,0.0,11.69,57.75,6.48,0.0,5.05,19,9,0.0,162.16,162.16
25.74,0.0,23.73,82.43,2.6,0.0,4.55,20,9,0.0,0.0,0.0
24.73,0.0,27.44,53.75,2.95,0.0,3.53,21,9,30.47,0.0,30.47
22.54,0.0,3.33,72.85,5.69,0.0,5.92,22,9,0.0,81.99,81.99
23.1,0.0,8.28,66.72,3.07,0.0,4.63,23,9,26.94,5.75,32.69
20.8,0.0,41.42,84.6,6.22,0.0,4.09,0,9,8.43,121.87,130.31
18.29,0.0,28.19,77.27,3.51,0.0,4.55,1,9,16.0,9.0,25.0
18.49,0.0,35.99,69.77,4.13,0.0,6.43,2,9,47.99,0.0,47.99
16.64,0.0,22.34,75.22,4.08,0.0,5.81,3,9,0.0,8.23,8.23
18.75,0.0,69.5,83.55,1.6,0.0,4.44,4,9,0.0,0.0,0.0
21.08,0.0,14.15,82.2,2.98,0.0,7.43,5,9,0.0,24.81,24.81
21.23,0.0,72.45,78.65,2.37,0.0,4.96,6,9,0.68,0.0,0.68
23.34,226.18,9.12,71.79,4.82,0.0,3.3,7,9,645.31,31.12,676.44
21.99,432.71,39.44,64.79,7.41,0.0,4.84,8,9,1189.14,242.05,1431.19
25.76,571.8,39.0,62.2,2.2,0.0,4.26,9,9,1634.99,0.0,1634.99
24.75,719.5,31.84,72.94,1.39,0.0,5.4,10,9,1987.07,21.7,2008.77
28.45,814.13,33.25,72.93,3.78,0.0,4.75,11,9,2253.44,4.52,2257.96
27.24,1027.8,8.17,54.39,3.17,0.0,4.12,12,9,2831.39,0.0,2831.39
29.13,852.8,33.5,50.32,0.86,0.0,5.27,13,9,2280.8,0.0,2280.8
30.78,852.93,12.2,60.35,7.18,0.0,3.3,14,9,2359.51,242.1,2601.61
28.45,680.0,17.77,66.66,7.55,0.0,5.0,15,9,1880.72,303.76,2184.48
28.9,436.32,24.55,65.59,6.2,0.0,7.12,16,9,1111.8,111.19,1222.99
30.01,199.55,34.71,67.21,2.58,0.0,5.91,17,9,508.04,2.74,510.78
27.08,11.16,13.0,62.16,1.63,0.0,3.6,18,9,0.0,0.0,0.0
24.26,0.0,4.08,79.7,4.26,0.0,6.25,19,9,0.0,17.58,17.58
28.25,0.0,37.02,77.15,2.59,0.0,4.91,20,9,10.96,16.82,27.78
23.04,0.0,54.08,75.55,2.14,0.0,4.13,21,9,37.95,0.0,37.95
22.69,0.0,49.56,67.61,4.56,0.0,4.85,22,9,16.7,21.56,38.27
22.98,0.0,33.54,49.04,5.3,0.0,5.88,23,9,7.97,46.82,54.79
19.18,0.0,43.81,70.58,3.9,0.0,4.29,0,9,0.0,0.0,0.0
17.78,0.0,39.48,78.68,2.79,0.0,3.3,1,9,8.24,13.54,21.79
19.17,0.0,41.01,81.03,3.81,0.0,3.95,2,9,0.0,0.0,0.0
15.93,0.0,45.81,76.98,4.31,0.0,4.9,3,9,15.25,6.79,22.04
18.36,0.0,13.68,76.04,1.04,0.0,3.86,4,9,0.0,6.64,6.64
19.66,0.0,28.1,88.86,3.45,0.0,4.98,5,9,12.19,27.67,39.86
19.68,14.26,72.29,66.52,4.3,0.0,4.42,6,9,0.0,24.45,24.45
18.81,240.53,25.55,63.03,1.68,0.0,3.63,7,9,629.86,0.0,629.86
24.72,461.34,30.56,50.09,3.47,0.0,5.33,8,9,1304.01,12.87,1316.87
23.78,653.59,20.22,78.04,2.94,0.0,5.29,9,9,1784.84,7.85,1792.69
27.06,635.41,52.84,55.75,6.4,0.0,5.12,10,9,1777.62,137.02,1914.64
25.73,909.01,17.37,65.22,3.69,0.0,3.03,11,9,2609.21,18.48,2627.69
25.84,887.55,30.33,74.48,3.35,0.0,3.63,12,9,2493.0,13.09,2506.08
28.36,987.41,3.67,77.27,2.38,0.0,5.47,13,9,2683.89,27.07,2710.96
28.13,870.51,9.5,65.58,8.0,0.0,4.53,14,9,2400.22,381.97,2782.19
26.86,342.14,77.37,58.66,8.11,2.58,5.56,15,9,960.03,412.98,1373.01
30.66,390.75,41.08,64.93,3.04,0.0,3.86,16,9,1056.2,25.51,1081.71
27.02,261.27,19.7,58.03,7.32,0.0,3.76,17,9,754.86,250.38,1005.24
24.4,0.0,14.68,69.09,4.42,0.0,4.29,18,9,0.0,11.51,11.51
28.12,0.0,32.75,54.01,5.55,0.0,4.8,19,9,0.0,62.22,62.22
24.16,0.0,45.59,63.24,1.38,0.0,5.26,20,9,0.0,2.76,2.76
22.71,0.0,5.1,89.69,0.66,0.0,4.96,21,9,0.0,13.59,13.59
19.68,0.0,22.6,83.93,3.82,0.0,5.3,22,9,0.0,13.52,13.52
23.73,0.0,15.22,65.07,1.26,0.0,5.31,23,9,0.0,0.0,0.0
18.04,0.0,47.7,73.77,6.71,0.0,4.21,0,10,0.0,179.09,179.09
19.26,0.0,9.58,81.61,5.89,0.0,6.08,1,10,0.0,106.46,106.46
20.04,0.0,19.27,71.6,5.04,0.0,4.26,2,10,0.0,54.17,54.17
19.14,0.0,12.09,85.72,0.8,0.0,3.87,3,10,35.35,38.39,73.75
18.59,0.0,23.46,64.1,3.52,0.0,5.15,4,10,0.0,16.89,16.89
16.62,0.0,4.51,78.47,1.28,0.0,4.58,5,10,0.0,0.0,0.0
18.76,0.0,29.49,70.05,7.31,0.0,6.14,6,10,0.0,260.07,260.07
21.29,232.96,20.56,75.48,4.38,0.0,4.53,7,10,671.74,10.12,681.86
21.03,472.07,16.43,74.7,1.86,0.0,4.1,8,10,1274.24,0.0,1274.24
23.81,660.73,15.7,70.6,4.08,0.0,4.41,9,10,1841.33,7.27,1848.61
25.82,825.89,17.43,71.4,1.6,0.0,5.13,10,10,2276.37,10.78,2287.15
27.45,947.1,16.93,68.23,1.79,0.0,5.2,11,10,2558.81,0.0,2558.81
25.2,910.29,24.1,59.62,1.31,0.0,3.82,12,10,2558.82,0.0,2558.82
31.13,874.31,22.61,60.73,6.45,0.0,5.01,13,10,2349.0,118.32,2467.32
29.49,856.08,5.22,62.73,4.0,0.0,4.4,14,10,2354.92,0.0,2354.92
28.5,683.37,10.0,64.38,2.84,0.0,4.68,15,10,1864.09,7.99,1872.08
29.97,513.48,7.98,80.61,0.5,0.0,4.61,16,10,1361.01,8.9,1369.91
31.38,242.15,11.31,61.55,3.6,0.0,5.23,17,10,673.66,3.92,677.58
24.88,9.75,40.84,82.23,3.82,0.0,5.55,18,10,29.47,27.22,56.69
25.67,0.0,17.55,52.56,2.88,0.0,4.89,19,10,3.33,4.93,8.25
21.23,0.0,30.12,68.82,3.66,0.0,6.3,20,10,36.25,0.0,36.25
23.79,0.0,23.39,68.41,1.47,0.0,6.31,21,10,0.0,12.39,12.39
22.76,0.0,2.3,84.01,7.19,0.0,5.37,22,10,33.89,214.04,247.93
20.95,0.0,9.94,56.33,2.46,0.0,5.74,23,10,3.14,26.62,29.76
18.87,0.0,20.08,84.1,7.75,0.0,3.83,0,10,0.0,358.41,358.41
15.98,0.0,8.93,84.09,3.71,0.0,4.85,1,10,0.0,34.0,34.0
19.12,0.0,11.25,80.35,6.27,0.0,3.54,2,10,24.32,142.78,167.1
20.57,0.0,29.88,72.67,4.18,0.0,4.87,3,10,0.0,24.83,24.83
17.67,0.0,45.3,79.03,6.14,0.0,4.46,4,10,4.18,132.53,136.71
19.72,0.0,25.96,74.91,0.5,0.0,4.88,5,10,30.45,3.1,33.56
17.5,2.54,36.69,72.55,2.04,0.0,4.4,6,10,37.77,0.0,37.77
21.57,243.91,19.18,80.3,2.97,0.0,4.73,7,10,662.89,12.83,675.72
21.5,419.62,33.76,73.83,2.67,0.0,5.33,8,10,1137.19,19.89,1157.08
22.24,659.56,19.49,66.02,7.71,0.0,4.08,9,10,1832.38,352.66,2185.03
23.54,587.7,58.36,74.02,3.19,0.0,4.94,10,10,1641.52,0.0,1641.52
25.3,952.51,12.58,66.95,8.51,0.0,5.28,11,10,2611.52,466.96,3078.48
27.5,842.69,27.56,62.41,4.62,0.0,4.47,12,10,2356.4,33.09,2389.49
25.75,789.21,41.14,54.52,6.05,0.0,3.78,13,10,2190.89,117.69,2308.58
27.62,821.25,15.3,61.66,3.18,0.0,4.97,14,10,2261.8,0.0,2261.8
28.33,631.01,29.73,60.41,2.07,0.0,5.75,15,10,1707.18,0.0,1707.18
26.57,398.84,43.71,69.55,1.02,0.0,5.34,16,10,1090.43,1.71,1092.14
30.41,223.27,30.64,59.42,4.65,0.0,4.24,17,10,627.87,19.88,647.75
25.64,10.51,12.44,89.7,8.5,0.0,4.41,18,10,19.4,487.73,507.13
24.88,0.0,15.92,56.86,1.6,0.0,4.36,19,10,32.34,14.85,47.19
23.21,0.0,31.25,61.17,5.47,0.0,3.51,20,10,0.0,63.12,63.12
26.09,0.0,32.22,63.38,3.03,0.0,6.79,21,10,24.38,6.47,30.85
22.92,0.0,33.0,74.41,10.09,0.0,5.1,22,10,0.0,1031.95,1031.95
19.48,0.0,63.9,73.0,6.43,0.0,5.77,23,10,0.0,169.9,169.9
21.39,0.0,48.0,68.43,2.3,0.0,4.81,0,10,0.0,0.0,0.0
19.24,0.0,4.77,66.35,5.42,0.0,3.58,1,10,0.0,78.16,78.16
18.83,0.0,16.4,79.84,5.18,0.0,5.59,2,10,0.0,54.14,54.14
17.75,0.0,31.21,95.0,5.4,0.0,6.45,3,10,0.0,45.94,45.94
17.32,0.0,27.51,69.75,1.32,0.0,3.92,4,10,35.01,0.94,35.95
19.45,0.0,6.64,80.26,5.79,0.0,3.35,5,10,1.69,99.06,100.75
18.92,43.66,17.29,88.85,2.48,0.0,5.16,6,10,141.87,1.62,143.49
23.5,201.38,43.4,71.93,4.25,0.0,7.0,7,10,512.73,24.3,537.02
20.07,496.66,5.31,77.62,1.58,0.0,5.01,8,10,1384.54,0.0,1384.54
25.58,701.55,3.93,67.66,4.07,0.0,4.14,9,10,1990.96,0.0,1990.96
24.4,714.38,38.42,84.04,6.93,0.0,6.25,10,10,1927.38,183.81,2111.19
26.22,984.0,4.38,73.92,1.99,0.0,4.73,11,10,2736.8,0.0,2736.8
28.06,734.32,50.07,74.44,6.25,0.0,4.4,12,10,2025.56,136.47,2162.03
26.66,818.19,30.21,65.97,3.4,0.0,5.49,13,10,2235.54,8.89,2244.43
29.4,818.88,18.64,69.16,2.81,0.0,5.89,14,10,2187.32,9.9,2197.22
24.21,651.18,20.22,69.35,1.09,0.0,3.34,15,10,1834.49,0.0,1834.49
27.02,389.98,37.94,72.75,3.9,0.0,5.41,16,10,1104.35,0.09,1104.44
26.21,214.96,23.04,64.29,2.13,0.0,3.84,17,10,598.04,0.0,598.04
24.93,0.0,25.46,78.44,7.55,0.0,3.93,18,10,65.99,291.09,357.08
25.45,0.0,41.09,72.82,2.35,0.0,5.68,19,10,5.46,22.41,27.87
25.14,0.0,55.96,65.16,4.23,0.0,4.72,20,10,4.81,19.81,24.62
24.32,0.0,17.63,76.81,4.07,0.0,4.08,21,10,13.79,3.02,16.81
22.34,0.0,13.29,69.67,2.88,0.0,5.84,22,10,0.0,0.0,0.0
19.77,0.0,65.35,65.4,6.22,0.0,5.5,23,10,33.91,107.33,141.23
20.17,0.0,6.47,72.55,2.02,0.0,4.99,0,10,2.83,0.0,2.83
19.01,0.0,14.61,74.01,5.86,0.0,4.41,1,10,12.5,101.14,113.64
19.73,0.0,6.87,66.06,2.17,0.0,4.41,2,10,0.0,0.0,0.0
19.32,0.0,30.48,79.81,0.9,0.0,3.4,3,10,4.14,20.66,24.8
18.37,0.0,30.47,80.33,7.64,0.0,6.66,4,10,0.0,339.12,339.12
17.48,0.0,17.55,77.9,4.53,0.0,5.15,5,10,54.42,23.07,77.49
18.64,0.0,56.36,83.17,4.49,0.0,3.89,6,10,2.64,21.87,24.51
19.83,245.47,23.8,72.28,2.5,0.0,7.01,7,10,649.39,9.61,659.01
21.39,407.98,39.21,61.44,1.74,0.0,4.71,8,10,1123.46,0.0,1123.46
23.56,603.7,30.74,65.53,4.98,0.0,5.64,9,10,1660.18,11.58,1671.75
25.52,832.04,17.78,61.72,3.85,0.0,4.38,10,10,2310.7,9.07,2319.76
25.58,785.19,38.96,65.38,2.78,0.0,4.83,11,10,2156.57,0.0,2156.57
26.71,710.02,49.31,67.76,2.78,0.0,4.85,12,10,1975.35,0.0,1975.35
27.7,915.0,13.96,81.95,6.68,0.0,5.43,13,10,2466.37,170.42,2636.79
27.21,717.57,29.39,54.05,6.68,0.0,6.07,14,10,1883.88,145.66,2029.54
26.77,727.14,16.03,73.99,2.55,0.0,4.56,15,10,2031.03,9.11,2040.14
25.35,511.39,11.49,60.55,5.66,0.0,4.82,16,10,1433.36,75.85,1509.21
26.44,216.59,18.81,70.94,2.28,0.0,6.4,17,10,582.25,20.97,603.23
27.4,0.0,44.78,61.03,5.78,0.0,5.43,18,10,0.0,58.78,58.78
24.6,0.0,54.7,71.33,1.65,0.0,4.89,19,10,0.0,0.0,0.0
24.09,0.0,64.43,83.14,5.36,0.0,5.99,20,10,10.28,42.48,52.75
23.85,0.0,28.59,58.51,4.05,0.0,4.68,21,10,0.82,24.7,25.52
22.64,0.0,46.77,74.31,1.59,0.0,4.48,22,10,18.96,10.32,29.27
19.04,0.0,19.7,78.98,4.4,0.0,5.23,23,10,14.14,29.29,43.44
21.0,0.0,19.32,81.99,2.08,0.0,5.06,0,10,0.0,4.84,4.84
20.4,0.0,48.77,75.1,2.09,0.0,4.54,1,10,4.66,0.0,4.66
16.51,0.0,30.71,95.0,3.47,0.0,5.29,2,10,8.84,8.34,17.18
16.8,0.0,57.74,88.31,8.21,0.0,3.39,3,10,0.0,427.92,427.92
20.0,0.0,5.7,80.06,6.72,0.0,4.44,4,10,0.0,192.18,192.18
18.49,0.0,50.18,79.76,5.96,0.0,3.59,5,10,0.0,82.19,82.19
16.17,0.0,23.57,84.33,6.21,0.0,3.8,6,10,15.11,121.33,136.43
18.44,221.35,36.97,77.97,3.73,0.0,3.31,7,10,602.23,7.35,609.58
21.37,446.63,27.37,74.51,3.08,0.0,4.82,8,10,1246.35,0.0,1246.35
21.29,571.2,32.12,61.3,6.6,0.0,4.4,9,10,1595.78,161.49,1757.27
23.71,732.09,33.58,75.23,1.31,0.0,5.33,10,10,1972.1,5.35,1977.45
25.59,763.57,39.81,72.89,10.6,0.0,5.39,11,10,2127.48,1231.47,3358.95
28.77,929.46,16.42,67.32,4.04,0.0,6.24,12,10,2499.39,17.63,2517.02
26.93,931.16,8.86,69.72,3.97,0.0,4.22,13,10,2574.77,0.0,2574.77
29.48,699.22,44.33,69.71,2.64,0.0,5.18,14,10,1906.21,0.0,1906.21
30.18,653.44,21.39,66.47,1.94,0.0,4.69,15,10,1790.64,0.0,1790.64
30.02,505.45,8.6,63.68,4.81,0.0,5.34,16,10,1338.97,11.49,1350.45
27.8,227.7,10.99,68.29,3.02,0.0,5.22,17,10,603.28,5.45,608.74
23.63,0.0,26.28,80.49,2.7,0.0,4.64,18,10,0.0,0.0,0.0
26.23,0.0,23.79,79.26,1.89,0.0,4.9,19,10,0.0,3.68,3.68
25.91,0.0,6.43,60.05,3.94,0.0,3.55,20,10,32.06,4.69,36.75
22.92,0.0,33.82,68.36,4.24,0.0,5.48,21,10,55.0,0.0,55.0
24.36,0.0,11.75,77.39,3.44,0.0,3.04,22,10,0.0,8.03,8.03
21.83,0.0,1.69,77.28,0.5,0.0,5.43,23,10,0.0,0.0,0.0
20.24,0.0,10.9,69.62,3.7,0.0,3.58,0,10,0.0,2.35,2.35
20.22,0.0,9.88,75.24,2.54,0.0,5.7,1,10,17.37,29.25,46.62
18.59,0.0,15.15,82.99,1.74,0.0,5.42,2,10,26.55,0.0,26.55
14.18,0.0,14.13,95.0,4.18,0.0,4.36,3,10,19.95,15.27,35.22
17.34,0.0,15.97,95.0,4.75,0.0,3.04,4,10,20.62,46.92,67.54
20.39,0.0,43.39,60.0,3.85,0.0,5.39,5,10,21.71,11.5,33.21
18.18,2.06,42.43,84.0,4.39,0.0,3.55,6,10,0.0,13.02,13.02
20.09,219.75,23.93,69.89,4.35,0.0,5.84,7,10,562.22,30.12,592.34
20.06,416.43,39.87,84.16,1.64,0.0,3.62,8,10,1197.82,11.33,1209.14
25.6,594.97,32.13,57.31,2.22,0.0,3.51,9,10,1685.8,35.29,1721.1
26.74,737.74,27.43,61.45,0.5,0.0,4.66,10,10,2055.75,0.0,2055.75
24.1,873.56,28.98,68.69,9.01,0.0,3.49,11,10,2478.92,656.46,3135.38
26.68,918.35,18.89,72.35,2.19,0.0,4.74,12,10,2550.52,0.0,2550.52
26.23,780.24,42.61,64.56,5.84,0.0,3.21,13,10,2229.25,103.92,2333.17
28.68,823.55,15.0,58.76,5.55,0.0,5.21,14,10,2243.08,49.63,2292.7
28.69,662.87,22.64,50.9,4.97,0.0,4.14,15,10,1887.1,69.28,1956.38
28.97,356.98,48.67,58.92,3.48,0.0,7.0,16,10,942.28,0.0,942.28
27.75,256.39,21.63,71.11,4.21,0.0,5.1,17,10,676.52,0.0,676.52
30.86,0.0,10.43,73.87,2.04,0.0,5.23,18,10,0.0,0.0,0.0
23.88,0.0,40.82,62.0,1.51,0.0,5.03,19,10,0.0,0.0,0.0
21.65,0.0,28.31,65.42,2.96,0.0,3.18,20,10,0.0,8.29,8.29
22.33,0.0,19.54,66.31,5.95,0.0,5.19,21,10,42.41,121.59,164.0
19.28,0.0,36.61,74.93,4.1,0.0,2.76,22,10,9.52,0.0,9.52
18.18,0.0,49.68,78.73,5.41,0.0,7.12,23,10,0.0,57.89,57.89
17.77,0.0,31.66,75.22,6.69,0.0,3.08,0,10,10.48,147.15,157.63
17.09,0.0,35.03,65.84,4.08,0.0,3.59,1,10,25.33,0.0,25.33
16.55,0.0,51.38,62.89,3.04,0.0,5.59,2,10,0.0,0.0,0.0
18.59,0.0,54.44,72.75,6.26,0.0,5.77,3,10,44.31,150.34,194.65
17.22,0.0,15.9,82.59,2.3,0.0,6.34,4,10,0.0,0.0,0.0
18.21,0.0,4.64,77.2,0.71,0.0,6.33,5,10,28.0,7.34,35.34
20.61,0.0,24.05,87.73,1.03,0.0,4.0,6,10,0.0,0.0,0.0
19.16,227.09,19.12,63.86,4.2,0.0,2.97,7,10,672.48,0.0,672.48
21.12,416.98,24.48,74.48,6.72,0.0,5.25,8,10,1136.24,169.86,1306.1
23.36,601.62,32.72,82.13,4.1,0.0,3.86,9,10,1757.56,13.16,1770.72
21.19,700.49,39.88,71.18,3.26,0.0,4.46,10,10,1941.88,0.0,1941.88
21.73,950.3,9.96,62.7,4.17,0.0,4.89,11,10,2619.25,15.35,2634.6
26.86,764.81,44.08,45.13,4.75,0.0,6.35,12,10,2041.23,32.63,2073.86
27.88,771.31,36.77,63.0,5.36,0.0,5.55,13,10,2110.13,39.57,2149.7
30.73,809.87,26.78,58.02,2.94,0.0,4.5,14,10,2239.27,0.0,2239.27
28.05,692.41,10.44,60.15,3.15,0.0,4.05,15,10,1903.49,0.0,1903.49
28.87,461.02,21.35,66.76,0.7,0.0,3.78,16,10,1298.27,19.86,1318.13
26.85,248.15,29.58,81.31,4.61,0.0,7.29,17,10,654.88,28.62,683.49
26.79,0.0,6.78,55.86,5.51,0.0,4.62,18,10,0.0,56.58,56.58
27.81,0.0,39.61,57.94,3.81,0.0,5.48,19,10,3.57,3.68,7.24
20.92,0.0,47.87,72.72,3.09,0.0,6.12,20,10,59.54,20.33,79.87
23.43,0.0,29.8,76.65,2.86,0.0,5.1,21,10,6.37,16.5,22.87
24.72,0.0,23.26,66.26,4.58,0.0,5.9,22,10,0.0,42.81,42.81
20.73,0.0,34.66,78.79,2.85,0.0,4.6,23,10,18.78,5.79,24.57
21.63,0.0,37.96,61.52,4.3,0.0,6.14,0,10,17.56,14.68,32.24
17.42,0.0,66.54,78.48,7.28,0.0,6.2,1,10,0.0,231.94,231.94
17.82,0.0,23.48,77.51,2.85,0.0,4.06,2,10,10.32,11.38,21.7
17.74,0.0,19.95,90.25,1.2,0.0,4.83,3,10,0.0,25.01,25.01
14.54,0.0,24.47,90.63,6.48,0.0,5.5,4,10,0.0,139.53,139.53
16.61,0.0,23.71,79.98,2.54,0.0,5.37,5,10,0.0,21.21,21.21
17.51,30.92,10.44,70.38,9.52,0.0,5.01,6,10,72.8,799.59,872.39
21.43,225.09,21.45,54.62,6.09,0.0,5.78,7,10,614.09,120.03,734.13
22.71,454.16,24.32,64.67,3.36,0.0,6.53,8,10,1235.53,7.8,1243.34
23.18,549.82,41.9,88.67,4.48,0.0,3.23,9,10,1562.66,10.3,1572.95
25.22,845.23,7.58,54.23,2.57,0.0,4.18,10,10,2386.08,0.0,2386.08
24.95,789.99,38.31,61.75,1.33,0.0,3.44,11,10,2243.06,0.0,2243.06
28.03,623.79,60.23,66.38,3.89,0.0,6.29,12,10,1681.8,0.0,1681.8
27.04,869.04,25.66,76.68,3.35,0.0,5.15,13,10,2373.28,5.78,2379.07
27.61,833.52,13.85,55.64,8.42,0.0,4.76,14,10,2317.07,475.46,2792.53
27.3,498.97,47.58,69.96,4.29,0.0,4.72,15,10,1387.37,18.85,1406.21
28.55,427.18,28.53,58.45,5.28,0.0,3.69,16,10,1151.27,68.86,1220.14
26.39,175.83,42.4,57.58,1.72,0.0,5.42,17,10,489.53,1.08,490.6
27.69,0.0,20.81,61.01,5.1,0.0,6.48,18,10,6.44,34.49,40.94
23.5,0.0,48.22,70.44,1.08,0.0,5.74,19,10,0.0,14.42,14.42
22.34,0.0,31.09,62.04,4.38,0.0,4.32,20,10,33.22,6.27,39.5
23.73,0.0,39.44,79.45,6.08,0.0,3.97,21,10,0.0,110.95,110.95
21.27,0.0,26.24,85.08,3.66,0.0,5.55,22,10,0.0,0.0,0.0
19.51,0.0,36.88,69.9,2.21,0.0,4.03,23,10,0.0,13.07,13.07
20.38,0.0,0.69,80.77,3.45,0.0,4.52,0,10,15.2,12.88,28.08
17.34,0.0,11.37,65.97,6.1,0.0,4.03,1,10,4.06,74.55,78.61
17.45,0.0,42.49,76.58,5.04,0.0,5.25,2,10,0.0,24.79,24.79
19.68,0.0,48.68,82.08,4.34,0.0,3.58,3,10,12.03,0.0,12.03
20.06,0.0,15.01,80.67,4.9,0.0,7.39,4,10,17.81,28.55,46.37
20.61,0.0,23.17,75.43,6.03,0.0,4.14,5,10,0.0,81.31,81.31
18.62,0.0,31.73,86.25,1.83,0.0,3.64,6,10,15.4,1.5,16.9
21.93,234.56,15.52,66.8,6.11,0.0,7.2,7,10,591.22,137.47,728.68
19.86,389.89,37.86,75.87,5.77,0.0,4.23,8,10,1081.47,80.98,1162.45
21.22,564.86,38.74,73.95,3.63,0.0,5.12,9,10,1573.16,21.14,1594.3
20.35,599.54,54.25,77.94,3.23,0.0,6.5,10,10,1692.82,1.79,1694.61
27.59,846.66,25.68,70.74,7.39,0.0,4.17,11,10,2373.07,251.13,2624.2
24.82,800.32,43.5,58.86,5.89,0.0,3.66,12,10,2265.04,88.41,2353.44
26.72,851.92,25.5,72.4,9.52,0.0,4.27,13,10,2350.07,773.71,3123.79
26.04,779.38,28.62,58.1,4.56,0.0,4.05,14,10,2177.02,23.05,2200.07
28.62,642.85,21.9,72.02,0.81,0.0,7.65,15,10,1716.34,0.0,1716.34
26.85,420.55,32.37,80.8,1.84,0.0,5.58,16,10,1173.71,27.36,1201.07
24.95,239.47,32.23,65.05,5.9,0.0,5.04,17,10,696.82,101.2,798.02
26.78,11.84,12.71,59.35,4.54,0.0,5.35,18,10,25.7,17.0,42.7
22.93,0.0,15.37,84.79,2.11,0.0,3.95,19,10,0.0,0.0,0.0
22.62,0.0,2.92,71.32,0.5,0.0,5.08,20,10,0.0,7.09,7.09
19.42,0.0,27.17,64.93,2.49,0.0,4.76,21,10,18.17,0.0,18.17
19.15,0.0,41.01,68.66,1.73,0.0,5.55,22,10,32.11,1.54,33.64
20.35,0.0,6.3,67.66,6.5,0.0,4.46,23,10,0.0,144.42,144.42
15.99,0.0,23.53,89.45,6.59,0.0,4.34,0,10,0.0,155.5,155.5
15.92,0.0,47.97,71.81,6.12,0.0,3.47,1,10,0.0,99.59,99.59
17.63,0.0,21.09,59.1,1.42,0.0,7.42,2,10,27.64,24.9,52.55
16.65,0.0,3.87,78.62,1.71,0.0,5.34,3,10,0.0,0.73,0.73
20.63,0.0,25.18,76.61,1.72,0.0,4.17,4,10,0.0,16.64,16.64
20.89,0.0,18.24,78.51,2.46,0.0,4.51,5,10,0.0,0.0,0.0
17.63,0.0,11.54,56.15,1.24,0.0,4.12,6,10,14.38,0.0,14.38
20.8,209.04,32.27,72.56,8.99,0.0,7.03,7,10,633.31,659.45,1292.75
22.3,482.76,13.34,68.8,6.25,0.0,5.05,8,10,1356.75,135.37,1492.12
21.57,522.63,46.01,76.47,1.2,0.0,4.31,9,10,1429.1,0.0,1429.1
21.52,779.81,24.44,57.29,1.77,0.0,6.14,10,10,2108.77,14.81,2123.57
24.95,826.62,36.0,70.26,2.48,0.0,1.94,11,10,2355.04,0.0,2355.04
25.74,849.08,31.91,69.56,5.5,0.0,4.93,12,10,2383.66,79.14,2462.8
26.14,938.88,4.87,76.71,5.04,0.0,4.02,13,10,2620.96,47.49,2668.45
27.96,835.37,13.55,68.28,4.49,0.0,4.41,14,10,2319.95,17.07,2337.02
26.34,684.71,19.3,72.95,7.02,0.0,5.39,15,10,1878.61,219.69,2098.31
25.57,485.64,15.26,58.41,0.87,0.0,3.86,16,10,1394.28,0.0,1394.28
26.96,215.95,28.01,65.79,1.89,0.0,5.43,17,10,589.97,0.0,589.97
26.58,0.0,21.42,77.52,2.06,0.0,3.98,18,10,23.19,20.46,43.65
23.2,0.0,15.57,67.16,1.12,0.0,3.59,19,10,4.35,18.05,22.39
25.15,0.0,30.96,75.0,4.42,0.0,4.24,20,10,0.0,1.2,1.2
19.81,0.0,15.36,67.47,2.18,0.0,5.72,21,10,8.67,5.69,14.36
20.31,0.0,40.77,72.76,3.65,0.0,5.6,22,10,4.85,0.0,4.85
19.58,0.0,46.6,62.52,4.84,0.0,4.61,23,10,0.0,51.54,51.54
17.87,0.0,20.53,76.82,4.28,0.0,5.03,0,10,0.0,17.72,17.72
17.18,0.0,29.22,71.61,2.63,0.0,6.68,1,10,47.46,0.0,47.46
20.33,0.0,30.56,83.72,3.29,0.0,6.02,2,10,46.84,0.0,46.84
16.08,0.0,25.93,95.0,2.9,0.0,4.34,3,10,0.0,0.0,0.0
21.19,0.0,26.9,59.71,6.23,0.0,3.09,4,10,0.0,152.83,152.83
18.68,0.0,10.64,66.63,3.32,0.0,5.69,5,10,6.49,0.0,6.49
18.96,0.0,6.66,83.59,1.14,0.0,4.54,6,10,9.47,4.3,13.77
20.57,90.12,77.88,68.14,4.42,0.31,3.07,7,10,275.39,12.42,287.81
24.86,451.97,25.07,68.45,2.11,0.0,5.14,8,10,1243.09,0.0,1243.09
20.87,646.25,21.45,86.0,2.89,0.0,5.45,9,10,1833.87,6.09,1839.97
21.97,820.4,22.87,84.91,2.84,0.0,4.0,10,10,2355.13,22.87,2378.0
23.72,867.67,26.41,60.05,1.23,0.0,6.55,11,10,2387.54,6.55,2394.09
25.94,994.56,9.15,83.29,7.81,0.0,4.92,12,10,2722.17,350.62,3072.79
24.1,897.93,23.2,75.4,4.0,0.0,5.32,13,10,2424.75,0.89,2425.64
27.22,830.3,14.07,74.34,1.85,0.0,3.79,14,10,2302.68,2.08,2304.76
29.9,719.72,6.81,57.74,4.05,0.0,5.03,15,10,1970.25,0.94,1971.19
27.41,388.61,42.0,59.9,3.49,0.0,4.49,16,10,1094.99,0.0,1094.99
26.25,199.33,44.89,53.52,2.93,0.0,7.12,17,10,520.77,14.12,534.89
24.96,1.33,31.17,59.05,3.6,0.0,4.44,18,10,11.59,8.86,20.45
26.2,0.0,22.88,73.0,4.74,0.0,4.78,19,10,33.52,25.29,58.82
22.41,0.0,8.85,75.76,2.12,0.0,3.69,20,10,33.56,0.0,33.56
25.13,0.0,51.1,75.12,3.95,0.0,6.43,21,10,0.0,1.69,1.69
23.96,0.0,5.45,72.1,5.83,0.0,4.43,22,10,0.0,112.94,112.94
20.24,0.0,17.92,74.49,2.26,0.0,3.53,23,10,0.0,13.85,13.85
18.69,0.0,48.45,70.91,3.83,0.0,5.59,0,10,0.0,21.0,21.0
19.46,0.0,22.08,73.35,8.27,0.0,5.64,1,10,6.22,435.08,441.29
19.06,0.0,12.08,83.28,5.71,0.0,4.27,2,10,0.0,101.87,101.87
16.04,0.0,41.21,86.25,4.27,0.0,3.68,3,10,0.0,0.84,0.84
16.63,0.0,72.47,81.04,5.29,0.0,4.81,4,10,0.0,53.08,53.08
15.93,0.0,28.05,72.35,3.89,0.0,4.4,5,10,25.51,0.0,25.51
19.32,31.69,45.2,71.93,9.34,0.0,4.52,6,10,102.75,770.06,872.81
20.74,246.66,27.1,63.27,1.94,0.0,5.39,7,10,743.7,10.02,753.73
18.93,396.9,40.44,73.4,5.07,0.0,5.56,8,10,1121.0,58.26,1179.26
21.56,617.72,27.96,59.74,0.5,0.0,4.96,9,10,1699.95,0.0,1699.95
21.52,480.63,72.76,70.46,1.65,0.0,3.71,10,10,1383.47,3.27,1386.74
23.4,956.66,2.33,65.56,5.09,0.0,2.8,11,10,2749.11,24.65,2773.76
26.61,845.22,35.04,66.95,5.37,0.0,4.87,12,10,2338.9,55.08,2393.97
25.47,952.13,2.9,62.18,0.9,0.0,2.83,13,10,2711.64,0.0,2711.64
26.62,790.39,21.44,72.9,2.87,0.0,4.17,14,10,2225.59,0.0,2225.59
24.8,618.52,24.45,56.08,1.6,0.0,5.16,15,10,1701.2,0.0,1701.2
27.35,471.54,28.09,53.41,6.69,0.0,5.14,16,10,1281.01,146.8,1427.81
26.51,241.68,13.13,65.02,3.5,0.0,4.72,17,10,666.38,0.0,666.38
24.69,2.69,42.13,71.48,3.44,0.0,4.97,18,10,23.82,17.78,41.59
24.46,0.0,11.78,66.35,5.93,0.0,5.35,19,10,0.0,97.68,97.68
23.81,0.0,16.49,67.81,4.91,0.0,3.51,20,10,8.95,17.82,26.77
21.02,0.0,14.56,74.52,7.19,0.0,3.86,21,10,0.0,238.85,238.85
18.74,0.0,44.81,80.49,7.52,0.0,5.4,22,10,0.0,295.74,295.74
22.45,0.0,11.73,68.64,2.76,0.0,5.21,23,10,0.0,15.92,15.92
17.65,0.0,74.52,79.34,4.6,0.0,4.52,0,10,20.18,39.63,59.81
17.66,0.0,18.34,85.67,3.98,0.0,5.81,1,10,9.57,8.77,18.34
18.82,0.0,21.9,65.46,4.28,0.0,6.26,2,10,23.49,15.0,38.49
22.43,0.0,33.78,82.2,4.46,0.0,4.15,3,10,23.43,39.66,63.09
15.44,0.0,32.04,89.98,1.12,0.0,5.81,4,10,53.9,0.0,53.9
18.48,0.0,53.4,70.13,6.76,0.0,4.51,5,10,0.0,173.51,173.51
17.54,0.0,44.75,82.12,1.75,0.0,3.08,6,10,0.0,0.0,0.0
18.83,283.2,12.67,64.14,3.34,0.0,5.04,7,10,749.75,0.0,749.75
19.76,440.11,29.65,77.7,2.64,0.0,5.89,8,10,1215.88,19.98,1235.86
20.45,592.93,32.34,85.38,4.04,0.0,4.25,9,10,1673.6,22.94,1696.54
23.37,821.16,4.76,62.59,8.12,0.0,6.09,10,10,2220.59,407.9,2628.49
22.42,925.08,19.97,66.02,3.28,0.0,4.67,11,10,2590.07,0.0,2590.07
27.09,990.7,11.27,69.38,4.33,0.0,5.59,12,10,2729.87,16.97,2746.84
26.55,861.58,30.2,64.37,1.76,0.0,5.62,13,10,2312.08,8.78,2320.86
27.6,883.48,5.44,67.41,3.55,0.0,4.95,14,10,2427.31,0.0,2427.31
26.44,725.09,10.47,86.83,7.08,0.0,7.01,15,10,1940.12,225.22,2165.34
26.41,399.69,28.65,63.99,7.39,0.0,6.3,16,10,1052.6,280.94,1333.54
26.9,213.19,14.06,54.18,4.0,0.0,3.12,17,10,580.77,6.22,586.99
23.92,0.0,6.58,65.01,5.44,0.0,2.8,18,10,0.0,69.24,69.24
24.1,0.0,33.71,71.56,0.5,0.0,5.34,19,10,6.7,9.95,16.65
22.14,0.0,36.52,62.2,3.92,0.0,2.67,20,10,24.52,4.81,29.33
20.8,0.0,25.09,68.57,5.17,0.0,4.84,21,10,10.18,46.75,56.93
17.68,0.0,19.14,87.26,2.85,0.0,5.95,22,10,17.54,0.0,17.54
21.64,0.0,26.75,86.08,6.85,0.0,5.42,23,10,24.57,195.82,220.39
17.46,0.0,6.99,74.89,5.53,0.0,4.3,0,10,39.38,57.95,97.34
19.44,0.0,40.41,72.73,5.45,0.0,6.07,1,10,2.49,72.72,75.21
18.8,0.0,46.53,66.63,0.66,0.0,4.64,2,10,0.0,0.0,0.0
15.1,0.0,19.4,82.91,2.03,0.0,4.94,3,10,38.01,2.72,40.73
15.56,0.0,40.62,95.0,5.03,0.0,4.56,4,10,54.14,7.45,61.58
21.54,0.0,7.17,70.21,4.09,0.0,5.47,5,10,0.0,11.7,11.7
21.12,0.0,81.22,70.99,4.18,1.29,3.77,6,10,47.84,22.62,70.46
19.48,250.96,23.12,79.6,0.55,0.0,4.73,7,10,716.14,0.0,716.14
21.12,451.58,17.02,70.04,3.44,0.0,5.42,8,10,1260.71,0.0,1260.71
21.08,618.44,23.49,70.23,5.59,0.0,6.87,9,10,1668.13,60.17,1728.3
23.97,602.12,53.92,81.29,4.7,0.0,5.5,10,10,1620.31,0.0,1620.31
23.45,728.18,49.6,60.52,4.15,0.0,2.75,11,10,2098.07,2.58,2100.65
22.51,888.2,26.89,63.32,4.91,0.0,5.42,12,10,2489.27,14.98,2504.25
24.37,958.08,16.49,74.9,6.21,0.0,4.34,13,10,2705.22,114.88,2820.09
26.89,822.07,10.96,65.54,6.19,0.0,5.64,14,10,2238.95,115.39,2354.34
25.33,548.46,44.0,60.0,3.51,0.0,3.48,15,10,1519.26,13.68,1532.94
26.75,353.64,44.05,69.22,2.73,0.0,3.94,16,10,1015.07,26.3,1041.37
24.74,250.88,33.42,66.64,3.04,0.0,4.63,17,10,702.14,0.0,702.14
24.39,0.0,32.71,71.11,3.86,0.0,4.68,18,10,6.59,2.48,9.08
25.8,0.0,14.95,65.77,1.38,0.0,5.66,19,10,0.0,0.0,0.0
23.69,0.0,23.22,58.73,4.25,0.0,5.59,20,10,18.16,11.56,29.71
22.01,0.0,46.89,81.06,3.5,0.0,3.86,21,10,27.18,0.0,27.18
22.05,0.0,32.27,86.08,5.37,0.0,6.26,22,10,7.68,79.38,87.06
20.25,0.0,37.78,67.34,2.55,0.0,5.11,23,10,36.21,9.9,46.11
20.55,0.0,30.82,87.22,1.18,0.0,3.83,0,10,25.24,17.29,42.52
16.9,0.0,35.4,77.88,6.75,0.0,2.63,1,10,9.16,190.73,199.89
16.44,0.0,57.72,55.03,1.19,0.0,6.16,2,10,0.0,13.48,13.48
14.96,0.0,14.05,84.44,7.29,0.0,4.31,3,10,0.0,261.89,261.89
16.44,0.0,30.07,61.66,3.73,0.0,4.18,4,10,0.0,24.46,24.46
19.03,0.0,37.53,72.25,1.08,0.0,5.6,5,10,0.0,1.28,1.28
20.33,0.0,27.92,80.26,1.65,0.0,3.62,6,10,0.0,2.9,2.9
20.86,227.76,9.4,77.77,3.93,0.0,4.39,7,10,646.35,0.0,646.35
17.93,467.71,19.92,71.72,0.57,0.0,4.22,8,10,1316.28,0.0,1316.28
23.54,580.88,35.43,75.77,7.07,0.0,4.78,9,10,1641.11,232.64,1873.76
20.45,786.59,29.28,81.67,5.68,0.0,5.38,10,10,2176.57,69.98,2246.55
25.76,970.66,6.5,63.26,3.77,0.0,5.68,11,10,2639.33,0.0,2639.33
24.9,965.46,18.94,66.39,7.27,0.0,5.44,12,10,2643.09,269.78,2912.87
27.3,913.42,17.81,67.83,2.47,0.0,6.19,13,10,2475.36,1.32,2476.68
24.75,783.15,22.21,60.04,6.24,0.0,4.13,14,10,2175.94,122.56,2298.5
28.67,691.86,13.91,58.11,5.75,0.0,5.23,15,10,1878.3,102.79,1981.09
24.55,458.23,14.49,77.54,4.2,0.0,4.4,16,10,1297.63,0.0,1297.63
25.24,223.54,28.46,87.09,2.79,0.0,4.76,17,10,598.78,12.23,611.01
23.95,8.16,58.65,75.12,4.07,0.0,4.74,18,10,9.91,0.0,9.91
21.78,0.0,24.66,74.98,7.99,0.0,3.46,19,10,0.0,361.16,361.16
23.35,0.0,42.1,85.61,1.34,0.0,5.09,20,10,4.59,0.0,4.59
24.63,0.0,26.04,62.04,2.13,0.0,4.97,21,10,10.46,22.95,33.41
24.62,0.0,15.14,70.11,4.57,0.0,4.89,22,10,1.26,14.2,15.46
19.56,0.0,30.77,82.15,4.79,0.0,4.57,23,10,0.0,39.01,39.01
19.95,0.0,23.09,68.42,1.91,0.0,2.69,0,10,0.0,0.0,0.0
17.83,0.0,32.48,64.49,5.77,0.0,4.98,1,10,28.69,70.68,99.37
17.73,0.0,12.81,84.31,7.31,0.0,5.43,2,10,0.0,251.96,251.96
16.3,0.0,34.3,87.06,1.3,0.0,6.55,3,10,24.85,0.0,24.85
17.27,0.0,43.33,85.02,8.61,0.0,5.23,4,10,0.21,541.01,541.22
18.28,0.0,35.51,83.95,2.59,0.0,7.54,5,10,0.0,0.0,0.0
17.41,0.0,21.27,78.83,2.74,0.0,4.89,6,10,5.1,0.08,5.17
19.19,222.46,24.21,77.11,0.96,0.0,5.1,7,10,595.14,0.0,595.14
20.43,476.68,6.49,76.33,3.73,0.0,4.66,8,10,1352.85,0.0,1352.85
23.05,643.65,21.44,80.21,7.92,0.0,4.36,9,10,1819.75,355.43,2175.19
21.5,776.7,22.53,75.43,1.89,0.0,5.45,10,10,2126.33,2.73,2129.05
24.23,803.64,40.19,70.61,4.17,0.0,6.13,11,10,2201.2,5.84,2207.03
28.21,917.6,17.09,67.82,2.55,0.0,5.4,12,10,2483.45,8.15,2491.6
27.88,804.58,42.02,69.11,0.62,0.0,5.1,13,10,2178.99,0.0,2178.99
28.66,761.64,29.05,56.13,9.39,0.0,4.51,14,10,2106.41,764.4,2870.81
26.85,573.28,31.09,77.89,5.05,0.0,4.83,15,10,1579.76,47.65,1627.42
27.12,309.74,67.01,61.16,5.19,0.0,4.85,16,10,851.16,28.33,879.49
27.64,197.52,42.37,66.4,4.69,0.0,5.12,17,10,567.28,0.0,567.28
27.68,0.0,30.72,58.27,1.77,0.0,4.98,18,10,16.72,14.91,31.63
21.38,0.0,3.41,71.72,2.17,0.0,3.96,19,10,19.92,0.0,19.92
21.13,0.0,15.23,77.94,3.14,0.0,6.3,20,10,0.0,0.0,0.0
23.77,0.0,15.45,72.97,10.45,0.0,6.87,21,10,0.0,1189.83,1189.83
20.1,0.0,20.48,70.59,4.75,0.0,4.83,22,10,17.79,11.0,28.78
18.3,0.0,31.6,71.54,3.44,0.0,4.97,23,10,27.39,2.91,30.29
16.29,0.0,9.93,81.54,3.66,0.0,5.44,0,10,0.0,6.57,6.57
16.54,0.0,37.3,87.8,7.19,0.0,4.08,1,10,0.0,272.4,272.4
14.77,0.0,15.44,92.75,2.1,0.0,5.35,2,10,16.0,0.0,16.0
19.84,0.0,21.76,91.31,2.8,0.0,4.36,3,10,17.59,11.52,29.11
16.84,0.0,19.66,73.18,3.06,0.0,4.49,4,10,0.0,0.0,0.0
17.28,0.0,19.08,72.1,6.79,0.0,3.59,5,10,11.82,209.95,221.77
19.05,0.0,25.08,75.2,5.51,0.0,4.42,6,10,0.0,67.99,67.99
20.65,133.23,59.34,72.83,4.25,0.0,5.06,7,10,391.08,2.32,393.39
21.83,389.79,38.06,61.36,2.77,0.0,6.57,8,10,1066.17,0.0,1066.17
23.31,640.09,26.78,77.75,2.14,0.0,4.58,9,10,1770.91,25.08,1795.99
22.05,818.09,25.62,66.34,2.85,0.0,4.32,10,10,2329.53,0.29,2329.81
23.76,920.16,5.37,65.32,7.33,0.0,5.28,11,10,2503.26,255.62,2758.87
26.39,956.38,25.78,70.78,6.99,0.0,6.01,12,10,2599.75,226.0,2825.75
25.24,933.32,14.53,59.15,3.33,0.0,6.21,13,10,2568.22,0.0,2568.22
26.52,789.56,19.0,65.14,2.82,0.0,3.4,14,10,2285.33,0.0,2285.33
27.3,451.51,66.28,72.17,6.61,0.0,4.93,15,10,1217.32,157.78,1375.1
27.71,381.64,48.52,66.14,3.46,0.0,6.66,16,10,1025.43,18.4,1043.83
23.37,236.36,34.52,76.94,0.89,0.0,3.59,17,10,667.77,0.0,667.77
26.31,16.51,12.53,75.28,2.93,0.0,5.05,18,10,45.88,14.18,60.05
23.85,0.0,6.78,69.7,4.35,0.0,5.11,19,10,2.99,7.5,10.5
24.06,0.0,16.62,43.32,7.65,0.0,3.47,20,10,10.97,316.01,326.98
22.87,0.0,8.07,81.39,3.35,0.0,5.37,21,10,56.46,0.0,56.46
22.82,0.0,38.69,71.24,2.36,0.0,5.44,22,10,30.19,0.0,30.19
21.23,0.0,41.52,79.85,3.13,0.0,4.28,23,10,0.0,0.0,0.0
20.08,0.0,60.11,85.84,1.09,0.0,3.6,0,10,0.0,0.0,0.0
19.43,0.0,34.21,61.08,6.81,0.0,6.17,1,10,19.05,197.39,216.44
17.2,0.0,13.71,78.32,0.83,0.0,3.68,2,10,0.0,2.26,2.26
16.64,0.0,18.35,91.38,0.5,0.0,6.25,3,10,0.0,2.47,2.47
18.08,0.0,34.93,75.66,4.39,0.0,5.17,4,10,0.0,5.0,5.0
18.36,0.0,43.53,84.77,1.84,0.0,4.63,5,10,20.8,12.29,33.09
17.6,0.0,37.73,69.12,2.67,0.0,6.17,6,10,24.07,13.79,37.85
19.7,246.8,33.14,79.19,3.7,0.0,4.53,7,10,667.94,0.0,667.94
20.25,504.97,5.55,64.69,5.64,0.0,4.78,8,10,1359.96,69.08,1429.04
20.32,599.8,36.4,81.83,3.15,0.0,5.51,9,10,1676.77,0.0,1676.77
24.83,624.49,52.47,65.59,7.99,0.0,4.13,10,10,1777.17,394.64,2171.81
24.18,862.62,30.95,81.42,3.5,0.0,5.04,11,10,2395.96,0.0,2395.96
28.2,945.72,12.49,76.88,7.15,0.0,3.62,12,10,2645.15,227.69,2872.84
23.49,910.55,21.67,65.98,3.49,0.0,5.41,13,10,2509.51,8.11,2517.62
25.59,862.39,3.99,81.73,3.83,0.0,4.1,14,10,2425.86,21.96,2447.82
26.65,637.85,20.88,62.34,8.01,0.0,5.09,15,10,1742.15,377.33,2119.48
28.13,489.44,9.03,70.68,4.77,0.0,8.25,16,10,1302.58,48.36,1350.94
26.53,246.6,10.63,66.91,1.81,0.0,4.0,17,10,640.78,3.58,644.36
25.6,6.83,16.77,64.91,4.3,0.0,6.42,18,10,45.27,7.24,52.51
22.41,0.0,11.43,78.53,2.27,0.0,4.69,19,10,0.0,0.0,0.0
21.15,0.0,17.74,69.52,2.74,0.0,5.61,20,10,0.0,0.0,0.0
22.08,0.0,31.71,67.97,6.07,0.0,5.8,21,10,10.97,128.58,139.56
18.26,0.0,45.0,77.14,4.82,0.0,5.55,22,10,14.66,13.03,27.69
18.3,0.0,22.15,84.31,2.62,0.0,5.04,23,10,0.0,8.67,8.67
18.71,0.0,46.39,78.44,0.5,0.0,2.88,0,10,13.91,0.0,13.91
15.69,0.0,27.83,77.3,3.92,0.0,5.67,1,10,0.0,13.86,13.86
19.07,0.0,34.21,72.01,2.41,0.0,4.8,2,10,31.43,3.79,35.22
18.33,0.0,25.9,75.34,0.76,0.0,4.04,3,10,0.0,23.58,23.58
14.3,0.0,19.12,86.2,1.15,0.0,4.19,4,10,21.01,0.0,21.01
15.76,0.0,42.5,71.5,4.76,0.0,3.4,5,10,1.36,25.11,26.47
14.53,8.88,20.59,76.28,3.29,0.0,4.89,6,10,26.74,0.0,26.74
17.82,202.8,48.14,83.93,2.48,0.0,4.28,7,10,527.91,8.39,536.3
21.35,470.99,12.77,66.77,6.55,0.0,4.41,8,10,1366.41,163.31,1529.72
20.87,410.18,61.74,69.35,5.94,0.0,5.48,9,10,1159.07,80.6,1239.68
23.48,809.34,16.27,70.58,3.57,0.0,4.45,10,10,2246.94,0.0,2246.94
21.71,918.27,11.83,66.45,2.56,0.0,4.98,11,10,2585.23,0.0,2585.23
26.22,908.86,25.41,63.85,3.79,0.0,4.35,12,10,2527.34,0.0,2527.34
24.99,883.62,21.2,70.08,5.32,0.0,4.95,13,10,2444.31,37.41,2481.72
26.34,625.02,52.74,73.14,0.5,0.0,3.98,14,10,1722.14,0.0,1722.14
26.35,638.68,14.57,61.26,4.38,0.0,3.42,15,10,1803.02,16.39,1819.4
24.41,442.06,32.69,63.14,5.01,0.0,4.38,16,10,1238.12,28.64,1266.76
24.09,203.96,48.0,79.21,5.86,0.0,4.35,17,10,552.61,84.27,636.88
26.48,0.0,15.47,62.04,2.22,0.0,4.16,18,10,18.34,0.0,18.34
24.59,0.0,6.27,63.5,2.15,0.0,5.03,19,10,38.83,1.11,39.94
24.36,0.0,5.56,53.8,2.22,0.0,6.05,20,10,18.24,0.0,18.24
21.98,0.0,28.17,81.48,7.37,0.0,3.29,21,10,0.0,268.7,268.7
20.41,0.0,31.7,85.51,1.75,0.0,5.42,22,10,0.0,0.0,0.0
16.4,0.0,50.98,79.16,5.41,0.0,6.32,23,10,5.64,54.47,60.12
17.45,0.0,23.13,79.63,9.36,0.0,5.42,0,10,24.68,727.73,752.41
17.02,0.0,12.19,78.59,7.69,0.0,4.9,1,10,0.0,298.62,298.62
19.49,0.0,7.84,66.85,3.27,0.0,5.03,2,10,2.52,7.09,9.61
17.42,0.0,22.94,83.06,6.09,0.0,5.4,3,10,1.48,101.56,103.04
18.86,0.0,62.47,87.3,4.74,0.0,1.56,4,10,0.0,35.74,35.74
17.95,0.0,20.74,77.44,6.41,0.0,2.64,5,10,11.09,147.14,158.24
16.79,5.95,9.29,84.57,1.89,0.0,4.83,6,10,24.48,0.0,24.48
19.06,199.84,31.29,69.11,5.41,0.0,4.74,7,10,581.87,58.08,639.94
20.45,458.77,34.58,66.73,4.23,0.0,6.05,8,10,1224.73,25.66,1250.38
19.98,570.53,37.94,78.77,3.97,0.0,4.62,9,10,1550.94,8.82,1559.76
22.11,822.52,20.8,84.68,5.14,0.0,4.0,10,10,2319.14,44.9,2364.04
23.58,984.7,5.39,65.86,2.54,0.0,3.22,11,10,2800.61,0.0,2800.61
27.33,845.35,37.97,64.75,1.25,0.0,4.26,12,10,2335.94,0.46,2336.4
22.6,851.7,26.04,76.09,3.76,0.0,3.95,13,10,2381.79,34.21,2416.0
28.03,784.47,29.32,61.8,2.7,0.0,4.98,14,10,2175.94,2.14,2178.08
24.98,520.0,50.74,72.91,2.45,0.0,5.34,15,10,1432.14,17.65,1449.79
24.16,421.7,26.69,62.4,11.49,0.0,3.54,16,10,1256.58,1699.21,2955.79
27.49,234.64,23.67,69.5,2.11,0.0,5.5,17,10,633.04,0.0,633.04
26.02,0.0,34.8,65.92,2.33,0.0,2.16,18,10,0.0,1.71,1.71
25.77,0.0,22.99,55.3,2.87,0.0,5.96,19,10,23.47,28.21,51.68
23.88,0.0,38.24,62.09,3.73,0.0,3.81,20,10,50.08,33.78,83.85
24.48,0.0,28.81,72.25,6.42,0.0,5.75,21,10,0.0,139.83,139.83
20.93,0.0,23.55,84.73,1.98,0.0,3.97,22,10,21.74,0.0,21.74
18.65,0.0,40.48,66.13,4.4,0.0,4.9,23,10,0.0,28.62,28.62
18.26,0.0,36.74,85.23,3.05,0.0,4.09,0,10,0.0,9.63,9.63
18.82,0.0,27.37,79.74,5.68,0.0,5.31,1,10,0.0,81.64,81.64
15.29,0.0,15.01,88.33,4.32,0.0,3.65,2,10,11.34,9.61,20.95
15.31,0.0,39.02,79.4,5.67,0.0,3.13,3,10,0.0,50.78,50.78
15.99,0.0,11.35,84.85,6.25,0.0,5.22,4,10,0.0,109.79,109.79
13.8,0.0,6.53,95.0,7.02,0.0,4.08,5,10,25.93,206.79,232.71
17.96,0.0,23.53,78.98,10.5,0.0,6.33,6,10,0.0,1203.03,1203.03
15.96,158.3,50.87,72.03,4.42,0.0,5.11,7,10,490.39,0.0,490.39
20.07,384.91,48.11,86.51,4.53,0.0,5.79,8,10,1069.5,22.83,1092.33
22.58,538.72,46.01,76.14,1.75,0.0,5.87,9,10,1498.61,0.0,1498.61
21.86,836.91,19.91,74.72,1.5,0.0,4.18,10,10,2385.3,34.02,2419.32
26.3,874.07,21.53,81.76,3.68,0.0,4.63,11,10,2449.06,13.92,2462.98
22.63,782.57,43.41,83.1,4.89,0.0,4.96,12,10,2128.53,24.04,2152.57
27.4,891.96,16.6,69.95,2.4,0.0,3.85,13,10,2456.38,7.34,2463.72
27.13,798.48,20.41,59.22,2.83,0.0,4.02,14,10,2206.78,0.0,2206.78
23.71,718.17,4.29,67.6,4.94,0.0,4.68,15,10,1992.43,28.72,2021.15
30.18,413.22,38.01,64.31,2.19,0.0,5.83,16,10,1141.78,0.0,1141.78
25.52,230.35,13.02,68.16,3.86,0.0,4.7,17,10,605.58,22.91,628.49
23.5,0.0,20.64,67.0,3.96,0.0,4.97,18,10,0.0,17.19,17.19
21.67,0.0,49.42,71.44,7.1,0.0,5.29,19,10,0.0,239.76,239.76
22.25,0.0,48.3,80.71,3.23,0.0,5.8,20,10,2.39,24.72,27.11
21.09,0.0,13.59,75.34,2.19,0.0,5.34,21,10,13.33,12.09,25.42
20.14,0.0,25.53,71.06,1.97,0.0,4.37,22,10,0.0,0.0,0.0
18.34,0.0,2.46,82.26,2.65,0.0,4.33,23,10,39.63,0.0,39.63
18.6,0.0,4.43,81.17,2.57,0.0,1.68,0,10,13.21,0.0,13.21
16.27,0.0,27.13,79.18,5.3,0.0,3.73,1,10,6.29,41.85,48.13
13.45,0.0,26.45,73.99,4.27,0.0,5.13,2,10,3.71,5.49,9.2
15.96,0.0,33.9,78.89,4.82,0.0,3.59,3,10,0.0,15.17,15.17
12.8,0.0,34.66,83.55,4.49,0.0,3.7,4,10,0.0,48.78,48.78
17.38,0.0,6.15,85.19,3.65,0.0,5.5,5,10,1.95,1.89,3.84
16.18,1.16,34.13,73.86,7.3,0.0,3.47,6,10,23.61,264.8,288.41
18.93,207.84,19.07,74.07,5.87,0.0,3.72,7,10,608.09,99.07,707.16
21.86,433.78,25.42,85.07,2.19,0.0,3.73,8,10,1264.83,17.39,1282.22
19.76,564.76,43.03,73.38,3.34,0.0,3.19,9,10,1619.83,10.59,1630.42
24.07,765.09,22.42,69.89,2.62,0.0,3.82,10,10,2133.27,0.0,2133.27
23.03,912.78,27.38,85.97,5.27,0.0,1.77,11,10,2694.86,53.52,2748.38
27.35,792.69,45.49,59.02,2.92,0.0,6.96,12,10,2151.87,0.0,2151.87
24.97,904.05,12.43,79.57,4.55,0.0,4.27,13,10,2553.43,21.71,2575.14
24.75,716.71,38.4,66.24,2.65,0.0,4.62,14,10,2042.47,20.35,2062.82
27.21,517.06,50.72,68.08,1.95,0.0,2.42,15,10,1488.64,0.0,1488.64
25.36,511.37,9.17,70.91,0.5,0.0,3.65,16,10,1437.36,17.97,1455.33
24.25,187.44,23.02,68.04,10.29,0.0,4.59,17,10,510.28,1103.73,1614.01
24.0,3.39,26.15,62.67,2.24,0.0,3.17,18,10,0.0,0.0,0.0
23.62,0.0,32.51,65.38,6.01,0.0,5.4,19,10,0.0,100.13,100.13
24.49,0.0,37.2,67.98,5.91,0.0,4.71,20,10,0.0,77.19,77.19
18.28,0.0,21.65,70.81,2.33,0.0,4.16,21,10,61.18,0.0,61.18
19.92,0.0,24.82,75.05,3.3,0.0,4.5,22,10,0.0,0.0,0.0
19.62,0.0,25.93,69.39,6.05,0.0,3.97,23,10,27.34,110.84,138.18
17.84,0.0,5.87,70.41,4.87,0.0,2.51,0,10,0.0,18.72,18.72
18.72,0.0,52.99,63.87,3.06,0.0,4.68,1,10,0.0,0.0,0.0
16.14,0.0,30.43,93.11,7.77,0.0,3.1,2,10,0.0,346.75,346.75
15.81,0.0,11.58,79.25,2.91,0.0,4.48,3,10,0.0,0.0,0.0
17.14,0.0,3.18,73.04,2.2,0.0,5.56,4,10,0.0,1.64,1.64
16.9,0.0,41.68,70.88,1.79,0.0,4.34,5,10,23.76,11.14,34.9
16.96,24.07,38.96,74.28,4.95,0.0,4.61,6,10,109.1,13.34,122.43
19.36,240.96,33.74,60.87,0.77,0.0,3.4,7,10,692.6,19.48,712.08
18.81,456.62,26.8,71.62,6.15,0.0,3.0,8,10,1303.25,103.49,1406.75
20.17,647.79,18.25,80.47,2.71,0.0,5.49,9,10,1757.93,0.0,1757.93
21.58,829.05,11.48,67.93,3.06,0.0,5.36,10,10,2284.08,0.0,2284.08
25.61,879.2,23.31,73.21,5.73,0.0,5.74,11,10,2369.31,66.2,2435.51
19.79,958.36,9.12,82.58,5.84,0.0,6.67,12,10,2582.25,83.42,2665.67
26.01,915.89,19.68,72.94,3.22,0.0,3.96,13,10,2634.49,0.0,2634.49
25.96,592.71,55.26,68.12,4.04,0.0,4.84,14,10,1686.59,3.62,1690.22
23.56,675.52,14.06,80.13,4.8,0.0,5.64,15,10,1863.57,44.21,1907.77
26.38,463.98,16.71,76.34,4.86,0.0,6.48,16,10,1275.59,46.92,1322.5
26.13,231.33,26.93,61.99,3.93,0.0,5.63,17,10,618.21,0.0,618.21
25.5,3.51,13.0,61.47,6.13,0.0,3.59,18,10,0.0,103.82,103.82
19.61,0.0,35.69,71.95,6.11,0.0,6.19,19,10,0.0,105.81,105.81
24.43,0.0,19.62,67.2,6.19,0.0,5.39,20,10,0.0,105.05,105.05
19.98,0.0,61.08,84.4,2.51,0.0,4.79,21,10,26.08,11.8,37.88
20.82,0.0,71.87,80.41,2.45,0.0,4.02,22,10,0.0,0.0,0.0
19.69,0.0,31.64,76.45,1.75,0.0,6.07,23,10,15.23,15.99,31.22
16.13,0.0,30.93,81.01,5.95,0.0,7.24,0,10,21.89,109.75,131.63
17.64,0.0,44.61,69.1,1.13,0.0,4.29,1,10,5.67,0.23,5.89
15.58,0.0,54.86,89.11,1.72,0.0,4.62,2,10,0.0,0.0,0.0
12.88,0.0,9.88,84.98,7.27,0.0,4.97,3,10,10.62,258.72,269.34
17.91,0.0,23.82,69.13,1.65,0.0,3.38,4,10,4.8,0.0,4.8
15.49,0.0,36.95,66.94,1.62,0.0,4.47,5,10,18.32,0.0,18.32
16.17,0.0,12.06,69.43,6.97,0.0,5.08,6,10,29.9,209.75,239.65
17.88,184.95,32.57,78.13,2.74,0.0,6.39,7,10,472.24,8.68,480.91
20.1,441.28,31.84,54.52,6.57,0.0,4.27,8,10,1250.04,142.87,1392.91
20.9,564.81,42.15,64.58,3.1,0.0,4.93,9,10,1584.3,14.79,1599.08
23.1,760.71,31.07,75.13,3.08,0.0,3.79,10,10,2164.5,14.24,2178.74
21.47,893.43,25.12,69.74,1.71,0.0,5.34,11,10,2478.19,0.54,2478.74
23.41,867.56,23.41,56.71,7.13,0.0,4.31,12,10,2425.83,227.28,2653.11
25.14,925.45,8.02,63.78,5.39,0.0,5.39,13,10,2524.34,48.44,2572.79
28.66,843.38,6.02,63.83,2.28,0.0,3.75,14,10,2314.29,0.0,2314.29
25.81,693.41,13.74,75.54,5.13,0.0,2.88,15,10,2010.32,40.06,2050.38
27.44,399.85,42.29,69.71,1.49,0.0,3.67,16,10,1122.93,0.0,1122.93
25.37,310.05,3.8,71.9,3.88,0.0,5.99,17,10,854.53,0.0,854.53
23.79,0.0,4.41,76.2,2.44,0.0,4.28,18,10,4.17,2.99,7.16
23.11,0.0,23.0,57.87,6.2,0.0,4.34,19,10,0.0,85.78,85.78
22.03,0.0,51.75,82.53,3.81,0.0,4.75,20,10,26.96,3.9,30.85
21.89,0.0,8.47,82.71,7.17,0.0,4.52,21,10,0.0,250.92,250.92
21.75,0.0,2.96,68.0,4.22,0.0,4.95,22,10,18.25,16.35,34.6
19.02,0.0,30.33,52.21,3.77,0.0,4.6,23,10,0.0,0.0,0.0
19.13,0.0,10.83,86.68,4.9,0.0,7.57,0,10,0.0,22.9,22.9
15.11,0.0,13.99,58.86,5.57,0.0,5.73,1,10,0.0,56.19,56.19
15.43,0.0,16.08,83.51,0.56,0.0,5.3,2,10,28.04,19.72,47.76
14.8,0.0,54.25,77.63,3.87,0.0,5.19,3,10,0.0,0.0,0.0
16.53,0.0,4.76,74.36,5.5,0.0,4.8,4,10,16.87,50.22,67.09
16.02,0.0,52.37,76.32,3.26,0.0,4.07,5,10,8.64,5.2,13.83
18.44,11.33,22.3,77.93,0.97,0.0,5.08,6,10,33.77,26.52,60.28
16.99,250.93,17.37,61.46,0.6,0.0,3.1,7,10,722.33,5.61,727.94
19.66,395.25,40.99,73.89,5.65,0.0,3.2,8,10,1144.54,71.73,1216.26
21.92,612.81,26.92,61.28,2.11,0.0,4.04,9,10,1734.41,0.0,1734.41
19.08,790.21,25.3,72.07,1.97,0.0,4.76,10,10,2175.67,0.0,2175.67
26.57,902.25,23.17,68.41,2.63,0.0,3.65,11,10,2570.29,16.75,2587.04
24.0,729.86,46.56,77.21,1.48,0.0,4.89,12,10,2076.38,9.56,2085.93
22.18,721.43,48.59,66.51,1.05,0.0,2.98,13,10,2034.25,0.0,2034.25
25.95,776.64,28.95,82.18,6.46,0.0,4.1,14,10,2166.3,145.43,2311.72
25.94,696.74,19.7,60.73,2.7,0.0,2.81,15,10,2035.15,0.0,2035.15
25.59,408.92,39.31,61.35,4.21,0.0,4.57,16,10,1126.06,21.81,1147.87
26.7,281.08,12.75,75.19,6.28,0.0,6.06,17,10,774.11,128.24,902.35
25.54,16.77,36.31,66.37,8.76,0.0,4.45,18,10,44.06,562.05,606.1
23.83,0.0,35.58,71.84,4.86,0.0,5.46,19,10,34.62,3.42,38.04
22.85,0.0,25.7,67.66,7.79,0.0,5.41,20,10,0.0,365.74,365.74
20.73,0.0,40.45,71.13,3.34,0.0,4.14,21,10,0.0,0.0,0.0
22.25,0.0,28.07,75.09,5.62,0.0,5.02,22,10,15.5,57.52,73.01
16.17,0.0,16.42,89.77,7.5,0.0,3.1,23,10,28.42,261.37,289.79
17.46,0.0,20.96,79.17,1.05,0.0,4.1,0,10,10.36,0.0,10.36
16.56,0.0,27.65,82.56,2.78,0.0,4.34,1,10,0.0,0.0,0.0
17.18,0.0,24.94,86.24,5.22,0.0,3.38,2,10,0.0,13.27,13.27
14.52,0.0,33.89,77.85,2.77,0.0,4.42,3,10,6.48,13.51,19.99
13.34,0.0,15.44,75.15,0.59,0.0,3.61,4,10,15.58,4.04,19.62
16.69,0.0,37.28,70.77,5.77,0.0,5.25,5,10,19.9,66.83,86.73
17.67,0.0,67.69,70.7,1.91,0.0,3.06,6,10,0.0,1.84,1.84
20.52,232.57,15.93,66.02,2.8,0.0,3.52,7,10,673.75,29.54,703.29
17.59,366.43,43.02,86.69,6.99,0.0,4.3,8,10,1010.94,214.76,1225.7
22.52,672.6,13.79,56.9,2.18,0.0,3.28,9,10,1959.26,0.0,1959.26
25.63,838.43,17.53,72.97,6.75,0.0,6.02,10,10,2235.26,168.39,2403.65
22.72,870.06,25.16,61.93,3.33,0.0,2.02,11,10,2577.59,0.0,2577.59
22.39,906.45,25.17,86.46,7.12,0.0,3.56,12,10,2536.75,227.87,2764.62
24.51,956.31,8.17,72.81,6.51,0.0,4.53,13,10,2661.63,154.87,2816.49
25.64,672.52,43.9,61.22,3.3,0.0,6.01,14,10,1791.7,20.13,1811.84
26.63,661.42,12.47,62.71,7.19,0.0,2.7,15,10,1904.74,250.04,2154.77
24.73,393.56,33.7,68.65,4.5,0.0,3.29,16,10,1132.84,23.26,1156.1
27.45,280.92,7.55,71.14,3.62,0.0,3.72,17,10,772.98,45.72,818.7
22.65,0.0,11.95,74.5,3.91,0.0,5.83,18,10,0.0,0.0,0.0
20.68,0.0,7.86,74.08,1.15,0.0,5.04,19,10,23.77,0.0,23.77
23.74,0.0,18.54,64.85,5.78,0.0,3.5,20,10,0.0,85.3,85.3
17.38,0.0,11.43,75.83,2.65,0.0,5.45,21,10,1.77,12.91,14.68
19.19,0.0,29.19,86.71,2.53,0.0,4.61,22,10,0.0,6.46,6.46
22.97,0.0,28.29,88.47,5.04,0.0,4.43,23,10,18.1,29.03,47.13
17.14,0.0,16.49,87.25,3.06,0.0,4.63,0,10,0.0,1.08,1.08
14.68,0.0,18.01,73.73,3.82,0.0,3.3,1,10,6.98,0.0,6.98
15.78,0.0,50.0,91.53,3.33,0.0,4.57,2,10,0.0,0.75,0.75
15.62,0.0,23.32,77.61,3.77,0.0,3.94,3,10,11.24,0.0,11.24
16.1,0.0,22.9,79.7,2.26,0.0,6.98,4,10,0.0,3.2,3.2
17.36,0.0,24.68,68.07,6.62,0.0,5.87,5,10,0.0,210.12,210.12
15.6,0.0,21.91,81.19,4.37,0.0,4.03,6,10,8.66,0.0,8.66
20.72,224.76,13.63,67.85,2.32,0.0,4.65,7,10,643.04,0.0,643.04
19.77,414.82,39.22,86.28,1.39,0.0,3.21,8,10,1159.65,3.51,1163.16
21.78,538.77,48.12,93.21,3.94,0.0,4.56,9,10,1540.47,0.0,1540.47
21.04,853.23,8.55,73.73,3.58,0.0,3.07,10,10,2416.24,0.0,2416.24
25.12,871.01,27.14,72.67,7.39,0.0,3.7,11,10,2478.75,256.57,2735.32
23.84,710.4,49.12,67.93,2.3,0.0,4.81,12,10,2020.01,10.02,2030.03
25.44,468.38,78.9,69.43,6.57,1.24,3.13,13,10,1386.0,179.83,1565.84
24.12,674.34,46.36,65.32,5.43,0.0,3.24,14,10,1897.66,64.18,1961.84
24.2,636.65,27.37,72.45,3.62,0.0,3.38,15,10,1832.98,14.97,1847.95
26.55,427.22,32.92,70.35,6.47,0.0,4.11,16,10,1184.27,156.52,1340.79
24.36,177.26,49.06,72.16,6.33,0.0,5.6,17,10,463.73,124.46,588.19
22.95,6.77,2.69,77.44,5.04,0.0,5.4,18,10,25.04,49.74,74.78
22.23,0.0,19.34,69.41,1.47,0.0,3.78,19,10,25.03,0.0,25.03
23.04,0.0,7.34,92.88,1.88,0.0,5.58,20,10,0.0,0.0,0.0
19.75,0.0,40.18,70.08,4.26,0.0,4.17,21,10,0.0,0.0,0.0
19.22,0.0,10.77,70.63,2.39,0.0,4.38,22,10,0.0,0.0,0.0
18.22,0.0,47.75,57.01,4.03,0.0,4.16,23,10,18.83,26.04,44.86
14.19,0.0,14.55,88.05,4.08,0.0,4.83,0,10,12.64,4.36,17.0
14.06,0.0,45.58,59.24,4.23,0.0,3.27,1,10,12.8,0.0,12.8
16.27,0.0,43.44,76.74,4.13,0.0,3.66,2,10,0.0,23.48,23.48
14.49,0.0,32.43,75.59,3.11,0.0,5.26,3,10,0.0,13.91,13.91
17.35,0.0,62.67,66.67,2.19,0.0,3.71,4,10,0.0,0.0,0.0
17.72,0.0,7.27,78.25,3.85,0.0,3.47,5,10,0.0,5.06,5.06
18.14,0.0,52.08,91.37,3.72,0.0,2.63,6,10,3.04,0.0,3.04
20.83,249.13,17.57,79.85,2.55,0.0,4.67,7,10,676.77,0.0,676.77
19.18,447.26,26.97,69.88,1.03,0.0,3.06,8,10,1274.41,3.39,1277.8
21.57,618.69,26.37,89.03,2.16,0.0,5.76,9,10,1675.45,23.64,1699.09
21.02,782.66,27.86,67.92,4.03,0.0,4.69,10,10,2153.4,24.78,2178.17
26.78,926.52,20.29,75.62,3.94,0.0,2.81,11,10,2613.06,0.0,2613.06
27.11,914.97,21.27,52.57,1.7,0.0,4.34,12,10,2522.66,14.63,2537.3
24.95,937.95,11.99,67.21,4.34,0.0,3.48,13,10,2674.67,12.4,2687.07
26.01,878.63,7.13,58.28,3.34,0.0,4.82,14,10,2413.19,4.86,2418.06
27.64,555.32,34.6,82.45,4.63,0.0,3.85,15,10,1556.9,1.89,1558.8
25.21,392.88,53.07,63.21,6.66,0.0,6.41,16,10,1093.26,154.49,1247.75
23.94,239.39,22.73,62.1,2.73,0.0,6.37,17,10,650.57,35.65,686.22
25.45,15.15,6.16,72.19,2.94,0.0,3.62,18,10,10.2,13.02,23.22
23.22,0.0,21.04,69.14,4.78,0.0,4.0,19,10,0.0,18.67,18.67
22.17,0.0,27.49,89.57,7.77,0.0,4.94,20,10,27.53,330.8,358.33
19.35,0.0,8.23,78.25,3.67,0.0,3.57,21,10,0.12,0.0,0.12
16.73,0.0,32.91,79.45,1.94,0.0,3.58,22,10,0.0,17.88,17.88
18.45,0.0,23.15,82.62,7.44,0.0,2.6,23,10,0.0,276.47,276.47
18.33,0.0,15.18,75.23,3.58,0.0,2.66,0,10,34.9,0.0,34.9
15.84,0.0,3.58,81.9,3.54,0.0,4.92,1,10,25.34,4.07,29.41
17.83,0.0,29.77,70.9,3.96,0.0,4.17,2,10,0.0,1.92,1.92
14.45,0.0,30.86,76.69,2.43,0.0,3.38,3,10,0.0,0.0,0.0
14.09,0.0,21.72,74.78,5.58,0.0,4.78,4,10,9.04,56.56,65.6
16.07,0.0,39.29,82.83,4.55,0.0,2.05,5,10,0.0,25.48,25.48
16.85,11.61,44.23,73.46,7.92,0.0,3.81,6,10,56.88,371.8,428.69
19.16,254.56,14.72,82.25,2.15,0.0,4.08,7,10,718.67,0.0,718.67
18.05,453.06,10.35,70.42,4.42,0.0,2.88,8,10,1271.18,0.0,1271.18
22.56,584.58,39.39,64.19,3.84,0.0,4.68,9,10,1653.55,19.75,1673.3
24.75,803.86,19.01,71.21,6.75,0.0,4.99,10,10,2208.44,178.16,2386.6
22.95,887.42,25.32,72.57,0.79,0.0,4.2,11,10,2449.42,17.05,2466.47
25.92,639.97,58.83,74.76,5.38,0.0,3.44,12,10,1840.79,69.92,1910.71
23.25,808.01,37.86,61.64,4.44,0.0,3.24,13,10,2330.0,7.47,2337.47
26.95,861.36,11.61,54.35,4.35,0.0,4.04,14,10,2390.93,7.33,2398.26
27.08,690.62,12.86,76.24,6.49,0.0,3.32,15,10,2001.27,152.02,2153.29
26.63,401.8,30.24,56.21,4.25,0.0,4.19,16,10,1144.46,30.47,1174.93
24.81,268.36,34.67,75.86,5.05,0.0,5.13,17,10,689.52,19.98,709.5
19.61,11.9,12.15,56.66,4.58,0.0,4.78,18,10,13.29,31.16,44.45
22.04,0.0,37.89,77.09,1.21,0.0,3.8,19,10,32.78,0.0,32.78
20.86,0.0,38.08,73.88,1.56,0.0,4.51,20,10,54.41,0.0,54.41
19.04,0.0,38.98,79.39,2.89,0.0,4.09,21,10,0.0,0.0,0.0
19.39,0.0,63.27,81.87,4.78,0.0,4.39,22,10,19.51,7.7,27.21
17.38,0.0,34.98,85.73,0.74,0.0,4.26,23,10,0.0,0.0,0.0
15.64,0.0,7.34,83.95,5.48,0.0,6.18,0,10,11.01,76.75,87.76
14.5,0.0,12.94,88.29,2.14,0.0,4.37,1,10,0.0,26.16,26.16
14.51,0.0,22.46,90.57,4.07,0.0,5.21,2,10,0.0,32.83,32.83
17.1,0.0,13.11,88.68,2.13,0.0,2.74,3,10,0.0,0.0,0.0
14.59,0.0,30.9,85.64,1.98,0.0,4.81,4,10,72.25,20.76,93.02
15.31,0.0,10.23,73.05,2.87,0.0,3.67,5,10,0.0,13.57,13.57
16.19,0.0,16.37,77.56,7.18,0.0,4.42,6,10,3.24,228.99,232.23
18.42,245.0,7.22,76.1,2.35,0.0,4.1,7,10,700.53,0.0,700.53
19.8,364.88,48.71,69.8,1.0,0.0,0.36,8,10,1085.13,15.66,1100.79
15.85,608.51,22.19,70.81,6.58,0.0,5.89,9,10,1646.0,156.05,1802.05
23.24,636.83,52.49,78.51,3.42,0.0,2.58,10,10,1846.02,0.0,1846.02
25.07,801.53,31.42,71.32,4.43,0.0,2.82,11,10,2315.42,1.21,2316.63
22.37,902.66,22.27,66.8,6.63,0.0,3.61,12,10,2564.03,172.58,2736.61
23.29,819.64,32.69,71.36,5.34,0.0,3.18,13,10,2326.62,59.01,2385.63
24.57,836.44,10.88,71.92,5.68,0.0,3.22,14,10,2380.33,75.7,2456.03
24.28,683.1,15.26,60.64,3.64,0.0,4.17,15,10,1902.23,4.68,1906.91
25.58,375.22,48.12,61.92,4.85,0.0,4.29,16,10,1066.55,4.5,1071.05
21.82,245.82,41.36,70.3,8.2,0.0,3.69,17,10,703.62,447.44,1151.06
22.27,6.96,17.73,71.03,6.68,0.0,3.78,18,10,22.53,166.88,189.41
25.22,0.0,13.94,55.97,4.38,0.0,3.67,19,10,0.0,15.43,15.43
20.32,0.0,55.08,80.59,1.34,0.0,3.77,20,10,0.0,19.59,19.59
22.28,0.0,13.6,72.51,8.88,0.0,4.83,21,10,0.0,593.78,593.78
19.65,0.0,35.36,73.43,2.27,0.0,5.85,22,10,0.0,0.0,0.0
15.2,0.0,33.66,75.04,3.01,0.0,4.6,23,10,11.77,0.6,12.37
17.74,0.0,11.05,69.6,1.75,0.0,6.38,0,11,0.0,13.56,13.56
15.82,0.0,22.72,80.15,1.92,0.0,1.08,1,11,0.0,0.0,0.0
14.81,0.0,28.88,82.49,5.67,0.0,3.47,2,11,0.0,106.13,106.13
15.69,0.0,34.88,95.0,1.67,0.0,3.0,3,11,1.96,0.0,1.96
16.21,0.0,7.54,95.0,2.06,0.0,5.43,4,11,8.97,0.0,8.97
17.05,0.0,16.03,74.26,1.95,0.0,4.65,5,11,35.91,0.0,35.91
18.56,41.69,36.21,69.06,3.06,0.0,4.02,6,11,104.31,16.44,120.75
18.44,193.98,46.14,66.75,4.9,0.0,4.85,7,11,574.37,31.35,605.72
16.97,445.61,36.32,79.34,4.57,0.0,5.48,8,11,1230.69,31.43,1262.12
19.61,690.93,3.17,65.48,5.11,0.0,3.0,9,11,1984.18,29.91,2014.09
26.03,727.43,39.39,56.73,5.13,0.0,3.01,10,11,2122.47,46.03,2168.5
23.91,930.71,19.41,64.43,0.5,0.0,3.64,11,11,2653.34,28.06,2681.4
27.41,969.83,5.91,61.23,4.83,0.0,4.18,12,11,2711.0,12.75,2723.75
26.75,825.73,32.4,60.98,4.83,0.0,4.55,13,11,2278.37,17.39,2295.76
25.52,650.22,47.71,55.44,1.14,0.0,3.98,14,11,1798.75,8.16,1806.91
25.78,549.48,50.5,67.34,3.36,0.0,4.1,15,11,1553.58,26.62,1580.2
25.1,461.1,32.65,68.01,1.29,0.0,4.68,16,11,1295.73,3.53,1299.26
22.05,220.29,29.19,83.25,2.07,0.0,4.5,17,11,610.72,4.01,614.72
23.89,0.0,22.82,60.4,3.69,0.0,3.76,18,11,0.0,0.0,0.0
24.64,0.0,51.47,73.64,0.5,0.0,4.73,19,11,0.0,0.0,0.0
20.72,0.0,46.59,88.42,1.42,0.0,3.51,20,11,0.0,0.0,0.0
20.94,0.0,29.38,62.22,1.34,0.0,3.83,21,11,22.13,8.26,30.39
20.31,0.0,1.75,65.91,1.64,0.0,6.08,22,11,0.0,0.0,0.0
16.46,0.0,47.43,69.19,1.02,0.0,2.8,23,11,0.0,20.46,20.46
16.02,0.0,6.07,83.35,4.38,0.0,4.14,0,11,2.04,43.44,45.47
14.38,0.0,20.07,85.01,2.0,0.0,3.92,1,11,54.54,10.23,64.77
14.17,0.0,25.02,89.62,6.34,0.0,4.97,2,11,51.06,110.69,161.75
13.3,0.0,4.46,83.67,6.62,0.0,6.24,3,11,0.0,145.32,145.32
14.05,0.0,20.87,95.0,4.88,0.0,5.07,4,11,0.0,36.77,36.77
18.03,0.0,11.83,81.69,1.17,0.0,4.09,5,11,0.0,15.96,15.96
15.33,52.49,23.82,90.68,6.71,0.0,4.31,6,11,134.98,180.08,315.06
17.92,195.24,39.11,78.73,3.31,0.0,3.16,7,11,550.37,0.0,550.37
18.19,402.83,37.62,74.09,2.01,0.0,4.3,8,11,1091.32,0.0,1091.32
22.0,655.92,15.11,71.18,5.53,0.0,5.0,9,11,1827.88,78.33,1906.2
23.5,664.2,45.09,81.78,2.94,0.0,5.45,10,11,1809.28,0.0,1809.28
24.03,741.03,47.26,76.52,3.78,0.0,3.36,11,11,2111.34,6.29,2117.63
24.23,829.71,34.41,75.79,5.25,0.0,4.5,12,11,2311.65,49.99,2361.65
24.22,868.88,27.43,77.88,1.47,0.0,2.62,13,11,2492.06,0.0,2492.06
23.28,791.51,18.16,73.18,1.94,0.0,3.55,14,11,2211.4,17.85,2229.25
28.15,706.09,11.12,87.75,8.37,0.0,3.52,15,11,1968.25,466.18,2434.43
23.92,367.33,47.7,68.5,5.03,0.0,5.35,16,11,984.27,46.86,1031.12
25.56,234.25,20.51,69.2,2.31,0.0,1.29,17,11,656.9,0.0,656.9
25.36,28.14,67.97,64.98,4.16,0.0,5.6,18,11,45.94,0.0,45.94
21.9,0.0,15.28,76.71,2.05,0.0,2.43,19,11,5.01,11.55,16.55
23.09,0.0,64.72,57.23,6.37,0.0,3.63,20,11,0.0,160.55,160.55
21.38,0.0,36.48,49.67,3.47,0.0,5.75,21,11,27.99,0.0,27.99
21.53,0.0,21.34,67.99,5.77,0.0,1.42,22,11,26.12,82.0,108.12
17.03,0.0,33.02,83.23,8.51,0.0,2.56,23,11,49.79,488.47,538.26
14.68,0.0,28.45,89.59,8.95,0.0,4.64,0,11,0.0,623.72,623.72
15.06,0.0,21.34,70.85,1.73,0.0,1.95,1,11,0.0,2.92,2.92
15.63,0.0,11.49,66.91,7.66,0.0,6.04,2,11,0.0,320.23,320.23
15.23,0.0,4.76,74.94,2.53,0.0,3.51,3,11,0.0,0.0,0.0
14.73,0.0,44.25,75.41,3.0,0.0,3.95,4,11,0.0,5.22,5.22
12.95,0.0,41.63,85.2,1.15,0.0,3.97,5,11,30.26,9.48,39.74
17.32,0.0,20.91,79.22,4.58,0.0,3.33,6,11,22.22,2.48,24.7
20.61,215.78,20.84,86.01,4.57,0.0,4.99,7,11,582.28,25.08,607.35
19.55,374.1,48.73,72.23,5.51,0.0,2.42,8,11,1091.23,76.34,1167.56
21.06,550.94,43.17,63.09,7.69,0.0,3.22,9,11,1589.04,344.4,1933.44
22.3,864.15,9.22,74.68,3.36,0.0,3.71,10,11,2412.28,0.0,2412.28
23.24,743.44,42.98,63.38,3.26,0.0,3.19,11,11,2117.08,0.0,2117.08
25.08,830.92,39.15,61.3,4.54,0.0,1.87,12,11,2443.72,12.86,2456.58
25.07,859.7,30.4,82.5,4.72,0.0,4.13,13,11,2352.26,58.34,2410.6
24.51,823.27,9.53,77.04,3.45,0.0,3.34,14,11,2337.05,0.0,2337.05
23.95,693.16,6.84,66.84,7.14,0.0,3.13,15,11,1983.18,212.87,2196.05
24.6,461.9,31.22,84.05,1.04,0.0,5.95,16,11,1250.35,0.0,1250.35
24.95,238.6,27.66,75.7,5.35,0.0,4.32,17,11,653.72,41.17,694.89
23.21,0.0,13.54,74.26,2.17,0.0,2.89,18,11,10.8,0.0,10.8
23.12,0.0,61.12,65.83,3.72,0.0,3.43,19,11,0.43,0.0,0.43
22.1,0.0,48.27,56.01,6.21,0.0,2.81,20,11,0.0,106.43,106.43
21.4,0.0,9.78,66.48,2.85,0.0,2.83,21,11,0.0,0.0,0.0
20.78,0.0,7.9,70.14,6.82,0.0,2.75,22,11,0.0,198.04,198.04
17.76,0.0,27.05,68.11,3.48,0.0,3.78,23,11,2.73,44.96,47.69
14.56,0.0,37.85,82.51,4.96,0.0,2.65,0,11,0.0,43.42,43.42
15.21,0.0,41.52,64.44,5.1,0.0,2.32,1,11,11.47,44.87,56.34
15.3,0.0,38.33,91.29,2.47,0.0,1.73,2,11,0.0,15.6,15.6
12.31,0.0,30.58,80.57,6.84,0.0,3.86,3,11,0.0,195.76,195.76
17.31,0.0,50.75,84.14,1.64,0.0,4.01,4,11,0.0,21.59,21.59
15.94,0.0,63.12,85.69,4.25,0.0,3.2,5,11,0.0,18.23,18.23
17.1,11.94,32.61,68.61,7.32,0.0,4.15,6,11,47.37,232.67,280.04
19.61,193.71,42.39,61.54,0.8,0.0,1.51,7,11,587.53,12.39,599.92
17.82,481.26,6.39,72.49,3.92,0.0,1.82,8,11,1409.48,2.81,1412.29
20.92,437.57,71.41,76.9,2.39,0.0,3.53,9,11,1221.17,0.25,1221.43
21.19,693.02,40.2,74.67,2.08,0.0,4.21,10,11,1900.95,0.0,1900.95
22.28,943.3,10.93,81.58,2.32,0.0,3.04,11,11,2682.15,13.28,2695.43
22.44,875.52,28.92,75.21,6.87,0.0,4.25,12,11,2465.63,182.29,2647.93
26.89,854.52,24.1,70.46,3.35,0.0,4.1,13,11,2425.41,0.0,2425.41
24.33,604.9,51.59,63.34,2.33,0.0,5.29,14,11,1681.07,16.28,1697.35
26.11,561.42,43.56,65.63,7.29,0.0,2.78,15,11,1557.69,237.64,1795.33
22.08,466.28,5.99,70.68,2.8,0.0,3.23,16,11,1328.25,19.91,1348.16
26.16,183.6,46.22,72.55,5.1,0.0,3.8,17,11,521.88,66.8,588.68
25.17,13.04,35.98,74.81,3.95,0.0,4.08,18,11,0.0,23.0,23.0
22.71,0.0,23.96,69.89,4.8,0.0,1.59,19,11,0.0,15.8,15.8
21.01,0.0,44.15,72.19,2.02,0.0,3.59,20,11,22.03,0.26,22.29
20.66,0.0,37.92,77.02,4.79,0.0,3.82,21,11,4.14,29.13,33.26
22.2,0.0,21.31,87.82,6.92,0.0,3.04,22,11,0.0,181.59,181.59
14.92,0.0,33.61,67.19,1.47,0.0,5.59,23,11,13.79,2.05,15.84
17.61,0.0,45.88,70.47,2.83,0.0,3.53,0,11,0.0,0.0,0.0
14.28,0.0,17.98,74.8,8.54,0.0,2.7,1,11,30.73,510.98,541.71
15.12,0.0,17.12,70.33,2.27,0.0,4.79,2,11,0.0,0.37,0.37
14.6,0.0,22.96,75.11,1.12,0.0,3.28,3,11,0.0,1.55,1.55
14.5,0.0,19.18,84.61,1.07,0.0,3.58,4,11,0.0,18.39,18.39
15.63,0.0,33.33,87.81,2.55,0.0,3.49,5,11,0.0,0.0,0.0
14.74,0.0,31.28,83.15,3.72,0.0,4.8,6,11,21.64,6.29,27.92
19.02,266.51,17.05,77.86,2.52,0.0,2.98,7,11,789.33,0.0,789.33
15.99,467.72,8.59,72.46,2.58,0.0,2.74,8,11,1395.54,37.86,1433.4
20.79,627.9,30.18,52.75,6.0,0.0,2.33,9,11,1800.19,60.6,1860.79
20.78,750.67,29.07,77.06,5.43,0.0,3.33,10,11,2183.69,48.93,2232.62
20.72,737.76,48.7,84.81,2.75,0.0,3.6,11,11,2121.79,16.52,2138.32
23.82,1027.11,5.68,78.09,2.93,0.0,3.26,12,11,2923.11,0.0,2923.11
21.97,862.09,23.72,71.88,8.41,0.0,3.07,13,11,2472.19,503.53,2975.72
24.87,871.68,4.46,69.78,7.79,0.0,2.78,14,11,2492.73,346.13,2838.86
22.84,720.79,4.97,82.82,8.56,0.0,5.02,15,11,2019.53,514.9,2534.43
25.5,376.76,36.69,62.83,7.53,0.0,2.44,16,11,1050.23,263.99,1314.22
22.92,245.91,30.69,67.87,4.48,0.0,1.54,17,11,701.32,22.73,724.05
22.84,7.01,16.32,57.2,2.73,0.0,3.48,18,11,24.21,5.96,30.18
22.92,0.0,19.83,75.22,8.41,0.0,5.34,19,11,3.79,450.83,454.62
20.11,0.0,22.59,70.87,5.24,0.0,4.17,20,11,1.75,48.9,50.65
19.89,0.0,6.61,72.74,5.02,0.0,3.99,21,11,0.0,43.6,43.6
16.41,0.0,17.47,84.76,5.69,0.0,4.41,22,11,0.0,72.07,72.07
18.42,0.0,16.04,70.88,4.3,0.0,2.88,23,11,0.0,32.34,32.34
19.0,0.0,46.18,80.18,4.21,0.0,2.6,0,11,0.0,11.54,11.54
19.75,0.0,35.04,79.69,3.01,0.0,3.4,1,11,21.55,0.0,21.55
15.2,0.0,34.6,77.87,1.82,0.0,4.35,2,11,19.95,3.94,23.89
16.08,0.0,17.79,86.42,3.42,0.0,2.79,3,11,12.79,0.0,12.79
12.39,0.0,22.12,83.3,3.84,0.0,2.62,4,11,0.73,0.0,0.73
17.82,0.0,18.61,83.34,6.52,0.0,3.2,5,11,0.0,127.72,127.72
17.52,0.0,5.91,73.04,3.22,0.0,4.4,6,11,0.0,0.0,0.0
16.67,269.64,16.64,83.68,6.59,0.0,3.8,7,11,782.26,154.79,937.05
20.45,391.79,49.98,71.62,2.78,0.0,3.54,8,11,1117.05,0.0,1117.05
19.51,607.57,29.05,78.27,7.66,0.0,2.32,9,11,1798.81,338.08,2136.89
20.5,828.57,16.17,77.23,0.9,0.0,2.8,10,11,2380.64,0.0,2380.64
23.11,812.65,35.74,68.08,3.88,0.0,2.3,11,11,2348.78,2.83,2351.61
21.83,676.77,58.21,69.38,2.8,0.0,2.04,12,11,1946.63,3.43,1950.06
25.76,747.58,45.1,66.4,2.66,0.0,2.38,13,11,2168.49,8.5,2176.99
23.14,833.34,17.4,71.81,1.29,0.0,4.2,14,11,2356.26,13.02,2369.27
23.32,645.99,21.49,75.61,4.81,0.0,3.76,15,11,1861.88,44.55,1906.43
23.36,443.41,35.3,72.87,3.18,0.0,3.37,16,11,1285.74,0.0,1285.74
25.36,189.9,44.85,44.58,7.76,0.0,2.44,17,11,537.01,353.6,890.61
22.5,3.85,19.31,78.84,5.02,0.0,3.04,18,11,0.0,53.19,53.19
20.37,0.0,6.42,77.78,3.44,0.0,3.69,19,11,24.99,36.2,61.19
20.28,0.0,24.89,84.09,4.47,0.0,2.57,20,11,0.0,17.46,17.46
19.85,0.0,27.03,81.98,1.18,0.0,3.13,21,11,0.0,1.25,1.25
16.83,0.0,11.12,75.42,4.24,0.0,3.35,22,11,0.0,21.94,21.94
15.67,0.0,43.26,70.87,4.71,0.0,4.9,23,11,48.53,62.35,110.89
19.44,0.0,16.9,90.12,1.51,0.0,4.27,0,11,11.7,1.02,12.72
14.19,0.0,27.49,92.24,4.82,0.0,5.19,1,11,20.04,28.22,48.26
14.5,0.0,28.31,87.57,3.61,0.0,2.73,2,11,36.65,10.15,46.8
14.26,0.0,18.53,75.52,3.64,0.0,3.87,3,11,7.5,0.0,7.5
14.35,0.0,52.69,71.36,5.1,0.0,3.6,4,11,0.0,55.92,55.92
16.41,0.0,38.99,75.83,3.48,0.0,4.4,5,11,0.0,0.0,0.0
17.7,1.43,12.42,84.64,2.33,0.0,4.98,6,11,0.0,0.0,0.0
16.85,251.41,21.73,59.52,2.68,0.0,2.25,7,11,736.21,0.62,736.83
16.66,475.17,15.25,73.19,5.21,0.0,2.74,8,11,1379.98,74.18,1454.17
21.72,649.36,14.77,94.36,1.22,0.0,1.7,9,11,1890.26,0.0,1890.26
20.96,756.44,31.63,70.99,6.1,0.0,4.09,10,11,2113.22,127.51,2240.72
24.91,821.69,34.13,69.41,4.2,0.0,2.46,11,11,2366.52,0.0,2366.52
19.98,897.41,27.1,74.82,5.13,0.0,2.53,12,11,2579.51,53.17,2632.68
24.43,838.58,37.07,83.47,2.92,0.0,3.83,13,11,2400.56,18.11,2418.67
27.52,796.32,25.99,63.39,2.26,0.0,1.85,14,11,2327.81,13.35,2341.15
24.28,594.0,35.13,55.49,5.75,0.0,2.05,15,11,1737.7,68.43,1806.14
24.3,439.37,20.22,78.08,1.48,0.0,2.77,16,11,1249.72,8.64,1258.35
24.58,232.65,42.12,60.95,1.92,0.0,3.34,17,11,667.71,12.72,680.42
22.51,0.0,29.79,60.05,2.61,0.0,2.97,18,11,26.9,0.0,26.9
21.84,0.0,26.46,85.0,2.96,0.0,3.49,19,11,2.92,0.0,2.92
20.6,0.0,32.98,80.23,2.15,0.0,4.43,20,11,6.71,10.79,17.5
18.87,0.0,13.39,73.43,7.03,0.0,3.88,21,11,10.78,205.03,215.8
20.36,0.0,20.16,83.81,0.75,0.0,2.68,22,11,0.0,3.69,3.69
18.0,0.0,16.52,85.2,5.74,0.0,2.7,23,11,11.95,92.21,104.16
16.57,0.0,11.98,73.65,3.27,0.0,3.74,0,11,0.0,0.0,0.0
16.61,0.0,58.37,80.59,6.05,0.0,2.99,1,11,0.0,100.8,100.8
14.51,0.0,29.2,80.74,5.67,0.0,4.28,2,11,28.47,63.64,92.11
13.57,0.0,60.16,77.4,1.62,0.0,3.2,3,11,0.0,3.16,3.16
14.0,0.0,14.52,82.56,4.72,0.0,1.83,4,11,19.27,30.99,50.26
15.4,0.0,30.93,86.66,3.1,0.0,3.37,5,11,0.0,1.7,1.7
14.61,0.0,19.26,74.0,5.9,0.0,3.12,6,11,10.43,107.88,118.31
16.48,238.71,13.39,85.81,6.21,0.0,3.43,7,11,657.03,123.24,780.27
17.66,455.96,23.22,62.95,2.06,0.0,1.92,8,11,1332.15,0.0,1332.15
22.92,641.62,28.04,73.26,3.63,0.0,1.86,9,11,1835.82,5.75,1841.57
16.86,474.28,72.74,72.87,4.27,0.0,4.77,10,11,1355.34,19.1,1374.44
21.96,811.4,29.51,85.27,3.99,0.0,2.43,11,11,2364.86,37.95,2402.81
25.86,684.06,53.69,55.08,2.42,0.0,2.85,12,11,1978.31,6.1,1984.41
24.24,787.28,42.51,67.99,2.54,0.0,1.28,13,11,2304.53,0.0,2304.53
25.69,847.39,5.43,61.51,6.29,0.0,3.27,14,11,2412.47,119.66,2532.13
24.88,588.47,40.74,64.6,0.82,0.0,1.49,15,11,1722.7,0.0,1722.7
23.56,413.91,41.55,61.62,2.48,0.0,3.12,16,11,1114.07,0.0,1114.07
20.7,112.75,64.78,75.54,2.26,0.0,3.41,17,11,301.73,0.03,301.76
23.58,0.0,56.14,72.53,3.06,0.0,2.67,18,11,0.0,5.34,5.34
21.07,0.0,25.47,59.89,4.84,0.0,3.83,19,11,3.87,13.1,16.97
19.82,0.0,20.02,80.2,3.92,0.0,3.27,20,11,0.0,31.31,31.31
18.98,0.0,27.56,63.53,3.97,0.0,3.56,21,11,14.46,0.0,14.46
21.05,0.0,39.31,73.97,5.16,0.0,2.98,22,11,0.0,42.52,42.52
20.84,0.0,15.68,88.09,5.82,0.0,3.22,23,11,24.88,55.82,80.7
16.44,0.0,50.72,72.39,1.88,0.0,5.22,0,11,8.77,3.27,12.04
14.63,0.0,60.4,79.06,1.52,0.0,2.91,1,11,4.9,11.48,16.37
13.06,0.0,9.31,77.02,2.69,0.0,2.11,2,11,0.0,6.07,6.07
15.36,0.0,17.93,75.21,5.97,0.0,2.87,3,11,19.06,100.14,119.21
17.5,0.0,6.27,80.49,3.98,0.0,4.03,4,11,26.7,21.13,47.83
14.95,0.0,16.74,93.96,1.77,0.0,2.12,5,11,26.68,19.97,46.65
12.55,0.0,35.17,83.66,1.9,0.0,0.99,6,11,0.0,6.68,6.68
18.16,207.79,20.23,86.75,6.8,0.0,0.58,7,11,624.32,198.1,822.42
19.84,446.66,29.82,69.39,3.04,0.0,3.15,8,11,1279.33,0.0,1279.33
17.27,679.98,3.89,87.14,2.44,0.0,2.56,9,11,1911.44,8.37,1919.81
21.21,825.99,14.97,86.85,4.9,0.0,4.11,10,11,2344.44,31.06,2375.5
22.83,938.74,8.32,81.35,6.32,0.0,2.92,11,11,2684.77,124.0,2808.77
23.08,977.71,8.5,77.14,3.44,0.0,4.55,12,11,2734.59,3.37,2737.96
22.8,839.91,34.1,76.7,5.63,0.0,1.55,13,11,2436.83,91.59,2528.41
26.01,751.08,28.78,61.72,3.37,0.0,3.22,14,11,2093.71,0.0,2093.71
24.05,564.89,41.19,58.34,4.88,0.0,3.82,15,11,1612.53,19.06,1631.58
22.25,429.19,36.76,77.61,4.16,0.0,3.17,16,11,1246.5,0.0,1246.5
20.91,211.15,40.89,67.62,6.75,0.0,3.61,17,11,594.43,187.17,781.6
25.08,0.0,14.68,63.25,2.82,0.0,3.4,18,11,7.9,1.8,9.7
23.08,0.0,40.72,59.41,5.46,0.0,1.8,19,11,0.0,48.01,48.01
21.08,0.0,19.0,69.11,4.83,0.0,2.0,20,11,0.0,25.15,25.15
18.99,0.0,46.19,84.9,6.08,0.0,3.2,21,11,7.98,132.03,140.01
17.57,0.0,46.06,85.57,4.35,0.0,5.12,22,11,32.49,16.4,48.89
15.54,0.0,18.49,69.8,3.53,0.0,2.43,23,11,2.23,0.0,2.23
15.39,0.0,38.86,72.8,1.01,0.0,3.56,0,11,0.0,0.0,0.0
12.07,0.0,37.99,70.12,6.09,0.0,2.97,1,11,46.14,90.39,136.53
13.64,0.0,8.9,85.55,6.98,0.0,3.49,2,11,12.38,198.58,210.95
14.11,0.0,12.41,83.57,3.48,0.0,3.1,3,11,11.94,2.34,14.28
15.66,0.0,11.81,82.39,2.26,0.0,2.23,4,11,0.0,0.0,0.0
15.19,0.0,31.8,77.23,4.59,0.0,3.62,5,11,0.0,36.01,36.01
17.23,0.0,14.57,83.58,1.62,0.0,3.25,6,11,0.75,0.0,0.75
19.1,231.93,6.85,73.76,0.92,0.0,4.62,7,11,637.16,0.0,637.16
19.87,425.81,29.46,82.82,2.63,0.0,3.54,8,11,1230.72,12.19,1242.9
20.28,604.73,37.75,65.9,4.8,0.0,1.71,9,11,1753.13,5.3,1758.44
20.89,845.56,12.84,80.89,5.84,0.0,3.71,10,11,2371.76,76.34,2448.1
20.6,812.22,34.78,77.74,1.86,0.0,3.81,11,11,2301.41,0.0,2301.41
24.22,841.67,30.56,75.21,7.69,0.0,3.42,12,11,2385.74,310.46,2696.2
26.43,784.59,39.33,64.69,4.03,0.0,4.37,13,11,2176.75,0.0,2176.75
24.92,633.23,52.46,83.13,7.25,0.0,1.13,14,11,1858.33,219.54,2077.87
27.45,721.77,7.08,60.34,1.81,0.0,4.51,15,11,2021.16,0.0,2021.16
22.12,402.59,26.28,90.71,3.52,0.0,3.3,16,11,1118.0,0.0,1118.0
22.17,224.16,18.83,75.97,3.38,0.0,4.0,17,11,630.07,5.79,635.85
24.39,0.0,2.0,78.89,3.28,0.0,2.21,18,11,0.0,3.34,3.34
22.47,0.0,66.75,83.67,7.35,0.0,1.24,19,11,0.0,271.83,271.83
22.84,0.0,11.84,77.82,6.19,0.0,2.88,20,11,0.0,134.0,134.0
19.55,0.0,22.4,90.55,5.66,0.0,3.15,21,11,36.63,60.83,97.46
16.98,0.0,13.52,86.2,2.61,0.0,1.69,22,11,0.0,17.34,17.34
16.76,0.0,17.09,84.77,2.9,0.0,3.61,23,11,2.53,0.0,2.53
13.67,0.0,48.2,86.37,2.47,0.0,3.27,0,11,37.26,29.39,66.65
13.48,0.0,23.26,85.9,5.65,0.0,4.44,1,11,6.89,77.78,84.66
16.13,0.0,48.66,88.6,3.18,0.0,2.98,2,11,0.0,18.97,18.97
15.81,0.0,29.35,73.34,8.83,0.0,4.21,3,11,17.97,582.14,600.11
15.22,0.0,10.73,79.53,3.03,0.0,2.95,4,11,0.0,0.0,0.0
12.59,0.0,48.8,87.97,1.94,0.0,3.09,5,11,0.0,0.0,0.0
15.43,0.0,71.1,74.69,7.34,0.0,3.63,6,11,9.14,277.19,286.34
15.16,223.65,39.02,88.53,5.56,0.0,3.11,7,11,636.74,73.68,710.42
19.97,326.01,54.02,73.35,4.21,0.0,2.16,8,11,941.91,5.48,947.39
18.62,685.46,10.36,66.43,6.29,0.0,1.58,9,11,2011.53,140.64,2152.16
19.17,819.87,15.94,71.16,7.77,0.0,2.03,10,11,2371.78,318.59,2690.37
22.05,909.9,19.65,80.24,6.33,0.0,3.32,11,11,2601.12,122.77,2723.9
22.08,985.57,4.5,64.17,6.9,0.0,3.29,12,11,2830.95,176.01,3006.96
26.06,951.57,9.8,60.04,2.53,0.0,4.18,13,11,2658.53,21.31,2679.84
23.23,592.19,56.54,75.28,3.81,0.0,2.87,14,11,1689.99,2.07,1692.06
22.4,568.0,43.59,61.58,5.67,0.0,3.32,15,11,1598.19,83.04,1681.22
21.1,408.66,41.29,78.21,3.89,0.0,3.77,16,11,1168.56,23.68,1192.25
23.78,185.54,48.69,53.98,4.56,0.0,1.52,17,11,572.28,38.95,611.23
22.19,29.51,20.41,76.17,7.2,0.0,1.9,18,11,79.85,236.38,316.22
19.86,0.0,7.4,74.43,2.66,0.0,3.96,19,11,11.93,0.0,11.93
22.58,0.0,6.04,84.98,3.96,0.0,2.0,20,11,0.0,22.81,22.81
20.5,0.0,25.72,58.8,4.1,0.0,2.22,21,11,0.0,0.0,0.0
18.16,0.0,28.31,72.03,3.0,0.0,3.58,22,11,32.39,0.0,32.39
19.05,0.0,26.41,80.29,3.05,0.0,1.56,23,11,0.0,0.0,0.0
16.88,0.0,9.33,78.35,5.45,0.0,1.78,0,11,18.22,62.6,80.82
13.86,0.0,20.96,78.37,7.33,0.0,2.73,1,11,0.0,275.94,275.94
13.04,0.0,26.01,69.21,4.51,0.0,2.11,2,11,0.0,33.66,33.66
15.65,0.0,17.32,83.58,3.68,0.0,1.2,3,11,24.9,0.0,24.9
15.19,0.0,7.07,95.0,5.3,0.0,2.71,4,11,36.11,43.46,79.57
15.35,0.0,23.84,74.68,11.14,0.0,3.3,5,11,0.0,1491.36,1491.36
14.62,0.0,17.97,82.06,1.32,0.0,1.72,6,11,28.66,0.0,28.66
17.84,226.8,19.84,80.41,4.62,0.0,2.62,7,11,629.38,15.45,644.83
17.0,445.11,17.68,75.4,4.06,0.0,4.04,8,11,1286.0,0.0,1286.0
19.27,672.3,18.04,75.53,4.37,0.0,3.26,9,11,1910.1,0.0,1910.1
22.89,724.43,41.13,63.24,0.68,0.0,1.81,10,11,2097.56,14.43,2111.99
20.94,526.13,68.63,62.79,7.94,0.0,3.94,11,11,1459.77,391.6,1851.38
20.6,810.27,37.61,86.3,1.34,0.0,3.27,12,11,2353.27,0.0,2353.27
22.18,782.04,35.76,71.4,2.73,0.0,2.51,13,11,2257.53,4.93,2262.46
25.75,778.71,23.75,72.49,2.68,0.0,3.42,14,11,2241.04,42.44,2283.48
24.81,432.18,57.64,72.74,5.17,0.0,2.09,15,11,1250.98,51.54,1302.52
24.06,501.66,14.23,62.49,4.74,0.0,2.76,16,11,1441.69,49.89,1491.58
22.99,261.09,14.92,60.97,1.14,0.0,2.46,17,11,726.8,17.79,744.6
23.69,3.68,48.17,65.64,1.81,0.0,3.94,18,11,49.79,0.0,49.79
20.65,0.0,45.91,75.99,2.79,0.0,1.75,19,11,0.0,8.92,8.92
21.18,0.0,55.68,66.97,4.97,0.0,3.34,20,11,11.11,3.62,14.72
18.33,0.0,29.87,73.26,7.32,0.0,2.64,21,11,0.0,258.19,258.19
16.79,0.0,13.25,62.78,2.77,0.0,2.07,22,11,0.0,0.0,0.0
15.97,0.0,19.67,79.52,3.89,0.0,1.71,23,11,7.58,44.85,52.43
15.26,0.0,8.5,81.3,3.07,0.0,3.72,0,11,0.0,9.67,9.67
14.95,0.0,46.52,81.03,4.18,0.0,3.36,1,11,0.0,0.0,0.0
14.88,0.0,24.58,73.08,4.47,0.0,1.03,2,11,0.0,28.18,28.18
10.0,0.0,36.06,79.11,3.85,0.0,3.33,3,11,3.97,16.59,20.56
13.31,0.0,43.46,74.29,3.16,0.0,1.29,4,11,0.0,2.35,2.35
14.44,0.0,34.29,78.28,6.55,0.0,3.09,5,11,0.0,163.66,163.66
18.08,5.54,12.39,71.61,5.73,0.0,0.25,6,11,22.86,109.39,132.26
15.23,236.6,19.65,92.01,11.42,0.0,0.36,7,11,736.58,1652.19,2388.78
18.3,526.45,4.7,91.47,3.28,0.0,3.11,8,11,1475.34,5.91,1481.25
21.6,707.5,6.26,80.32,0.89,0.0,4.32,9,11,1942.19,16.58,1958.77
18.68,781.0,23.74,77.37,4.62,0.0,4.14,10,11,2158.59,9.49,2168.08
22.45,837.87,32.08,69.52,5.57,0.0,2.5,11,11,2413.02,83.87,2496.89
21.69,690.0,54.22,66.24,7.48,0.0,3.59,12,11,1935.3,279.96,2215.27
22.93,823.44,31.17,72.02,0.5,0.0,2.66,13,11,2399.02,0.0,2399.02
22.98,738.06,36.59,70.12,6.55,0.0,3.03,14,11,2087.21,153.61,2240.83
23.26,686.36,7.42,62.82,3.84,0.0,2.38,15,11,1991.2,0.0,1991.2
28.27,373.61,44.43,58.75,3.08,0.0,3.52,16,11,1024.67,9.12,1033.79
24.95,241.68,22.53,53.49,2.25,0.0,3.5,17,11,677.54,29.86,707.4
24.54,20.98,31.76,61.42,5.84,0.0,3.11,18,11,35.49,81.17,116.66
22.59,0.0,48.2,75.08,3.03,0.0,1.33,19,11,11.57,26.62,38.19
18.24,0.0,30.1,85.38,4.33,0.0,3.43,20,11,13.26,0.0,13.26
19.95,0.0,23.09,79.28,3.81,0.0,3.0,21,11,14.03,23.48,37.5
19.67,0.0,39.34,71.37,2.49,0.0,3.04,22,11,0.0,0.0,0.0
15.57,0.0,39.34,67.0,5.6,0.0,0.0,23,11,0.0,85.42,85.42
17.2,0.0,11.71,68.79,2.68,0.0,0.64,0,11,0.0,0.0,0.0
16.01,0.0,27.59,83.32,5.6,0.0,3.37,1,11,44.46,95.04,139.5
17.23,0.0,28.45,81.58,3.27,0.0,4.51,2,11,0.0,0.0,0.0
13.66,0.0,42.38,77.41,0.79,0.0,1.73,3,11,0.0,15.91,15.91
12.81,0.0,25.05,80.38,5.43,0.0,2.47,4,11,33.77,52.76,86.53
14.41,0.0,18.62,95.0,6.82,0.0,0.0,5,11,1.43,180.91,182.34
17.9,0.0,25.13,63.42,1.61,0.0,2.22,6,11,0.0,0.0,0.0
14.04,253.55,12.65,82.23,4.22,0.0,2.4,7,11,745.12,9.25,754.37
14.89,507.19,4.37,71.42,1.23,0.0,1.97,8,11,1514.49,13.75,1528.24
19.42,649.28,29.53,66.48,5.99,0.0,3.98,9,11,1803.56,103.42,1906.98
19.91,800.57,22.59,78.44,9.46,0.0,2.88,10,11,2265.8,791.78,3057.58
21.8,859.0,27.77,86.42,3.72,0.0,2.03,11,11,2482.72,13.01,2495.73
24.24,849.4,34.36,74.86,2.76,0.0,3.11,12,11,2429.81,0.0,2429.81
22.79,824.53,32.83,84.16,6.15,0.0,3.69,13,11,2349.2,147.21,2496.41
21.3,647.38,47.0,57.98,3.86,0.0,1.41,14,11,1934.04,2.0,1936.03
27.35,623.67,24.62,70.11,3.47,0.0,1.66,15,11,1791.11,0.0,1791.11
22.62,366.59,52.13,79.1,2.29,0.0,0.94,16,11,1072.56,0.0,1072.56
22.03,192.08,40.43,70.61,4.4,0.0,2.36,17,11,585.25,22.23,607.47
24.48,3.44,22.32,76.27,4.34,0.0,2.87,18,11,18.04,41.09,59.13
21.21,0.0,36.41,94.18,2.48,0.0,1.72,19,11,0.0,20.09,20.09
20.48,0.0,17.22,75.62,2.19,0.0,3.87,20,11,0.0,10.44,10.44
20.01,0.0,37.23,71.85,3.42,0.0,3.46,21,11,34.36,0.0,34.36
19.62,0.0,19.99,84.55,3.48,0.0,1.67,22,11,67.24,0.0,67.24
16.28,0.0,35.29,88.33,1.67,0.0,1.58,23,11,40.84,0.0,40.84
17.96,0.0,46.76,75.29,2.56,0.0,1.07,0,11,2.64,0.0,2.64
11.68,0.0,37.71,80.56,1.88,0.0,2.05,1,11,9.42,42.58,52.0
15.53,0.0,33.07,89.22,6.85,0.0,4.01,2,11,22.6,206.87,229.47
12.96,0.0,39.61,79.96,1.25,0.0,1.59,3,11,0.0,0.0,0.0
16.44,0.0,33.95,78.83,6.54,0.0,3.05,4,11,0.0,154.87,154.87
15.1,0.0,58.65,83.32,3.9,0.0,2.52,5,11,0.0,32.19,32.19
14.67,1.74,37.57,79.91,4.71,0.0,0.73,6,11,14.66,0.0,14.66
17.71,209.93,42.15,77.91,7.21,0.0,3.35,7,11,568.95,230.69,799.63
19.26,451.5,29.45,69.28,3.03,0.0,1.98,8,11,1358.19,0.0,1358.19
20.18,684.03,17.74,79.29,4.96,0.0,1.91,9,11,1999.49,17.51,2017.0
18.97,788.85,26.63,73.0,4.75,0.0,2.48,10,11,2269.66,22.09,2291.75
20.99,971.41,8.86,86.08,9.5,0.0,2.2,11,11,2814.4,805.17,3619.57
22.74,794.3,40.91,72.65,0.98,0.0,3.48,12,11,2277.75,0.03,2277.78
23.48,754.15,48.57,79.05,3.51,0.0,1.88,13,11,2163.09,0.0,2163.09
25.17,487.23,67.24,73.83,9.61,0.0,2.72,14,11,1381.48,830.28,2211.75
21.19,597.77,38.87,82.53,2.84,0.0,3.02,15,11,1731.84,0.0,1731.84
24.55,431.35,34.67,65.96,8.26,0.0,1.4,16,11,1250.33,448.52,1698.85
23.11,261.67,36.02,61.79,5.86,0.0,2.56,17,11,783.28,59.35,842.63
21.49,5.97,43.04,66.02,2.9,0.0,1.58,18,11,12.88,0.0,12.88
20.6,0.0,46.71,66.5,0.77,0.0,2.96,19,11,0.0,0.0,0.0
20.19,0.0,13.97,68.23,2.58,0.0,0.05,20,11,0.0,0.0,0.0
13.81,0.0,21.39,73.03,1.64,0.0,3.81,21,11,16.83,25.04,41.87
16.87,0.0,9.53,77.83,3.37,0.0,2.01,22,11,9.27,14.23,23.5
15.4,0.0,14.07,86.49,7.54,0.0,2.67,23,11,0.0,286.81,286.81
16.41,0.0,28.8,68.96,3.81,0.0,2.66,0,11,21.68,0.0,21.68
13.61,0.0,44.56,77.29,3.47,0.0,1.9,1,11,0.0,0.0,0.0
14.0,0.0,49.79,90.39,2.22,0.0,1.77,2,11,0.0,0.0,0.0
16.46,0.0,7.5,66.87,4.44,0.0,2.61,3,11,0.0,21.35,21.35
15.81,0.0,16.13,80.02,3.51,0.0,3.66,4,11,0.0,0.0,0.0
16.17,0.0,38.13,84.31,5.48,0.0,2.89,5,11,5.09,53.66,58.75
14.86,0.0,18.86,95.0,3.83,0.0,2.0,6,11,0.0,23.42,23.42
17.46,246.89,11.07,59.16,6.64,0.0,3.71,7,11,676.27,182.18,858.45
17.5,446.39,21.99,67.45,5.56,0.0,4.12,8,11,1253.89,67.2,1321.09
18.85,745.9,9.83,78.72,1.78,0.0,2.14,9,11,2136.41,2.15,2138.55
21.06,847.93,11.37,70.74,1.72,0.0,2.7,10,11,2456.79,0.0,2456.79
20.75,938.29,19.58,52.17,0.71,0.0,2.78,11,11,2733.6,19.0,2752.59
24.92,884.96,25.09,65.53,3.05,0.0,3.98,12,11,2510.16,0.0,2510.16
23.24,843.74,30.23,63.86,1.07,0.0,3.09,13,11,2409.56,2.62,2412.18
24.91,838.66,9.31,55.92,3.48,0.0,3.36,14,11,2363.01,9.63,2372.64
26.33,617.3,32.38,64.36,2.37,0.0,4.27,15,11,1710.1,15.84,1725.94
25.53,480.36,15.88,57.77,3.74,0.0,2.65,16,11,1358.11,0.0,1358.11
21.37,218.0,20.55,66.44,1.87,0.0,3.07,17,11,654.41,8.74,663.15
23.35,9.52,10.14,81.37,4.02,0.0,2.72,18,11,36.21,0.0,36.21
22.92,0.0,69.49,86.41,8.29,0.0,2.35,19,11,0.0,445.5,445.5
21.78,0.0,70.61,65.65,4.53,0.0,1.07,20,11,17.0,15.55,32.55
17.48,0.0,13.51,78.95,4.1,0.0,1.34,21,11,0.0,6.33,6.33
16.87,0.0,29.98,83.74,5.6,0.0,0.87,22,11,0.0,70.8,70.8
18.14,0.0,23.02,70.46,0.5,0.0,2.81,23,11,53.83,0.0,53.83
14.41,0.0,15.21,73.95,2.59,0.0,2.92,0,11,10.67,0.0,10.67
14.3,0.0,27.03,86.93,9.38,0.0,1.26,1,11,0.0,786.84,786.84
16.62,0.0,3.69,77.23,5.56,0.0,1.69,2,11,0.0,57.93,57.93
14.01,0.0,5.45,80.46,1.38,0.0,2.25,3,11,0.0,0.0,0.0
13.16,0.0,23.18,73.84,2.83,0.0,3.88,4,11,19.2,4.22,23.43
13.44,0.0,2.95,74.69,3.43,0.0,1.98,5,11,0.0,5.17,5.17
16.05,1.23,24.98,80.25,7.43,0.0,3.89,6,11,5.05,242.52,247.57
14.58,224.8,12.32,78.01,4.23,0.0,0.0,7,11,662.76,35.46,698.22
17.42,477.01,25.28,78.83,1.28,0.0,3.32,8,11,1365.19,0.0,1365.19
19.58,671.37,23.65,83.03,3.8,0.0,0.98,9,11,2003.73,0.0,2003.73
22.33,619.53,48.92,73.4,2.63,0.0,2.2,10,11,1812.14,0.0,1812.14
22.58,896.27,25.41,66.7,2.89,0.0,1.42,11,11,2640.65,1.4,2642.05
21.55,842.79,38.13,80.39,1.57,0.0,2.08,12,11,2389.35,0.0,2389.35
25.18,953.95,8.63,68.51,3.53,0.0,2.06,13,11,2743.58,10.41,2753.98
23.46,766.37,29.88,81.33,4.73,0.0,1.59,14,11,2217.07,19.97,2237.04
22.23,645.71,26.62,66.63,5.37,0.0,2.27,15,11,1927.9,33.91,1961.81
23.65,421.29,26.94,69.69,4.91,0.0,2.48,16,11,1226.69,63.3,1289.99
25.57,278.54,26.42,65.59,4.68,0.0,1.16,17,11,809.38,14.23,823.61
22.87,0.0,49.51,72.4,6.42,0.0,1.33,18,11,15.07,134.03,149.09
21.6,0.0,34.44,74.93,2.86,0.0,3.72,19,11,0.0,0.0,0.0
22.83,0.0,31.31,71.54,2.21,0.0,2.26,20,11,1.84,1.66,3.5
16.94,0.0,21.22,85.12,1.38,0.0,2.4,21,11,24.61,0.0,24.61
15.86,0.0,36.69,83.23,1.92,0.0,1.48,22,11,17.23,3.49,20.72
14.16,0.0,48.31,95.0,1.81,0.0,2.46,23,11,49.98,0.0,49.98
16.04,0.0,31.99,95.0,7.02,0.0,1.67,0,11,6.49,217.4,223.89
14.94,0.0,21.75,75.44,2.01,0.0,2.81,1,11,2.75,0.0,2.75
16.5,0.0,34.75,74.97,1.41,0.0,1.75,2,11,48.74,8.83,57.57
14.38,0.0,22.73,71.45,3.22,0.0,1.98,3,11,0.0,5.47,5.47
13.58,0.0,41.74,95.0,1.94,0.0,4.27,4,11,65.92,11.89,77.81
14.69,0.0,25.27,77.85,1.68,0.0,2.75,5,11,0.0,0.0,0.0
15.66,0.0,14.38,82.23,3.02,0.0,2.03,6,11,1.03,9.43,10.46
14.01,152.47,65.49,72.52,7.14,0.0,2.27,7,11,449.08,258.54,707.61
21.79,350.96,51.03,73.82,0.79,0.0,3.4,8,11,962.01,0.0,962.01
19.8,557.51,45.22,61.11,2.17,0.0,1.14,9,11,1638.1,17.51,1655.61
20.63,763.76,27.42,83.8,5.93,0.0,2.22,10,11,2192.75,81.54,2274.29
22.44,864.58,25.08,86.74,2.39,0.0,2.26,11,11,2521.82,8.75,2530.57
23.62,770.7,47.23,76.24,3.43,0.0,2.4,12,11,2217.84,3.19,2221.02
23.14,919.83,10.28,63.64,1.45,0.0,1.68,13,11,2689.35,5.28,2694.63
22.9,728.47,32.34,75.95,5.67,0.0,1.99,14,11,2114.87,60.54,2175.42
24.92,651.73,23.95,70.68,5.2,0.0,0.33,15,11,1925.85,61.67,1987.52
24.43,452.45,18.59,80.8,1.67,0.0,2.83,16,11,1322.06,0.0,1322.06
22.14,271.7,16.61,79.21,7.74,0.0,1.41,17,11,827.49,330.62,1158.11
24.68,0.0,55.66,60.79,4.25,0.0,4.12,18,11,0.0,5.78,5.78
21.96,0.0,43.18,81.95,5.69,0.0,2.26,19,11,0.0,66.63,66.63
21.41,0.0,16.6,72.66,5.41,0.0,1.21,20,11,0.0,41.73,41.73
21.11,0.0,7.7,84.2,3.85,0.0,0.73,21,11,0.0,7.05,7.05
17.76,0.0,5.36,65.17,5.28,0.0,1.96,22,11,3.71,26.52,30.23
17.0,0.0,35.37,82.82,2.34,0.0,2.68,23,11,11.87,8.5,20.37
16.64,0.0,74.0,76.68,0.66,0.0,2.6,0,11,6.23,0.0,6.23
13.54,0.0,30.01,83.52,2.91,0.0,1.19,1,11,0.0,3.43,3.43
14.21,0.0,10.14,76.52,1.83,0.0,5.37,2,11,14.54,1.53,16.08
14.15,0.0,35.53,86.03,8.96,0.0,3.12,3,11,8.28,611.15,619.43
12.69,0.0,21.08,76.28,7.22,0.0,3.52,4,11,0.0,255.79,255.79
18.1,0.0,21.99,64.75,1.78,0.0,2.49,5,11,22.87,25.52,48.38
13.31,0.0,35.31,77.03,2.92,0.0,1.13,6,11,6.32,11.58,17.9
14.51,221.62,7.66,75.67,3.8,0.0,2.28,7,11,670.57,0.0,670.57
19.64,317.44,58.32,72.92,3.21,0.0,1.99,8,11,916.87,6.23,923.11
20.03,610.97,31.52,80.67,4.94,0.0,2.93,9,11,1798.95,17.2,1816.14
18.71,778.71,32.45,69.08,3.77,0.0,1.76,10,11,2286.95,0.0,2286.95
22.37,964.83,17.03,78.48,4.11,0.0,1.86,11,11,2843.63,1.74,2845.37
24.7,994.78,7.66,74.0,4.79,0.0,0.36,12,11,2960.52,12.28,2972.8
23.24,831.41,27.31,79.18,0.7,0.0,2.34,13,11,2426.34,0.0,2426.34
27.69,854.48,20.01,62.83,0.5,0.0,1.25,14,11,2498.37,13.55,2511.92
21.37,517.99,43.79,85.83,1.99,0.0,1.98,15,11,1520.03,0.0,1520.03
24.83,505.32,10.0,66.82,5.07,0.0,1.86,16,11,1496.19,42.45,1538.64
25.04,187.09,52.12,76.13,2.36,0.0,0.78,17,11,546.81,0.0,546.81
23.83,24.66,4.73,83.79,7.15,0.0,1.61,18,11,28.77,244.31,273.08
21.15,0.0,33.16,83.26,1.29,0.0,1.52,19,11,31.49,7.95,39.44
19.82,0.0,11.08,74.3,4.19,0.0,2.47,20,11,0.0,19.4,19.4
19.62,0.0,7.0,66.58,0.72,0.0,1.34,21,11,0.0,0.0,0.0
18.89,0.0,29.74,68.68,8.51,0.0,2.74,22,11,2.27,510.98,513.25
17.36,0.0,23.87,70.25,2.21,0.0,2.68,23,11,0.0,23.45,23.45
16.92,0.0,75.56,73.2,4.24,0.0,1.55,0,11,12.01,2.11,14.12
13.04,0.0,22.92,83.08,7.87,0.0,1.89,1,11,0.0,359.51,359.51
13.73,0.0,36.58,87.68,0.79,0.0,2.28,2,11,11.57,0.27,11.84
12.49,0.0,15.43,90.25,3.82,0.0,1.56,3,11,25.04,3.69,28.73
13.49,0.0,31.53,90.5,3.89,0.0,2.43,4,11,0.91,0.0,0.91
16.09,0.0,25.88,86.9,2.96,0.0,2.95,5,11,17.39,0.0,17.39
15.52,18.67,5.91,79.39,4.64,0.0,3.24,6,11,45.53,30.77,76.29
20.31,203.66,43.15,79.84,3.98,0.0,3.12,7,11,562.7,0.0,562.7
17.89,358.5,50.81,75.4,2.41,0.0,2.21,8,11,1050.11,1.55,1051.66
18.99,622.58,27.3,78.65,4.97,0.0,1.42,9,11,1812.97,30.79,1843.75
20.35,522.67,66.48,72.76,3.57,0.0,3.31,10,11,1472.97,13.37,1486.33
20.44,843.8,28.27,74.29,3.59,0.0,1.99,11,11,2454.42,6.98,2461.4
22.35,925.36,24.79,69.42,7.84,0.0,2.42,12,11,2648.9,349.71,2998.61
24.92,878.94,22.91,54.86,3.94,0.0,0.0,13,11,2652.02,7.98,2660.0
23.9,798.77,16.69,68.16,5.58,0.0,3.82,14,11,2260.96,79.82,2340.79
22.71,604.38,36.06,76.57,6.4,0.0,3.69,15,11,1751.11,125.22,1876.33
22.34,416.19,31.54,79.79,4.2,0.0,0.9,16,11,1201.48,27.2,1228.67
22.55,182.97,52.78,75.86,5.59,0.0,1.71,17,11,542.2,83.32,625.52
22.54,18.7,4.7,64.29,2.74,0.0,1.52,18,11,52.84,0.0,52.84
23.19,0.0,41.05,67.16,2.02,0.0,0.55,19,11,26.27,0.0,26.27
18.18,0.0,11.77,64.35,4.91,0.0,1.23,20,11,33.35,8.87,42.22
18.42,0.0,29.72,82.33,7.26,0.0,4.24,21,11,0.0,261.57,261.57
17.82,0.0,24.33,70.48,0.94,0.0,2.41,22,11,0.5,0.0,0.5
13.65,0.0,3.28,85.6,5.4,0.0,3.43,23,11,0.0,50.82,50.82
14.05,0.0,9.36,85.72,0.76,0.0,1.93,0,11,22.15,12.56,34.71
13.49,0.0,61.02,75.7,3.52,0.0,0.0,1,11,16.51,0.0,16.51
12.82,0.0,23.96,85.79,4.79,0.0,1.7,2,11,0.0,34.1,34.1
14.13,0.0,40.12,95.0,3.24,0.0,1.89,3,11,0.0,0.0,0.0
13.77,0.0,30.16,79.67,2.69,0.0,1.58,4,11,0.0,0.0,0.0
13.68,0.0,20.87,91.26,2.05,0.0,0.22,5,11,40.07,31.41,71.48
15.95,0.0,8.5,82.0,8.78,0.0,2.83,6,11,0.0,563.7,563.7
18.92,136.31,69.36,78.74,4.14,0.0,1.0,7,11,390.29,13.1,403.39
20.0,425.47,38.85,74.26,1.66,0.0,1.55,8,11,1228.12,0.0,1228.12
15.96,575.94,41.69,87.31,1.0,0.0,2.72,9,11,1669.53,0.0,1669.53
21.0,780.33,15.84,72.54,2.38,0.0,1.04,10,11,2283.74,7.05,2290.79
21.07,779.37,38.44,78.52,3.96,0.0,1.97,11,11,2288.86,0.0,2288.86
22.61,1021.66,4.48,79.35,5.31,0.0,2.36,12,11,2962.59,55.12,3017.71
22.57,982.19,5.3,80.04,8.96,0.0,3.97,13,11,2774.98,632.0,3406.98
23.85,744.15,28.11,74.9,6.03,0.0,1.77,14,11,2193.43,114.5,2307.93
24.07,697.41,13.96,76.2,4.38,0.0,2.74,15,11,2000.53,0.0,2000.53
22.8,445.98,16.55,71.88,4.72,0.0,1.58,16,11,1340.41,17.43,1357.84
21.83,227.78,17.58,69.41,3.87,0.0,3.54,17,11,643.09,1.97,645.06
21.7,0.0,17.44,75.6,3.4,0.0,0.2,18,11,0.0,0.0,0.0
21.69,0.0,10.47,75.69,5.58,0.0,0.53,19,11,0.0,73.65,73.65
21.03,0.0,64.38,76.44,1.99,0.0,2.1,20,11,0.0,0.0,0.0
20.12,0.0,21.24,83.77,2.87,0.0,1.41,21,11,29.58,13.26,42.85
16.8,0.0,19.0,79.11,8.83,0.0,2.62,22,11,5.43,562.44,567.87
16.77,0.0,12.06,68.06,4.14,0.0,2.76,23,11,0.0,23.25,23.25
16.69,0.0,27.49,62.69,3.74,0.0,0.06,0,11,18.0,0.0,18.0
16.2,0.0,67.7,81.06,6.21,0.0,2.94,1,11,3.31,121.12,124.42
13.87,0.0,26.58,90.58,5.39,0.0,2.17,2,11,0.0,69.91,69.91
13.45,0.0,54.25,81.18,2.83,0.0,3.79,3,11,0.0,4.29,4.29
14.24,0.0,30.45,95.0,4.46,0.0,1.38,4,11,0.0,0.0,0.0
12.73,0.0,19.59,85.04,2.04,0.0,2.63,5,11,0.0,30.89,30.89
14.96,6.41,2.55,95.0,1.05,0.0,2.49,6,11,55.28,0.0,55.28
17.4,222.61,23.87,77.43,9.64,0.0,3.37,7,11,597.15,839.3,1436.45
18.45,418.92,26.81,89.52,5.2,0.0,0.0,8,11,1275.89,36.88,1312.77
18.38,665.29,13.24,73.68,7.35,0.0,0.31,9,11,1967.38,246.55,2213.93
20.4,799.88,23.04,83.1,6.01,0.0,2.93,10,11,2292.96,126.99,2419.95
20.05,907.08,12.92,79.74,3.36,0.0,3.31,11,11,2608.59,0.0,2608.59
23.37,943.9,18.23,73.82,6.33,0.0,2.58,12,11,2751.04,115.4,2866.44
23.0,881.71,14.67,74.24,5.59,0.0,0.63,13,11,2671.69,46.54,2718.23
23.2,776.77,25.3,82.6,2.46,0.0,1.57,14,11,2307.29,18.79,2326.08
23.24,689.63,12.23,69.84,4.44,0.0,2.91,15,11,1965.22,25.13,1990.35
23.52,341.68,52.88,71.79,2.71,0.0,1.6,16,11,985.18,4.85,990.03
22.44,220.99,29.79,94.06,2.32,0.0,1.75,17,11,658.72,16.83,675.56
23.31,0.0,10.71,75.53,1.31,0.0,3.31,18,11,3.95,30.44,34.39
20.69,0.0,14.83,84.19,3.98,0.0,2.47,19,11,0.0,0.0,0.0
22.47,0.0,17.8,70.23,3.18,0.0,1.98,20,11,0.0,1.63,1.63
20.98,0.0,40.04,69.69,1.37,0.0,2.27,21,11,6.16,0.0,6.16
16.15,0.0,38.46,85.93,5.07,0.0,2.6,22,11,0.0,42.27,42.27
16.39,0.0,11.69,81.24,5.1,0.0,1.8,23,11,28.02,11.83,39.86
14.22,0.0,59.27,80.49,2.33,0.0,2.36,0,11,36.9,0.0,36.9
13.91,0.0,22.72,68.96,7.95,0.0,0.94,1,11,0.0,369.14,369.14
16.9,0.0,21.8,64.55,5.52,0.0,2.65,2,11,0.0,76.33,76.33
13.27,0.0,20.31,67.69,5.76,0.0,1.4,3,11,0.0,67.74,67.74
14.44,0.0,21.85,84.53,0.5,0.0,0.99,4,11,4.56,21.39,25.96
15.21,0.0,24.92,72.28,8.81,0.0,3.0,5,11,0.0,575.45,575.45
13.69,0.0,14.76,68.75,9.69,0.0,2.15,6,11,19.05,875.96,895.02
14.95,229.15,18.23,74.12,3.79,0.0,2.05,7,11,653.54,4.35,657.89
15.63,472.37,15.11,65.03,9.22,0.0,2.25,8,11,1393.1,703.08,2096.18
17.4,642.43,14.38,73.26,4.38,0.0,0.24,9,11,1915.34,9.05,1924.39
15.75,796.9,21.93,74.85,1.71,0.0,2.55,10,11,2315.55,9.49,2325.04
22.05,916.12,18.17,76.61,5.84,0.0,1.66,11,11,2650.31,79.14,2729.45
25.35,766.11,43.86,69.89,4.07,0.0,3.37,12,11,2175.52,22.96,2198.48
23.28,815.13,33.46,67.21,2.91,0.0,4.29,13,11,2302.74,0.35,2303.08
21.43,741.9,28.77,78.56,2.34,0.0,2.14,14,11,2158.98,10.58,2169.56
22.76,590.25,34.77,61.76,3.85,0.0,2.25,15,11,1681.09,0.0,1681.09
22.87,378.33,47.68,67.74,4.88,0.0,1.99,16,11,1107.33,6.04,1113.37
21.53,209.35,38.12,66.86,6.51,0.0,0.0,17,11,557.75,142.3,700.05
23.55,13.08,37.23,70.27,4.3,0.0,0.29,18,11,0.0,25.43,25.43
22.44,0.0,7.06,55.51,3.3,0.0,0.55,19,11,0.0,14.37,14.37
18.29,0.0,16.67,95.0,4.5,0.0,2.46,20,11,0.0,27.38,27.38
19.82,0.0,28.15,78.05,3.73,0.0,3.33,21,11,1.23,26.39,27.62
19.73,0.0,39.45,78.42,4.62,0.0,2.29,22,11,0.0,41.15,41.15
19.08,0.0,35.6,59.84,4.36,0.0,0.58,23,11,49.93,0.0,49.93
19.44,0.0,17.85,77.44,8.83,0.0,0.0,0,11,0.0,581.4,581.4
12.99,0.0,8.9,81.62,4.44,0.0,1.25,1,11,31.32,5.63,36.94
18.08,0.0,28.17,86.24,4.88,0.0,1.3,2,11,2.62,32.16,34.78
13.15,0.0,10.33,80.91,6.72,0.0,2.5,3,11,1.13,183.82,184.95
12.96,0.0,25.6,80.62,7.03,0.0,2.81,4,11,0.0,211.69,211.69
14.84,0.0,20.69,80.75,1.75,0.0,1.89,5,11,23.71,26.58,50.28
14.27,0.0,9.87,92.96,3.5,0.0,0.57,6,11,16.79,2.37,19.15
16.78,239.12,41.07,66.28,7.61,0.0,1.79,7,11,696.9,309.76,1006.66
15.4,423.27,44.95,66.59,8.07,0.0,0.0,8,11,1273.29,388.61,1661.89
18.32,671.43,25.06,59.05,2.07,0.0,1.46,9,11,2004.51,1.35,2005.85
21.9,797.16,18.2,81.37,3.45,0.0,2.91,10,11,2287.81,0.0,2287.81
21.09,760.58,44.97,81.4,2.57,0.0,1.58,11,11,2226.49,0.0,2226.49
22.42,814.67,31.96,62.43,5.63,0.0,3.03,12,11,2306.9,65.33,2372.23
23.72,942.77,15.58,59.15,6.22,0.0,1.32,13,11,2775.15,143.11,2918.26
25.26,701.02,40.0,76.35,3.58,0.0,2.22,14,11,2032.2,2.32,2034.52
21.19,632.68,17.24,62.0,4.78,0.0,0.3,15,11,1917.76,33.47,1951.23
24.38,283.8,71.82,67.45,6.43,0.0,2.13,16,11,835.81,146.95,982.76
22.6,224.57,27.06,67.48,5.0,0.0,1.66,17,11,671.07,33.54,704.61
22.46,0.0,40.36,95.0,1.86,0.0,1.3,18,11,31.01,2.0,33.01
22.77,0.0,61.61,70.36,5.02,0.0,2.93,19,11,0.0,34.09,34.09
18.18,0.0,25.51,87.38,1.87,0.0,2.22,20,11,14.99,12.39,27.38
17.16,0.0,5.38,82.09,4.63,0.0,1.33,21,11,0.0,7.61,7.61
14.48,0.0,12.5,77.84,2.87,0.0,3.03,22,11,0.0,0.0,0.0
15.35,0.0,32.97,75.94,1.08,0.0,3.83,23,11,0.0,22.6,22.6
17.09,0.0,30.39,79.12,2.28,0.0,0.53,0,11,0.0,0.44,0.44
14.11,0.0,10.34,82.76,3.58,0.0,1.32,1,11,0.0,6.39,6.39
11.79,0.0,36.54,80.81,10.18,0.0,1.84,2,11,0.0,1051.75,1051.75
12.9,0.0,36.63,87.99,2.45,0.0,4.39,3,11,0.0,0.43,0.43
11.56,0.0,21.28,85.42,8.83,0.0,0.92,4,11,0.0,581.83,581.83
12.61,0.0,69.26,78.28,3.03,0.0,1.48,5,11,25.11,6.81,31.92
15.67,30.94,17.53,77.31,8.07,0.0,2.91,6,11,108.32,395.42,503.75
14.36,229.98,31.23,85.83,7.96,0.0,3.09,7,11,651.79,366.32,1018.11
19.0,486.94,12.53,67.73,1.77,0.0,0.58,8,11,1461.87,0.1,1461.98
18.52,685.28,13.51,68.3,5.98,0.0,1.82,9,11,2004.95,96.02,2100.97
20.05,791.78,14.69,64.71,3.84,0.0,1.36,10,11,2285.14,0.0,2285.14
20.71,838.94,34.21,71.26,4.84,0.0,0.0,11,11,2546.12,11.62,2557.74
23.32,927.78,19.06,69.02,5.5,0.0,0.78,12,11,2765.66,67.21,2832.87
24.13,891.48,22.05,61.15,1.64,0.0,2.38,13,11,2566.12,16.24,2582.36
23.96,715.25,35.43,70.24,5.7,0.0,1.04,14,11,2163.08,98.0,2261.08
24.47,662.08,10.76,69.69,2.7,0.0,2.67,15,11,1889.64,6.79,1896.42
23.14,454.86,19.56,78.67,5.17,0.0,2.13,16,11,1299.33,51.34,1350.67
23.77,202.57,40.81,77.65,4.15,0.0,1.83,17,11,611.56,3.71,615.28
21.65,0.0,61.23,57.01,4.83,0.0,1.3,18,11,0.0,26.59,26.59
21.13,0.0,41.68,75.95,4.44,0.0,1.82,19,11,11.24,18.83,30.08
19.51,0.0,24.45,59.83,5.8,0.0,2.83,20,11,0.0,89.93,89.93
17.94,0.0,37.26,82.02,6.75,0.0,0.0,21,11,6.73,180.98,187.71
16.3,0.0,35.33,83.83,3.47,0.0,0.48,22,11,1.25,5.91,7.16
16.83,0.0,38.06,70.78,3.18,0.0,2.95,23,11,22.98,0.0,22.98
17.01,0.0,26.15,81.28,2.37,0.0,0.0,0,11,0.0,0.0,0.0
16.0,0.0,14.34,71.52,5.83,0.0,0.46,1,11,16.91,91.58,108.49
11.86,0.0,29.77,83.7,8.31,0.0,2.11,2,11,0.0,462.13,462.13
15.51,0.0,72.47,81.02,2.1,0.0,1.83,3,11,12.05,0.0,12.05
13.27,0.0,39.99,80.96,3.52,0.0,0.85,4,11,0.0,0.0,0.0
15.15,0.0,26.73,86.76,5.46,0.0,2.43,5,11,0.0,53.55,53.55
13.68,0.0,47.23,76.31,4.52,0.0,0.09,6,11,0.0,6.69,6.69
16.29,248.19,6.59,83.46,5.85,0.0,4.29,7,11,694.27,85.2,779.47
17.75,433.55,22.65,67.85,0.57,0.0,2.26,8,11,1207.23,0.0,1207.23
16.35,537.68,39.33,62.51,7.0,0.0,1.52,9,11,1573.86,216.95,1790.82
20.78,685.51,46.51,60.34,1.13,0.0,2.83,10,11,1948.57,5.27,1953.85
23.1,900.03,17.45,63.36,3.46,0.0,2.56,11,11,2596.01,27.67,2623.68
21.85,972.73,9.75,78.02,2.56,0.0,2.67,12,11,2845.49,0.0,2845.49
24.95,811.42,36.35,73.44,7.3,0.0,1.35,13,11,2414.85,238.9,2653.75
23.12,784.96,23.79,69.49,2.55,0.0,0.02,14,11,2365.29,6.55,2371.84
24.85,550.51,39.68,52.44,3.08,0.0,2.66,15,11,1546.23,17.14,1563.37
20.08,457.38,30.13,89.48,6.66,0.0,2.46,16,11,1300.52,170.25,1470.77
26.54,206.83,35.51,54.96,3.95,0.0,2.44,17,11,582.14,21.94,604.08
24.36,11.39,30.77,72.63,6.8,0.0,0.84,18,11,56.72,175.47,232.19
20.65,0.0,34.97,70.95,4.68,0.0,2.56,19,11,12.37,11.98,24.35
16.91,0.0,7.41,81.92,1.29,0.0,1.15,20,11,34.67,0.98,35.65
19.01,0.0,15.49,86.76,3.4,0.0,2.88,21,11,12.5,0.0,12.5
15.12,0.0,31.27,82.36,1.98,0.0,1.46,22,11,17.43,0.0,17.43
16.74,0.0,14.81,84.59,1.17,0.0,0.32,23,11,8.78,2.18,10.96
15.61,0.0,53.45,95.0,3.08,0.0,0.55,0,11,5.88,0.0,5.88
12.79,0.0,29.74,91.78,6.96,0.0,0.9,1,11,0.0,205.95,205.95
15.38,0.0,50.11,67.51,1.59,0.0,2.8,2,11,0.0,0.0,0.0
14.74,0.0,9.36,59.3,0.5,0.0,1.45,3,11,20.58,26.53,47.11
15.16,0.0,58.64,85.07,7.44,0.0,1.1,4,11,38.14,295.59,333.72
14.21,0.0,15.87,78.23,3.91,0.0,4.16,5,11,0.0,29.28,29.28
12.87,6.59,5.06,89.94,4.07,0.0,1.27,6,11,44.16,0.0,44.16
17.5,247.27,11.84,57.62,7.31,0.0,0.47,7,11,722.98,294.71,1017.68
16.83,290.12,62.93,88.13,4.94,0.0,3.81,8,11,811.17,53.41,864.58
16.45,637.64,24.62,78.45,5.96,0.0,0.78,9,11,1835.13,119.25,1954.38
21.85,772.98,28.88,89.49,5.46,0.0,0.36,10,11,2338.19,56.61,2394.8
24.18,868.61,22.78,69.96,4.38,0.0,2.7,11,11,2508.53,10.76,2519.29
22.0,847.7,30.18,76.88,4.86,0.0,0.71,12,11,2499.24,44.52,2543.76
26.1,693.69,48.51,64.66,4.08,0.0,1.24,13,11,2077.46,0.0,2077.46
23.5,729.48,30.62,67.16,2.98,0.0,1.69,14,11,2130.41,12.95,2143.36
22.96,520.67,51.7,73.79,2.61,0.0,1.21,15,11,1568.9,13.3,1582.2
22.41,436.28,33.25,69.63,1.98,0.0,1.29,16,11,1249.36,0.0,1249.36
25.32,224.75,18.66,63.89,2.97,0.0,2.11,17,11,682.06,5.81,687.87
20.9,0.0,29.58,76.88,4.17,0.0,1.37,18,11,24.16,0.0,24.16
22.13,0.0,10.57,67.83,4.23,0.0,0.65,19,11,0.0,29.41,29.41
18.99,0.0,19.71,79.44,4.83,0.0,1.34,20,11,0.0,33.97,33.97
17.84,0.0,28.41,65.02,6.55,0.0,2.68,21,11,0.0,159.42,159.42
18.78,0.0,25.96,76.54,4.62,0.0,1.05,22,11,27.91,32.01,59.92
15.46,0.0,28.72,78.93,1.95,0.0,2.48,23,11,0.0,0.0,0.0
14.34,0.0,47.75,63.84,0.73,0.0,1.66,0,11,0.0,12.85,12.85
15.85,0.0,18.12,70.15,2.11,0.0,1.01,1,11,29.76,0.0,29.76
16.05,0.0,37.76,59.24,6.95,0.0,0.78,2,11,7.57,192.77,200.33
14.45,0.0,27.87,82.47,4.12,0.0,1.47,3,11,0.0,25.5,25.5
12.67,0.0,53.34,77.41,6.18,0.0,2.9,4,11,0.0,103.16,103.16
13.39,0.0,10.55,80.35,2.33,0.0,1.23,5,11,60.77,0.0,60.77
15.07,24.47,57.42,91.57,5.01,0.0,0.41,6,11,66.24,14.16,80.4
16.47,225.67,17.76,79.24,5.16,0.0,0.68,7,11,661.24,23.92,685.16
15.71,465.32,13.28,82.48,5.79,0.0,2.23,8,11,1341.55,61.19,1402.74
19.57,529.46,50.63,71.65,3.94,0.0,0.77,9,11,1552.89,21.29,1574.18
19.91,785.29,28.71,69.23,5.65,0.0,2.92,10,11,2243.72,57.45,2301.17
18.41,730.36,46.47,65.41,7.45,0.0,2.52,11,11,2116.37,279.43,2395.8
20.63,948.4,13.56,80.02,7.99,0.0,0.64,12,11,2806.67,376.04,3182.71
22.06,952.18,10.26,84.88,1.65,0.0,1.35,13,11,2753.31,8.33,2761.64
23.21,816.99,19.37,80.52,4.45,0.0,2.63,14,11,2319.99,21.5,2341.5
26.32,695.0,7.35,57.92,1.56,0.0,1.05,15,11,2056.21,0.0,2056.21
23.67,504.07,19.32,80.64,7.2,0.0,1.46,16,11,1449.38,253.71,1703.08
21.55,198.01,48.21,71.84,7.94,0.0,2.39,17,11,583.37,383.41,966.78
22.35,0.0,32.03,83.95,3.74,0.0,2.95,18,11,31.05,0.0,31.05
20.46,0.0,25.17,77.54,8.07,0.0,2.1,19,11,13.71,418.41,432.12
20.27,0.0,21.17,77.19,5.43,0.0,1.59,20,11,3.09,50.49,53.59
19.36,0.0,16.59,78.5,4.91,0.0,1.07,21,11,1.46,15.06,16.52
19.0,0.0,28.16,62.64,4.2,0.0,0.18,22,11,3.11,17.81,20.93
15.95,0.0,14.94,69.75,3.25,0.0,1.13,23,11,0.0,14.8,14.8
17.36,0.0,32.35,73.15,8.2,0.0,1.09,0,11,0.0,444.54,444.54
15.47,0.0,39.81,77.52,2.11,0.0,2.08,1,11,0.0,0.0,0.0
12.55,0.0,6.0,84.88,5.73,0.0,1.21,2,11,22.16,94.3,116.46
16.76,0.0,42.95,75.19,3.05,0.0,1.41,3,11,27.0,29.9,56.91
14.1,0.0,19.19,78.03,5.32,0.0,2.76,4,11,0.0,29.95,29.95
12.86,0.0,5.58,93.49,1.9,0.0,1.44,5,11,12.19,6.96,19.15
17.39,0.0,29.12,88.95,3.08,0.0,0.84,6,11,10.24,0.21,10.45
19.06,175.54,39.93,80.97,7.69,0.0,0.2,7,11,527.91,335.04,862.95
17.1,474.61,14.74,72.69,4.06,0.0,0.93,8,11,1407.91,0.31,1408.22
17.69,720.65,4.57,81.13,3.7,0.0,0.43,9,11,2152.55,5.16,2157.71
19.48,821.57,9.49,85.87,5.31,0.0,0.8,10,11,2433.3,55.54,2488.84
22.01,943.31,10.55,70.62,3.31,0.0,4.21,11,11,2650.94,0.0,2650.94
23.89,958.09,14.86,81.07,3.71,0.0,1.11,12,11,2844.78,19.26,2864.04
23.63,598.49,59.29,86.13,4.08,0.0,1.72,13,11,1728.64,0.0,1728.64
23.42,692.02,40.35,78.7,9.66,0.0,3.36,14,11,1938.73,863.62,2802.35
25.69,616.51,30.29,73.13,5.76,0.0,0.39,15,11,1816.04,89.5,1905.54
22.8,494.76,18.49,74.41,0.91,0.0,1.78,16,11,1439.19,10.04,1449.23
24.32,222.84,27.67,74.89,5.57,0.0,2.49,17,11,644.26,53.43,697.7
21.55,7.12,43.97,76.49,3.76,0.0,1.72,18,11,26.13,29.87,56.0
21.59,0.0,48.87,63.3,2.3,0.0,0.95,19,11,0.0,0.0,0.0
19.57,0.0,25.2,86.16,6.24,0.0,1.93,20,11,44.48,104.7,149.18
18.36,0.0,18.38,77.66,2.53,0.0,0.5,21,11,14.22,0.0,14.22
16.58,0.0,29.47,95.0,2.8,0.0,1.19,22,11,0.0,23.81,23.81
17.96,0.0,30.6,95.0,1.15,0.0,0.0,23,11,0.0,14.44,14.44
13.77,0.0,13.56,80.47,8.77,0.0,1.91,0,11,0.0,571.71,571.71
12.96,0.0,24.55,85.08,5.67,0.0,2.56,1,11,17.02,85.63,102.65
16.75,0.0,28.74,75.45,1.8,0.0,2.12,2,11,35.22,11.79,47.01
14.87,0.0,39.77,73.53,3.69,0.0,1.95,3,11,40.19,0.0,40.19
10.0,0.0,56.94,86.54,2.88,0.0,1.3,4,11,18.47,0.0,18.47
13.22,0.0,49.79,83.39,0.82,0.0,0.79,5,11,0.0,13.79,13.79
12.15,23.54,43.02,73.99,7.28,0.0,0.0,6,11,105.83,245.05,350.88
14.47,243.56,10.38,72.68,6.09,0.0,0.45,7,11,721.15,116.9,838.04
12.4,408.36,35.35,60.34,9.37,0.0,0.58,8,11,1213.25,738.33,1951.58
18.2,403.61,66.96,67.82,2.37,0.0,1.75,9,11,1180.94,0.0,1180.94
17.98,834.74,14.82,84.18,4.93,0.0,2.49,10,11,2394.36,31.8,2426.16
20.99,896.66,26.27,85.36,1.6,0.0,1.52,11,11,2626.59,32.9,2659.5
19.5,798.22,47.2,59.83,3.38,0.0,1.21,12,11,2332.42,0.0,2332.42
22.86,954.55,15.16,60.85,6.16,0.0,3.13,13,11,2757.09,119.25,2876.35
22.61,637.8,48.78,81.69,0.5,0.0,1.84,14,11,1830.34,0.0,1830.34
25.65,628.72,23.7,61.39,3.64,0.0,0.0,15,11,1919.65,0.0,1919.65
25.35,397.34,33.23,64.89,3.4,0.0,1.25,16,11,1182.4,1.81,1184.22
23.91,237.33,29.06,64.81,4.88,0.0,0.88,17,11,707.21,31.08,738.29
21.45,58.76,36.87,80.6,2.35,0.0,0.0,18,11,159.45,11.01,170.46
23.88,0.0,16.02,83.73,1.96,0.0,2.45,19,11,44.67,0.0,44.67
17.37,0.0,13.78,78.75,4.62,0.0,1.52,20,11,44.04,18.24,62.28
16.3,0.0,30.63,75.93,4.56,0.0,3.13,21,11,5.14,26.51,31.65
16.98,0.0,24.28,76.85,5.31,0.0,2.46,22,11,0.0,62.72,62.72
19.28,0.0,25.64,83.0,2.4,0.0,0.73,23,11,0.0,20.06,20.06
14.52,0.0,18.34,85.77,0.58,0.0,1.78,0,11,0.0,8.52,8.52
13.76,0.0,35.23,80.49,6.53,0.0,1.73,1,11,0.0,140.59,140.59
11.37,0.0,4.29,85.01,2.16,0.0,1.2,2,11,0.0,0.46,0.46
14.78,0.0,43.57,75.52,3.31,0.0,0.0,3,11,0.0,0.0,0.0
14.96,0.0,44.47,75.7,3.58,0.0,2.11,4,11,0.0,8.26,8.26
15.21,0.0,29.41,69.55,2.05,0.0,0.0,5,11,8.73,0.0,8.73
13.88,21.8,25.62,91.51,3.86,0.0,0.0,6,11,57.03,20.15,77.18
14.8,214.61,47.55,63.13,7.05,0.0,1.59,7,11,616.02,211.08,827.09
15.13,338.71,55.56,83.08,2.53,0.0,0.25,8,11,1006.71,0.0,1006.71
18.49,530.47,45.98,76.6,3.86,0.0,0.53,9,11,1561.6,5.52,1567.12
18.03,738.45,29.17,76.61,2.73,0.0,1.43,10,11,2152.71,0.0,2152.71
19.1,849.76,25.42,71.19,8.94,0.0,2.02,11,11,2531.07,624.22,3155.29
21.26,660.84,58.0,71.14,2.25,0.0,0.97,12,11,1937.96,0.0,1937.96
21.96,952.23,8.12,86.73,1.53,0.0,2.92,13,11,2740.59,0.0,2740.59
22.38,801.95,22.24,72.72,1.77,0.0,0.28,14,11,2372.49,0.0,2372.49
24.06,690.02,21.25,71.42,3.04,0.0,2.52,15,11,1947.06,12.98,1960.03
23.31,441.1,25.63,72.57,4.04,0.0,0.46,16,11,1295.33,10.95,1306.28
22.26,235.14,15.16,66.68,4.73,0.0,3.16,17,11,670.25,44.58,714.83
22.17,0.0,62.52,67.85,4.09,0.0,2.74,18,11,0.0,5.27,5.27
19.37,0.0,42.2,79.97,6.91,0.0,1.65,19,11,0.0,206.56,206.56
19.81,0.0,58.41,68.5,3.01,0.0,2.14,20,11,0.0,0.0,0.0
18.59,0.0,16.47,75.92,5.02,0.0,2.3,21,11,1.16,42.32,43.48
14.81,0.0,24.83,90.52,2.51,0.0,1.0,22,11,17.5,0.0,17.5
17.36,0.0,9.73,72.81,4.82,0.0,1.44,23,11,0.0,32.79,32.79
13.47,0.0,14.97,81.96,7.26,0.0,0.0,0,12,0.0,255.45,255.45
14.13,0.0,43.53,79.82,8.81,0.0,0.0,1,12,28.31,587.96,616.27
15.24,0.0,15.46,84.73,5.15,0.0,2.38,2,12,47.41,28.14,75.55
14.71,0.0,3.45,82.51,7.6,0.0,1.26,3,12,6.26,313.39,319.65
13.55,0.0,12.03,77.27,4.81,0.0,2.35,4,12,35.59,19.64,55.23
13.45,0.0,33.17,78.6,8.18,0.0,1.94,5,12,17.86,442.9,460.75
16.21,0.0,32.5,74.43,6.8,0.0,1.46,6,12,48.27,189.39,237.65
16.84,203.73,33.44,73.03,1.51,0.0,2.64,7,12,590.48,0.0,590.48
16.1,446.23,28.88,65.64,3.61,0.0,2.45,8,12,1311.51,2.17,1313.67
17.13,705.6,12.67,79.89,2.94,0.0,0.52,9,12,2133.71,19.44,2153.15
16.51,812.08,5.66,73.83,0.74,0.0,0.0,10,12,2437.75,2.97,2440.72
21.06,703.75,51.67,77.6,3.57,0.0,0.27,11,12,2120.87,9.89,2130.76
21.74,819.63,40.72,73.59,1.8,0.0,2.56,12,12,2367.02,0.0,2367.02
24.36,903.18,20.07,66.75,0.87,0.0,2.08,13,12,2608.42,19.05,2627.47
23.69,421.46,73.01,66.89,3.45,0.0,0.0,14,12,1229.5,0.0,1229.5
25.33,476.99,52.71,58.05,2.31,0.0,1.11,15,12,1435.82,0.0,1435.82
22.11,495.68,3.75,73.51,7.45,0.0,2.36,16,12,1473.13,284.01,1757.14
24.36,207.25,20.56,69.1,5.82,0.0,0.4,17,12,614.1,91.1,705.2
21.07,53.7,55.17,68.73,7.96,0.0,1.25,18,12,137.44,354.06,491.5
21.99,0.0,13.44,56.75,6.57,0.0,2.25,19,12,14.02,170.67,184.69
17.43,0.0,18.48,76.44,5.13,0.0,2.01,20,12,10.17,22.71,32.88
18.68,0.0,5.6,75.54,4.29,0.0,0.04,21,12,0.0,0.27,0.27
14.05,0.0,26.57,90.95,1.17,0.0,1.95,22,12,35.59,23.73,59.32
15.42,0.0,6.42,80.79,2.5,0.0,1.47,23,12,0.0,8.38,8.38
15.41,0.0,3.14,90.03,5.01,0.0,2.03,0,12,0.0,26.62,26.62
13.18,0.0,3.86,78.16,3.22,0.0,0.6,1,12,0.0,0.3,0.3
11.88,0.0,12.39,82.61,2.82,0.0,2.12,2,12,0.0,0.0,0.0
14.56,0.0,21.48,73.47,1.49,0.0,1.65,3,12,0.0,0.0,0.0
13.3,0.0,26.83,80.91,1.21,0.0,2.72,4,12,4.1,0.0,4.1
13.22,0.0,8.92,89.74,2.18,0.0,1.05,5,12,0.0,6.65,6.65
14.82,13.71,45.51,88.06,6.04,0.0,0.45,6,12,56.78,96.54,153.32
19.74,207.07,33.71,77.08,4.69,0.0,0.0,7,12,620.74,16.24,636.99
18.73,513.66,7.43,65.77,2.91,0.0,2.47,8,12,1480.66,4.82,1485.48
20.03,555.29,41.77,63.72,1.13,0.0,0.0,9,12,1658.94,0.0,1658.94
20.24,718.51,33.02,72.73,2.06,0.0,0.0,10,12,2168.2,0.0,2168.2
21.04,928.48,13.73,68.32,3.48,0.0,1.24,11,12,2736.12,0.0,2736.12
18.23,923.72,24.89,82.43,1.84,0.0,0.61,12,12,2778.79,0.0,2778.79
21.6,894.2,23.43,76.87,5.4,0.0,0.0,13,12,2662.16,62.92,2725.08
22.4,619.64,48.08,74.88,5.61,0.0,1.77,14,12,1860.38,64.65,1925.04
20.48,619.74,22.18,69.85,1.73,0.0,1.81,15,12,1848.02,21.59,1869.61
21.38,388.53,41.04,74.52,5.13,0.0,1.41,16,12,1170.04,27.32,1197.36
19.65,207.58,29.77,78.09,3.81,0.0,2.18,17,12,596.53,18.11,614.64
21.77,0.0,29.81,70.13,8.15,0.0,1.47,18,12,22.26,405.91,428.17
22.02,0.0,63.41,70.66,5.6,0.0,0.0,19,12,14.16,29.77,43.93
21.24,0.0,9.42,75.93,4.22,0.0,0.84,20,12,0.0,26.24,26.24
18.91,0.0,10.46,67.55,4.33,0.0,1.41,21,12,0.0,4.21,4.21
15.55,0.0,24.83,75.71,2.0,0.0,1.79,22,12,0.0,7.72,7.72
12.89,0.0,6.66,78.27,6.74,0.0,1.49,23,12,0.0,162.08,162.08
12.08,0.0,18.47,92.38,4.07,0.0,1.73,0,12,0.0,0.79,0.79
12.02,0.0,57.52,80.32,4.16,0.0,0.59,1,12,0.0,16.75,16.75
12.09,0.0,42.76,84.71,4.16,0.0,1.14,2,12,9.37,1.04,10.42
13.02,0.0,49.32,88.55,2.56,0.0,1.73,3,12,8.64,20.08,28.72
11.9,0.0,18.56,78.64,5.82,0.0,3.41,4,12,0.0,89.89,89.89
14.43,0.0,14.34,88.69,6.34,0.0,0.21,5,12,37.26,122.44,159.7
14.37,0.0,32.05,89.45,2.62,0.0,1.78,6,12,0.0,0.0,0.0
15.77,201.44,34.53,63.08,3.44,0.0,0.02,7,12,562.98,0.0,562.98
18.67,423.83,33.18,79.44,2.0,0.0,0.56,8,12,1277.43,6.33,1283.76
16.49,647.03,19.56,87.49,2.35,0.0,2.15,9,12,1907.55,12.2,1919.76
20.18,793.02,9.93,71.71,2.88,0.0,1.47,10,12,2328.84,15.61,2344.45
20.73,833.56,31.43,78.44,6.86,0.0,0.95,11,12,2477.53,193.79,2671.32
21.29,823.87,31.59,62.85,4.46,0.0,3.37,12,12,2364.51,14.67,2379.18
23.91,733.41,44.91,57.63,4.24,0.0,0.58,13,12,2181.96,36.93,2218.89
24.4,696.65,38.92,66.32,7.71,0.0,1.59,14,12,2049.23,336.9,2386.13
21.84,723.2,9.2,64.99,5.63,0.0,1.87,15,12,2096.97,76.67,2173.64
22.81,444.71,19.21,74.48,0.57,0.0,0.0,16,12,1328.62,0.0,1328.62
23.01,239.56,24.76,73.98,1.64,0.0,0.94,17,12,726.8,0.0,726.8
21.38,0.0,42.31,87.44,2.4,0.0,0.0,18,12,30.97,0.0,30.97
21.63,0.0,24.84,79.42,2.71,0.0,0.0,19,12,0.0,8.04,8.04
19.97,0.0,11.53,70.25,6.03,0.0,1.51,20,12,0.0,109.73,109.73
21.0,0.0,39.88,74.16,5.45,0.0,1.65,21,12,66.75,45.15,111.9
14.67,0.0,19.56,83.14,1.78,0.0,0.54,22,12,6.98,24.09,31.06
15.57,0.0,42.41,84.54,3.93,0.0,0.14,23,12,0.0,10.18,10.18
13.33,0.0,40.46,66.27,1.53,0.0,2.64,0,12,0.0,14.31,14.31
14.8,0.0,29.3,77.62,1.96,0.0,3.07,1,12,0.0,0.0,0.0
10.97,0.0,17.42,94.18,2.37,0.0,1.72,2,12,4.48,0.0,4.48
13.74,0.0,38.41,85.66,6.91,0.0,1.17,3,12,4.54,200.63,205.16
12.45,0.0,11.62,84.38,3.04,0.0,0.5,4,12,0.93,0.0,0.93
12.79,0.0,51.8,79.5,7.08,0.0,1.4,5,12,0.0,208.85,208.85
12.52,0.0,36.86,82.92,5.3,0.0,1.05,6,12,0.0,30.64,30.64
15.03,142.78,60.79,81.3,5.29,0.0,1.81,7,12,432.15,54.49,486.64
18.56,466.52,24.27,69.45,5.74,0.0,2.36,8,12,1374.49,57.79,1432.28
18.19,657.38,23.12,79.32,1.43,0.0,1.42,9,12,1924.09,0.0,1924.09
20.46,777.62,31.84,75.01,5.84,0.0,1.17,10,12,2299.65,50.31,2349.96
23.22,698.29,53.36,67.79,2.43,0.0,0.0,11,12,2113.55,12.59,2126.14
22.16,864.25,32.56,69.05,9.15,0.0,1.53,12,12,2563.67,668.08,3231.75
21.72,886.94,31.91,62.97,6.18,0.0,1.75,13,12,2577.28,110.9,2688.18
23.75,828.85,16.65,79.36,10.74,0.0,2.16,14,12,2449.83,1297.39,3747.22
22.41,630.18,30.21,76.08,7.48,0.0,0.0,15,12,1913.54,292.0,2205.54
22.3,385.79,35.11,74.54,3.0,0.0,1.45,16,12,1131.81,0.0,1131.81
20.27,220.37,42.98,78.97,7.59,0.0,0.43,17,12,655.51,296.82,952.33
23.15,48.33,34.95,49.11,2.85,0.0,1.84,18,12,145.94,0.0,145.94
20.15,0.0,38.02,88.39,4.67,0.0,1.32,19,12,0.0,24.5,24.5
19.79,0.0,43.62,54.08,5.88,0.0,0.47,20,12,0.0,113.59,113.59
16.67,0.0,6.49,86.11,3.12,0.0,2.79,21,12,0.0,0.0,0.0
17.58,0.0,37.85,78.65,2.15,0.0,0.72,22,12,13.85,1.99,15.84
14.58,0.0,25.99,72.98,6.75,0.0,0.49,23,12,0.0,165.18,165.18
14.45,0.0,21.87,82.5,1.49,0.0,0.65,0,12,9.43,25.39,34.82
15.18,0.0,44.6,84.67,3.03,0.0,0.0,1,12,22.93,0.0,22.93
14.55,0.0,49.01,77.5,3.97,0.0,0.0,2,12,23.53,12.61,36.14
13.16,0.0,27.49,92.81,5.75,0.0,2.28,3,12,0.0,97.58,97.58
10.71,0.0,30.07,74.07,6.41,0.0,1.12,4,12,0.0,128.98,128.98
18.35,0.0,10.28,68.47,3.81,0.0,1.58,5,12,0.0,0.0,0.0
17.28,0.0,19.63,68.14,4.15,0.0,1.31,6,12,0.0,15.27,15.27
16.78,215.66,34.99,67.41,6.24,0.0,1.37,7,12,580.56,132.86,713.42
15.77,489.72,10.58,81.4,3.57,0.0,1.04,8,12,1468.37,0.0,1468.37
18.02,636.34,28.72,90.2,4.07,0.0,0.45,9,12,1852.78,13.24,1866.02
18.67,720.26,38.19,83.39,0.61,0.0,1.68,10,12,2080.49,0.0,2080.49
22.59,786.92,38.1,69.44,7.82,0.0,1.26,11,12,2293.26,333.57,2626.83
22.12,920.56,17.66,83.56,4.12,0.0,0.0,12,12,2785.83,0.0,2785.83
21.35,694.92,52.88,81.62,5.13,0.0,1.7,13,12,2034.39,38.02,2072.41
22.32,782.39,24.31,66.85,2.4,0.0,2.64,14,12,2238.6,0.0,2238.6
24.88,730.91,6.28,66.79,4.65,0.0,1.43,15,12,2116.96,17.98,2134.94
25.42,474.44,23.9,70.81,3.53,0.0,0.47,16,12,1419.82,8.14,1427.96
24.82,195.06,50.94,62.96,1.55,0.0,1.32,17,12,530.31,6.5,536.82
22.87,0.0,23.34,63.63,5.99,0.0,1.85,18,12,0.0,118.22,118.22
20.32,0.0,12.14,80.52,6.08,0.0,0.0,19,12,43.98,80.97,124.95
14.63,0.0,32.86,89.21,1.15,0.0,0.58,20,12,24.71,0.0,24.71
18.64,0.0,14.74,68.47,3.17,0.0,1.11,21,12,0.0,31.29,31.29
16.9,0.0,48.22,81.63,2.59,0.0,0.76,22,12,32.38,5.82,38.2
15.91,0.0,57.41,82.69,3.84,0.0,1.26,23,12,0.0,1.82,1.82
14.71,0.0,54.92,72.52,3.69,0.0,2.46,0,12,19.19,7.09,26.28
11.85,0.0,1.49,87.37,4.65,0.0,0.0,1,12,10.09,28.01,38.1
14.17,0.0,1.39,86.13,2.4,0.0,0.0,2,12,0.0,48.53,48.53
14.12,0.0,41.72,86.58,2.25,0.0,0.64,3,12,4.68,0.0,4.68
14.36,0.0,34.69,79.41,5.1,0.0,1.29,4,12,30.34,27.17,57.52
15.26,0.0,54.73,83.0,8.7,0.0,0.0,5,12,41.18,555.69,596.87
15.54,35.76,2.48,81.72,7.7,0.0,2.86,6,12,109.62,329.78,439.4
15.05,260.65,11.36,81.48,5.64,0.0,1.94,7,12,738.19,94.16,832.35
16.77,459.3,27.25,85.82,1.19,0.0,0.0,8,12,1376.95,0.0,1376.95
18.3,661.23,14.85,69.22,2.34,0.0,1.11,9,12,2004.26,0.0,2004.26
19.62,737.78,35.68,68.51,4.87,0.0,1.46,10,12,2183.32,6.98,2190.3
22.17,951.64,5.99,63.73,2.66,0.0,0.19,11,12,2866.33,0.0,2866.33
22.67,915.69,23.3,79.55,3.18,0.0,0.0,12,12,2753.7,0.0,2753.7
25.61,698.06,49.96,67.97,7.89,0.0,0.25,13,12,2101.26,378.19,2479.45
26.31,800.53,13.98,62.3,1.35,0.0,2.03,14,12,2308.6,2.38,2310.98
23.29,671.33,21.85,81.02,6.32,0.0,0.0,15,12,2023.63,143.61,2167.24
17.24,425.88,34.91,76.26,1.02,0.0,2.37,16,12,1208.94,0.0,1208.94
24.35,216.55,33.53,52.18,2.89,0.0,0.09,17,12,616.39,11.98,628.36
20.89,36.51,27.33,68.58,4.05,0.0,0.0,18,12,85.24,0.0,85.24
19.47,0.0,15.61,76.22,2.99,0.0,2.24,19,12,31.26,0.0,31.26
18.86,0.0,15.14,79.14,7.99,0.0,0.57,20,12,0.0,396.88,396.88
17.5,0.0,3.72,72.4,3.77,0.0,0.82,21,12,51.51,0.0,51.51
17.79,0.0,4.63,74.05,5.18,0.0,1.34,22,12,22.94,57.33,80.27
13.33,0.0,14.29,78.86,4.95,0.0,0.0,23,12,24.72,28.93,53.65
12.99,0.0,53.88,88.26,6.04,0.0,0.0,0,12,0.0,127.18,127.18
14.33,0.0,40.89,92.28,6.36,0.0,0.63,1,12,0.0,121.6,121.6
14.25,0.0,4.07,75.8,3.57,0.0,2.05,2,12,7.96,0.0,7.96
14.11,0.0,2.91,93.1,6.34,0.0,1.32,3,12,1.27,137.24,138.51
12.13,0.0,11.42,85.63,4.63,0.0,1.3,4,12,33.84,10.81,44.65
12.35,0.0,18.79,82.67,4.84,0.0,2.01,5,12,0.0,37.49,37.49
13.85,0.0,20.12,79.76,1.96,0.0,1.84,6,12,23.75,5.79,29.54
16.0,240.81,36.58,71.76,2.39,0.0,0.19,7,12,746.63,22.66,769.29
19.08,419.56,25.64,68.99,4.85,0.0,0.26,8,12,1259.35,75.09,1334.44
15.07,646.59,23.86,72.59,2.5,0.0,1.55,9,12,1893.3,21.07,1914.36
19.11,733.18,32.3,66.96,3.69,0.0,0.89,10,12,2133.12,0.0,2133.12
18.64,868.1,28.45,79.39,3.69,0.0,0.92,11,12,2575.14,2.13,2577.27
19.2,848.74,33.09,92.37,2.32,0.0,0.0,12,12,2568.54,0.0,2568.54
23.92,927.38,5.88,63.89,4.11,0.0,1.02,13,12,2722.81,10.47,2733.28
23.79,786.97,25.15,67.83,4.1,0.0,1.81,14,12,2266.32,6.63,2272.95
23.82,685.64,8.12,77.92,1.67,0.0,0.67,15,12,2021.62,4.77,2026.39
24.35,383.53,50.18,61.34,3.12,0.0,0.82,16,12,1130.84,12.54,1143.38
21.75,251.63,12.45,61.32,3.04,0.0,2.57,17,12,740.88,29.99,770.87
21.03,42.83,21.77,57.89,4.09,0.0,0.38,18,12,130.96,0.0,130.96
23.92,0.0,43.53,70.36,5.29,0.0,2.81,19,12,0.0,66.26,66.26
19.07,0.0,19.64,70.66,0.61,0.0,0.0,20,12,0.0,24.19,24.19
19.25,0.0,6.62,64.97,1.7,0.0,1.49,21,12,35.26,0.0,35.26
16.86,0.0,6.52,72.98,2.7,0.0,0.0,22,12,0.0,0.0,0.0
12.87,0.0,13.63,90.06,5.8,0.0,1.63,23,12,0.0,72.49,72.49
11.52,0.0,40.75,81.32,3.64,0.0,0.07,0,12,0.0,3.09,3.09
12.92,0.0,57.9,89.69,3.81,0.0,0.0,1,12,0.0,0.0,0.0
14.87,0.0,13.47,84.13,3.26,0.0,0.4,2,12,0.0,0.0,0.0
14.3,0.0,23.7,82.49,3.3,0.0,0.35,3,12,0.0,16.31,16.31
14.66,0.0,46.98,80.72,8.77,0.0,0.94,4,12,21.56,595.3,616.87
12.31,0.0,18.67,89.01,6.81,0.0,1.77,5,12,0.0,175.58,175.58
17.01,13.61,57.81,80.31,5.12,0.0,2.24,6,12,35.08,40.6,75.69
14.17,273.75,15.1,82.91,2.82,0.0,2.95,7,12,784.47,5.12,789.59
17.14,485.61,11.44,62.27,3.82,0.0,0.83,8,12,1394.09,18.36,1412.45
18.1,608.98,31.68,74.15,4.87,0.0,0.77,9,12,1758.65,47.21,1805.86
19.15,865.99,6.07,62.98,3.19,0.0,1.17,10,12,2558.32,0.79,2559.11
22.63,903.57,19.91,62.56,3.88,0.0,0.54,11,12,2681.2,17.15,2698.35
20.6,889.03,31.04,81.69,1.79,0.0,0.0,12,12,2620.8,0.0,2620.8
20.43,841.08,36.86,72.58,1.41,0.0,1.28,13,12,2478.2,4.62,2482.82
22.98,824.76,10.58,83.98,1.93,0.0,0.0,14,12,2479.6,11.7,2491.31
22.52,685.12,12.68,77.1,5.34,0.0,1.01,15,12,2039.76,32.99,2072.76
28.02,412.45,31.5,59.22,2.07,0.0,0.54,16,12,1222.79,0.0,1222.79
23.46,242.8,15.47,66.88,7.24,0.0,0.0,17,12,737.38,278.0,1015.38
21.04,0.0,36.87,78.23,3.05,0.0,0.35,18,12,0.0,0.0,0.0
19.04,0.0,11.91,79.83,1.94,0.0,0.0,19,12,22.77,12.19,34.97
16.59,0.0,44.37,86.11,5.94,0.0,1.13,20,12,16.89,81.38,98.27
16.58,0.0,24.18,60.95,3.51,0.0,0.57,21,12,0.0,11.28,11.28
17.0,0.0,44.94,65.34,3.16,0.0,1.18,22,12,0.0,0.0,0.0
17.76,0.0,53.06,72.16,2.84,0.0,0.0,23,12,0.0,0.0,0.0
16.25,0.0,50.77,84.16,2.85,0.0,1.39,0,12,0.0,19.99,19.99
14.11,0.0,61.77,87.73,4.7,0.0,2.61,1,12,68.07,25.77,93.84
12.78,0.0,42.39,60.28,3.97,0.0,1.28,2,12,0.0,0.0,0.0
13.5,0.0,12.33,75.08,3.57,0.0,2.06,3,12,23.27,0.0,23.27
12.49,0.0,9.14,87.81,3.46,0.0,0.73,4,12,0.0,0.0,0.0
16.35,0.0,27.73,70.54,1.76,0.0,0.69,5,12,0.0,0.0,0.0
14.28,18.55,31.1,83.46,5.97,0.0,1.66,6,12,79.89,92.66,172.54
15.47,175.24,36.44,83.53,7.28,0.0,0.78,7,12,503.96,269.85,773.81
13.48,456.62,35.9,78.29,5.73,0.0,2.07,8,12,1385.14,119.53,1504.67
17.81,616.7,27.15,77.7,3.49,0.0,0.89,9,12,1864.08,14.6,1878.68
20.65,767.98,26.84,72.63,8.52,0.0,1.22,10,12,2250.57,492.54,2743.11
19.0,845.03,29.13,79.77,4.42,0.0,0.51,11,12,2478.03,0.0,2478.03
20.51,909.38,22.11,72.1,5.49,0.0,0.0,12,12,2745.39,43.55,2788.94
23.62,806.58,35.5,55.61,5.23,0.0,0.88,13,12,2381.34,48.41,2429.75
20.71,818.0,16.43,78.23,4.99,0.0,0.77,14,12,2452.63,36.79,2489.42
24.69,566.67,40.64,68.75,4.56,0.0,0.46,15,12,1729.25,22.19,1751.45
22.13,529.59,3.17,76.47,2.19,0.0,1.49,16,12,1538.73,0.0,1538.73
21.85,231.48,16.19,65.65,2.66,0.0,2.1,17,12,685.25,0.0,685.25
19.95,36.68,47.91,72.56,6.64,0.0,2.21,18,12,89.89,155.71,245.6
21.17,0.0,42.19,69.19,2.0,0.0,0.87,19,12,25.99,0.0,25.99
23.08,0.0,8.09,78.18,1.83,0.0,0.43,20,12,0.0,19.63,19.63
19.27,0.0,28.87,80.9,2.6,0.0,0.18,21,12,21.48,0.0,21.48
15.51,0.0,37.67,92.09,3.02,0.0,3.15,22,12,8.2,0.0,8.2
17.3,0.0,38.15,76.98,4.04,0.0,2.3,23,12,0.0,34.82,34.82
14.07,0.0,55.74,71.77,4.34,0.0,1.05,0,12,0.0,22.09,22.09
15.81,0.0,25.74,71.35,5.63,0.0,0.0,1,12,0.0,64.96,64.96
14.46,0.0,11.76,88.63,1.24,0.0,0.87,2,12,0.0,0.0,0.0
10.0,0.0,10.48,95.0,2.17,0.0,1.89,3,12,0.0,19.5,19.5
11.74,0.0,7.03,74.0,3.77,0.0,0.28,4,12,0.0,7.79,7.79
15.17,0.0,22.82,76.47,2.42,0.0,0.0,5,12,0.0,3.46,3.46
14.77,20.98,7.6,72.05,6.47,0.0,1.67,6,12,76.33,158.02,234.35
14.04,270.51,12.78,95.0,4.55,0.0,1.03,7,12,795.33,20.92,816.24
15.83,454.15,30.17,82.77,3.69,0.0,1.04,8,12,1315.55,0.0,1315.55
15.22,637.51,25.92,73.41,0.5,0.0,1.02,9,12,1869.47,6.2,1875.67
19.24,849.07,8.27,68.15,6.29,0.0,0.0,10,12,2569.69,108.14,2677.83
23.9,915.64,11.12,81.63,3.54,0.0,0.3,11,12,2770.82,0.0,2770.82
22.82,895.96,26.76,76.45,3.92,0.0,0.95,12,12,2612.01,11.91,2623.92
25.7,926.83,10.78,68.12,4.93,0.0,0.0,13,12,2755.72,61.01,2816.74
24.23,722.8,35.89,66.18,7.49,0.0,0.08,14,12,2175.61,303.77,2479.38
24.62,578.77,47.61,65.92,1.87,0.0,2.5,15,12,1661.96,0.0,1661.96
25.87,440.35,31.44,56.55,1.22,0.0,1.24,16,12,1321.97,17.05,1339.02
22.98,122.92,70.02,65.46,1.62,0.0,1.23,17,12,333.56,8.95,342.51
21.33,24.86,32.26,69.44,5.23,0.0,1.72,18,12,59.87,57.15,117.02
22.13,0.0,53.81,71.05,1.67,0.0,1.61,19,12,4.3,21.27,25.57
21.55,0.0,21.01,72.18,3.75,0.0,1.16,20,12,0.0,0.0,0.0
17.36,0.0,57.92,85.53,4.98,0.0,0.27,21,12,0.0,28.69,28.69
15.7,0.0,4.9,74.01,5.03,0.0,0.01,22,12,5.15,44.55,49.7
15.79,0.0,13.06,90.98,3.25,0.0,1.35,23,12,15.75,6.59,22.34
15.77,0.0,11.37,78.81,4.93,0.0,2.51,0,12,0.0,38.24,38.24
14.93,0.0,18.76,83.67,7.79,0.0,0.0,1,12,0.0,345.14,345.14
11.1,0.0,4.05,93.78,0.76,0.0,1.81,2,12,0.0,15.58,15.58
15.93,0.0,28.46,83.95,4.75,0.0,0.0,3,12,0.0,12.7,12.7
12.27,0.0,35.26,90.0,3.87,0.0,1.41,4,12,0.0,23.7,23.7
13.33,0.0,18.98,78.03,2.2,0.0,0.77,5,12,0.45,12.19,12.64
13.17,0.0,10.5,81.7,2.73,0.0,0.58,6,12,0.0,0.0,0.0
19.61,217.92,19.54,81.13,6.06,0.0,1.08,7,12,670.46,98.08,768.55
17.13,359.7,53.83,84.29,4.23,0.0,1.54,8,12,1031.54,0.0,1031.54
16.79,625.62,25.32,80.1,0.54,0.0,2.15,9,12,1800.4,0.0,1800.4
20.65,345.07,82.92,79.82,8.25,1.04,0.31,10,12,1013.84,448.95,1462.79
21.72,815.92,38.02,66.26,4.71,0.0,1.5,11,12,2461.79,14.75,2476.54
21.32,991.94,8.36,78.66,3.44,0.0,1.31,12,12,2940.89,2.92,2943.81
23.65,996.24,3.83,77.91,5.02,0.0,1.41,13,12,2903.12,20.75,2923.87
21.65,618.49,51.51,72.96,2.15,0.0,0.9,14,12,1806.61,22.34,1828.96
22.32,698.58,6.76,73.55,2.47,0.0,1.52,15,12,2015.61,9.87,2025.48
19.88,427.33,34.78,58.81,1.83,0.0,2.89,16,12,1241.89,0.0,1241.89
20.41,165.35,62.65,85.52,3.2,0.0,1.17,17,12,530.91,9.86,540.77
24.31,5.02,26.36,72.55,6.9,0.0,0.84,18,12,25.5,206.06,231.56
23.02,0.0,45.63,75.99,3.16,0.0,0.77,19,12,0.0,0.0,0.0
19.45,0.0,7.13,78.28,2.62,0.0,1.22,20,12,0.0,0.0,0.0
20.56,0.0,25.94,77.98,4.96,0.0,0.9,21,12,26.95,40.78,67.73
16.53,0.0,26.04,82.24,6.42,0.0,2.65,22,12,0.0,138.0,138.0
15.2,0.0,12.24,92.54,2.38,0.0,0.0,23,12,20.02,25.02,45.04
14.6,0.0,51.97,95.0,5.78,0.0,2.38,0,12,41.96,95.76,137.72
13.53,0.0,27.99,91.45,2.71,0.0,0.57,1,12,0.0,0.0,0.0
12.89,0.0,9.97,93.49,2.4,0.0,0.93,2,12,33.34,0.0,33.34
14.76,0.0,28.96,77.68,3.6,0.0,1.63,3,12,3.74,10.54,14.28
13.44,0.0,27.31,81.11,1.18,0.0,0.47,4,12,8.64,0.0,8.64
14.79,0.0,20.25,84.17,6.34,0.0,0.39,5,12,24.04,134.5,158.54
16.06,15.93,11.17,84.01,6.48,0.0,0.14,6,12,0.0,145.15,145.15
16.13,241.11,12.5,82.64,4.79,0.0,0.28,7,12,737.3,8.0,745.3
15.3,439.32,37.31,72.93,2.7,0.0,1.18,8,12,1300.23,0.0,1300.23
16.02,618.37,32.16,76.42,1.92,0.0,3.01,9,12,1792.35,0.0,1792.35
19.56,855.47,4.33,72.58,4.93,0.0,1.59,10,12,2510.13,19.23,2529.36
20.29,818.41,38.49,78.35,1.48,0.0,1.82,11,12,2375.41,4.55,2379.96
21.71,865.42,30.06,70.38,3.27,0.0,0.0,12,12,2584.89,0.0,2584.89
22.35,889.99,16.65,70.55,1.37,0.0,0.0,13,12,2660.87,24.85,2685.72
26.75,816.17,10.66,64.78,3.36,0.0,1.81,14,12,2380.33,0.0,2380.33
21.05,646.4,24.82,78.75,1.71,0.0,0.0,15,12,1978.77,10.3,1989.08
19.89,413.4,47.56,84.74,0.81,0.0,0.93,16,12,1184.1,7.25,1191.35
22.88,229.29,26.63,65.16,3.48,0.0,2.14,17,12,641.48,16.28,657.76
21.02,15.2,32.09,79.87,4.12,0.0,0.81,18,12,30.6,0.0,30.6
21.02,0.0,10.6,66.53,3.42,0.0,0.8,19,12,0.0,0.0,0.0
20.22,0.0,8.36,79.95,1.98,0.0,1.76,20,12,0.0,0.0,0.0
19.97,0.0,40.83,64.9,1.28,0.0,0.82,21,12,0.0,0.0,0.0
14.49,0.0,40.1,92.66,1.65,0.0,2.0,22,12,4.34,6.93,11.27
14.71,0.0,31.3,79.16,5.13,0.0,0.37,23,12,6.92,39.01,45.93
15.14,0.0,14.7,82.55,0.57,0.0,2.22,0,12,0.0,0.0,0.0
14.86,0.0,13.22,82.08,6.35,0.0,1.0,1,12,50.51,138.5,189.01
16.49,0.0,13.82,90.08,6.09,0.0,0.0,2,12,0.0,123.1,123.1
14.47,0.0,53.98,76.37,6.56,0.0,1.28,3,12,10.19,143.15,153.34
13.12,0.0,40.91,82.82,6.54,0.0,0.0,4,12,4.16,133.95,138.12
12.37,0.0,18.27,85.41,4.72,0.0,1.03,5,12,10.93,56.42,67.35
13.65,0.0,17.75,90.41,6.17,0.0,0.04,6,12,24.68,137.22,161.9
14.65,246.74,23.56,75.34,5.15,0.0,0.0,7,12,738.04,42.43,780.47
17.72,381.72,41.12,60.65,2.69,0.0,0.0,8,12,1166.52,19.35,1185.87
18.42,638.64,25.41,67.71,5.34,0.0,1.83,9,12,1882.25,84.85,1967.1
17.34,723.48,36.26,83.98,4.4,0.0,0.0,10,12,2186.08,0.0,2186.08
19.88,885.27,21.15,75.75,0.75,0.0,1.53,11,12,2600.52,0.0,2600.52
22.89,743.55,49.68,70.98,5.59,0.0,1.48,12,12,2153.49,74.92,2228.4
22.89,805.38,33.85,64.76,6.44,0.0,2.33,13,12,2309.2,145.78,2454.98
23.72,756.58,34.79,71.1,3.84,0.0,1.47,14,12,2175.24,5.29,2180.53
23.61,516.63,52.02,74.74,3.68,0.0,0.0,15,12,1576.03,0.0,1576.03
25.3,457.32,27.33,67.69,3.36,0.0,2.0,16,12,1330.61,0.0,1330.61
22.72,252.05,9.1,82.11,5.07,0.0,0.76,17,12,775.08,47.44,822.52
20.99,0.0,44.95,80.56,2.22,0.0,2.46,18,12,0.0,0.0,0.0
19.16,0.0,43.38,74.95,5.49,0.0,1.25,19,12,0.49,72.83,73.32
19.7,0.0,36.08,80.88,2.65,0.0,1.68,20,12,0.0,0.0,0.0
14.37,0.0,25.89,82.3,2.48,0.0,1.85,21,12,0.0,0.0,0.0
16.46,0.0,19.59,81.7,5.79,0.0,0.21,22,12,0.0,89.42,89.42
15.23,0.0,29.63,78.88,1.97,0.0,1.75,23,12,69.95,0.0,69.95
12.44,0.0,30.04,85.5,6.34,0.0,1.42,0,12,21.23,118.07,139.3
12.3,0.0,46.48,72.34,8.78,0.0,1.73,1,12,0.0,579.87,579.87
14.41,0.0,45.05,75.33,2.79,0.0,1.19,2,12,0.0,19.63,19.63
13.37,0.0,15.8,92.41,7.3,0.0,0.56,3,12,0.0,248.05,248.05
13.35,0.0,21.23,80.41,4.11,0.0,0.0,4,12,41.39,0.0,41.39
14.15,0.0,23.76,73.59,2.47,0.0,0.97,5,12,0.0,0.0,0.0
14.63,15.26,30.86,94.71,3.49,0.0,1.84,6,12,14.92,0.0,14.92
17.39,276.16,32.31,75.76,5.71,0.0,0.98,7,12,787.57,77.99,865.56
16.91,476.07,9.78,82.98,4.72,0.0,1.49,8,12,1422.14,22.09,1444.23
15.84,556.34,34.19,75.9,3.72,0.0,0.0,9,12,1644.65,0.0,1644.65
21.76,785.99,16.17,80.28,2.45,0.0,2.08,10,12,2316.59,11.19,2327.78
21.08,904.47,18.43,73.75,5.12,0.0,1.79,11,12,2644.49,25.95,2670.44
20.68,917.25,23.61,60.79,2.76,0.0,1.38,12,12,2716.66,0.0,2716.66
20.47,880.46,21.28,91.02,2.85,0.0,2.21,13,12,2588.19,14.99,2603.18
23.45,837.11,14.59,66.19,5.27,0.0,1.18,14,12,2451.35,23.56,2474.91
22.85,597.1,38.74,69.05,4.07,0.0,2.03,15,12,1755.77,0.0,1755.77
25.21,493.02,13.53,59.06,2.04,0.0,0.99,16,12,1454.96,0.0,1454.96
21.83,208.84,40.04,58.42,4.85,0.0,0.61,17,12,628.42,28.63,657.05
20.3,0.0,17.05,83.41,2.46,0.0,1.29,18,12,59.71,24.54,84.25
21.87,0.0,3.25,74.42,5.38,0.0,0.0,19,12,0.0,49.42,49.42
20.71,0.0,27.86,58.67,3.63,0.0,2.19,20,12,24.27,0.0,24.27
18.28,0.0,14.15,74.05,4.28,0.0,2.19,21,12,44.99,31.38,76.37
17.74,0.0,32.09,80.73,4.31,0.0,2.85,22,12,0.0,0.0,0.0
15.47,0.0,13.64,85.27,1.79,0.0,0.95,23,12,0.0,0.0,0.0
14.83,0.0,34.38,74.12,4.61,0.0,1.21,0,12,0.0,32.79,32.79
15.43,0.0,23.32,76.38,6.39,0.0,1.2,1,12,0.0,123.58,123.58
14.12,0.0,41.86,76.64,6.7,0.0,0.66,2,12,0.0,169.91,169.91
12.76,0.0,40.08,80.68,4.86,0.0,1.29,3,12,0.0,44.11,44.11
15.21,0.0,10.78,82.54,8.39,0.0,1.36,4,12,0.0,474.38,474.38
10.14,0.0,9.22,93.34,4.3,0.0,0.0,5,12,0.0,40.64,40.64
17.56,40.3,2.66,79.81,2.44,0.0,0.05,6,12,127.15,0.52,127.66
12.96,202.76,43.18,85.58,4.68,0.0,2.09,7,12,577.97,7.69,585.67
15.78,470.03,14.31,78.52,6.97,0.0,1.33,8,12,1374.59,221.4,1595.99
17.95,698.72,8.32,68.08,3.0,0.0,0.0,9,12,2112.13,0.0,2112.13
19.09,736.92,36.58,74.93,2.5,0.0,0.05,10,12,2216.73,28.81,2245.54
22.02,890.23,26.63,69.17,8.29,0.0,1.11,11,12,2654.81,445.26,3100.07
19.96,1017.11,6.46,69.54,5.43,0.0,0.2,12,12,3073.55,82.6,3156.15
22.74,897.47,12.02,71.85,1.02,0.0,1.61,13,12,2617.89,0.0,2617.89
21.98,433.81,74.41,60.13,4.08,0.0,1.47,14,12,1276.48,0.0,1276.48
23.46,490.87,57.88,67.13,2.33,0.0,1.59,15,12,1445.98,12.28,1458.26
22.75,370.93,50.43,66.19,2.62,0.0,1.12,16,12,1079.24,29.14,1108.38
22.48,239.77,27.35,65.3,1.36,0.0,0.99,17,12,684.95,15.22,700.17
20.73,0.0,33.18,78.77,2.31,0.0,2.78,18,12,19.12,0.0,19.12
19.75,0.0,33.13,76.29,3.77,0.0,0.15,19,12,28.92,14.12,43.04
19.74,0.0,38.95,79.06,1.29,0.0,0.0,20,12,0.0,0.0,0.0
19.43,0.0,18.56,79.11,6.68,0.0,0.0,21,12,6.14,190.0,196.14
15.82,0.0,46.87,72.12,5.5,0.0,0.2,22,12,0.0,67.1,67.1
14.21,0.0,32.99,90.69,3.12,0.0,2.99,23,12,0.0,0.0,0.0
15.39,0.0,3.23,76.72,1.68,0.0,1.98,0,12,0.0,2.39,2.39
13.63,0.0,31.78,91.68,10.17,0.0,0.0,1,12,18.8,1057.79,1076.59
14.42,0.0,45.87,78.63,4.1,0.0,0.16,2,12,11.15,34.63,45.78
11.65,0.0,23.86,74.84,3.34,0.0,1.48,3,12,22.76,7.7,30.46
10.51,0.0,9.82,77.99,2.12,0.0,0.88,4,12,2.17,10.29,12.45
12.88,0.0,1.69,91.14,2.14,0.0,0.0,5,12,0.0,13.33,13.33
13.32,40.56,59.7,87.37,5.68,0.0,0.0,6,12,153.03,80.32,233.35
15.39,224.76,18.93,74.56,3.85,0.0,0.19,7,12,694.99,13.13,708.12
15.76,431.27,27.73,81.84,9.15,0.0,0.0,8,12,1238.77,687.42,1926.19
19.12,474.36,58.04,83.83,7.87,0.0,0.23,9,12,1411.35,380.93,1792.29
18.87,729.93,36.35,89.39,2.17,0.0,1.22,10,12,2147.02,0.0,2147.02
20.73,877.22,22.64,75.34,12.22,0.0,1.25,11,12,2597.22,2000.72,4597.94
21.78,749.43,49.94,75.44,9.34,0.0,0.0,12,12,2270.18,776.9,3047.08
22.63,937.79,11.02,70.54,5.7,0.0,1.01,13,12,2783.26,75.63,2858.88
22.8,847.46,15.71,71.74,3.17,0.0,0.39,14,12,2525.87,0.0,2525.87
23.77,679.69,8.89,75.07,2.27,0.0,1.4,15,12,1964.25,0.0,1964.25
21.64,445.19,21.59,64.35,1.48,0.0,2.0,16,12,1348.58,18.04,1366.61
24.44,247.27,11.57,74.88,1.04,0.0,1.62,17,12,763.17,11.02,774.19
21.19,0.0,72.19,70.47,5.9,0.0,0.0,18,12,27.98,112.66,140.64
18.54,0.0,7.44,70.85,7.68,0.0,1.21,19,12,38.04,352.35,390.39
19.58,0.0,8.52,69.62,5.48,0.0,2.09,20,12,0.0,67.41,67.41
16.73,0.0,12.79,94.14,5.37,0.0,0.56,21,12,18.07,61.31,79.38
17.71,0.0,61.69,88.13,3.3,0.0,0.0,22,12,20.29,0.0,20.29
18.82,0.0,9.71,69.51,4.56,0.0,1.83,23,12,0.0,19.02,19.02
13.29,0.0,21.49,85.22,4.75,0.0,0.0,0,12,12.84,14.26,27.09
14.17,0.0,11.25,83.83,2.45,0.0,2.46,1,12,0.0,0.0,0.0
10.54,0.0,12.66,95.0,5.21,0.0,0.73,2,12,12.77,51.83,64.6
13.68,0.0,39.51,79.06,1.79,0.0,2.13,3,12,20.22,0.0,20.22
11.84,0.0,20.95,67.01,2.65,0.0,0.09,4,12,0.08,6.85,6.93
12.74,0.0,60.6,82.75,4.25,0.0,0.76,5,12,25.4,0.0,25.4
12.82,0.0,15.31,81.44,3.96,0.0,1.57,6,12,25.66,25.48,51.14
16.6,192.01,58.77,82.73,4.97,0.0,2.3,7,12,531.81,38.57,570.38
18.22,494.48,8.34,84.01,4.21,0.0,1.53,8,12,1406.17,23.9,1430.07
18.04,674.79,14.58,86.51,1.01,0.0,1.4,9,12,1949.22,0.0,1949.22
18.0,865.96,11.94,86.3,8.78,0.0,1.44,10,12,2589.44,583.87,3173.31
22.89,857.66,25.24,76.73,5.4,0.0,0.0,11,12,2544.63,56.11,2600.75
20.41,934.98,14.55,82.91,6.56,0.0,2.0,12,12,2713.64,157.11,2870.75
19.09,759.83,40.28,65.16,5.74,0.0,0.0,13,12,2281.83,87.48,2369.3
23.52,651.56,44.74,68.72,2.2,0.0,1.57,14,12,1883.36,0.0,1883.36
21.35,590.77,38.09,73.44,7.39,0.0,0.0,15,12,1766.0,284.09,2050.08
24.32,479.76,11.29,73.46,9.16,0.0,1.13,16,12,1362.68,673.82,2036.51
21.76,254.86,24.56,67.86,1.29,0.0,0.72,17,12,785.44,0.0,785.44
22.44,9.21,31.76,66.7,1.87,0.0,0.68,18,12,43.27,24.79,68.06
22.61,0.0,30.12,69.04,9.69,0.0,1.46,19,12,37.4,856.0,893.4
17.48,0.0,8.24,81.5,2.65,0.0,1.01,20,12,0.0,39.14,39.14
17.15,0.0,4.07,51.57,5.89,0.0,1.6,21,12,0.0,101.2,101.2
16.6,0.0,18.35,78.93,1.25,0.0,1.77,22,12,6.7,21.34,28.04
17.81,0.0,3.76,71.85,5.17,0.0,0.0,23,12,0.0,34.52,34.52
13.48,0.0,53.14,75.95,4.95,0.0,2.76,0,12,0.0,14.15,14.15
12.78,0.0,23.81,86.32,7.5,0.0,0.0,1,12,0.0,273.12,273.12
13.89,0.0,38.04,83.49,5.14,0.0,1.49,2,12,46.7,59.78,106.48
12.13,0.0,29.22,86.07,0.93,0.0,2.04,3,12,0.0,0.0,0.0
13.4,0.0,16.61,84.28,3.48,0.0,1.82,4,12,0.0,0.0,0.0
11.34,0.0,5.95,95.0,2.94,0.0,2.08,5,12,0.0,0.0,0.0
17.79,0.0,20.94,87.08,4.14,0.0,0.0,6,12,0.0,0.42,0.42
13.48,265.44,25.61,71.68,3.37,0.0,1.05,7,12,764.12,0.0,764.12
16.22,447.57,21.09,75.62,2.58,0.0,1.88,8,12,1295.8,0.0,1295.8
17.95,534.65,48.64,74.5,4.68,0.0,0.8,9,12,1632.14,29.21,1661.35
22.16,707.52,42.86,60.25,2.75,0.0,1.99,10,12,2077.58,0.0,2077.58
18.51,793.35,39.79,95.0,6.21,0.0,1.52,11,12,2294.56,107.6,2402.15
24.51,848.77,33.91,70.41,2.81,0.0,1.21,12,12,2487.49,23.6,2511.09
23.47,900.64,18.69,61.36,3.83,0.0,2.19,13,12,2582.52,0.0,2582.52
23.46,709.53,37.68,79.39,5.95,0.0,0.0,14,12,2090.9,81.8,2172.7
21.52,460.47,58.37,74.24,5.92,0.0,0.0,15,12,1405.35,104.02,1509.37
23.69,449.88,21.01,64.5,4.23,0.0,1.78,16,12,1308.81,0.0,1308.81
21.25,232.08,40.2,79.08,3.11,0.0,1.06,17,12,718.32,0.0,718.32
23.44,20.98,37.2,78.21,4.07,0.0,0.97,18,12,39.91,21.35,61.26
19.04,0.0,27.32,81.68,6.19,0.0,0.97,19,12,27.75,149.63,177.38
19.12,0.0,20.07,80.43,2.24,0.0,2.38,20,12,0.61,0.0,0.61
17.17,0.0,39.82,72.75,1.63,0.0,0.67,21,12,0.0,0.0,0.0
15.23,0.0,17.38,67.59,4.2,0.0,1.41,22,12,25.17,6.75,31.92
16.61,0.0,18.8,69.44,4.16,0.0,1.44,23,12,7.01,1.75,8.76
15.27,0.0,15.14,76.87,2.65,0.0,2.26,0,12,6.18,2.39,8.56
15.48,0.0,43.26,66.55,3.4,0.0,1.42,1,12,16.73,0.0,16.73
10.5,0.0,22.48,95.0,1.37,0.0,1.58,2,12,0.0,0.0,0.0
14.6,0.0,43.73,73.52,1.68,0.0,0.0,3,12,15.37,12.12,27.48
16.93,0.0,12.69,77.17,5.97,0.0,0.0,4,12,0.0,83.94,83.94
12.99,0.0,33.13,84.5,3.56,0.0,0.27,5,12,0.0,7.71,7.71
17.31,0.0,42.04,87.05,1.46,0.0,0.91,6,12,0.0,11.15,11.15
15.11,226.64,38.91,84.78,8.13,0.0,0.4,7,12,656.5,400.21,1056.71
14.65,456.19,18.75,83.0,2.18,0.0,1.08,8,12,1385.69,20.52,1406.21
17.54,490.23,49.3,95.0,2.78,0.0,0.88,9,12,1429.87,14.36,1444.23
20.87,814.37,21.89,86.83,8.53,0.0,0.0,10,12,2456.28,490.68,2946.97
19.24,905.41,19.94,79.07,2.01,0.0,0.79,11,12,2698.37,28.64,2727.01
20.64,665.47,58.64,76.56,8.38,0.0,0.42,12,12,1973.56,503.4,2476.96
23.22,869.46,28.74,70.08,5.09,0.0,2.11,13,12,2509.26,34.87,2544.14
22.83,805.77,14.89,77.41,3.36,0.0,1.65,14,12,2356.84,0.0,2356.84
23.88,672.3,9.6,67.38,4.28,0.0,2.28,15,12,1926.38,7.1,1933.48
23.19,429.44,25.51,65.25,3.79,0.0,2.36,16,12,1223.19,5.64,1228.84
23.05,243.71,9.48,82.49,5.75,0.0,3.55,17,12,717.83,63.1,780.93
20.89,6.67,43.58,67.82,1.15,0.0,0.41,18,12,63.49,0.0,63.49
20.85,0.0,29.71,73.7,5.83,0.0,1.8,19,12,0.33,88.78,89.11
17.9,0.0,19.64,74.41,8.45,0.0,0.78,20,12,0.0,464.92,464.92
19.93,0.0,11.51,74.54,3.37,0.0,0.87,21,12,30.06,17.27,47.33
15.75,0.0,9.34,81.71,2.07,0.0,0.0,22,12,12.79,0.0,12.79
17.19,0.0,34.46,78.42,1.53,0.0,0.29,23,12,26.71,0.0,26.71
14.12,0.0,8.95,75.05,2.94,0.0,2.96,0,12,0.0,0.0,0.0
13.97,0.0,30.22,78.96,1.68,0.0,1.02,1,12,25.71,16.55,42.26
12.43,0.0,24.43,89.32,2.3,0.0,0.0,2,12,0.0,6.5,6.5
11.48,0.0,10.14,87.02,4.64,0.0,0.48,3,12,0.0,15.25,15.25
10.55,0.0,73.59,89.5,3.3,0.0,0.98,4,12,0.0,0.0,0.0
12.09,0.0,16.21,91.73,6.84,0.0,0.08,5,12,0.0,215.93,215.93
13.98,4.48,15.04,86.54,3.55,0.0,1.87,6,12,61.2,13.35,74.55
15.82,168.2,46.99,75.22,1.84,0.0,1.01,7,12,515.32,23.08,538.4
18.22,446.91,25.06,79.73,1.74,0.0,1.58,8,12,1289.79,10.48,1300.27
17.33,674.09,16.09,80.61,4.89,0.0,0.0,9,12,2016.46,49.03,2065.49
17.97,713.59,35.87,64.74,4.51,0.0,0.01,10,12,2180.62,46.05,2226.67
18.34,787.83,37.03,63.62,4.99,0.0,0.11,11,12,2371.85,59.92,2431.77
22.26,740.92,47.15,75.85,2.89,0.0,2.2,12,12,2161.33,0.0,2161.33
24.41,940.09,5.8,65.21,7.07,0.0,0.95,13,12,2775.35,216.71,2992.07
24.73,775.46,23.06,65.63,1.56,0.0,1.56,14,12,2250.83,0.0,2250.83
24.07,669.24,11.22,72.31,0.82,0.0,3.3,15,12,1965.6,0.78,1966.39
23.79,440.31,27.06,70.57,5.24,0.0,0.52,16,12,1296.64,27.8,1324.43
24.88,271.26,5.09,68.69,4.78,0.0,1.06,17,12,835.73,6.66,842.39
22.04,0.0,29.32,84.53,3.71,0.0,1.01,18,12,0.0,10.73,10.73
21.47,0.0,34.16,71.23,0.95,0.0,0.0,19,12,0.0,0.0,0.0
18.81,0.0,20.96,78.51,1.57,0.0,1.59,20,12,11.79,0.0,11.79
15.96,0.0,23.67,75.14,2.1,0.0,0.27,21,12,43.86,12.03,55.89
15.68,0.0,26.03,88.46,4.54,0.0,0.0,22,12,0.0,32.3,32.3
15.49,0.0,10.12,83.11,4.69,0.0,0.0,23,12,0.0,17.59,17.59
14.56,0.0,15.02,95.0,4.78,0.0,1.31,0,12,1.76,42.44,44.2
16.56,0.0,5.17,80.27,5.74,0.0,1.37,1,12,0.0,84.97,84.97
13.3,0.0,28.61,85.52,0.71,0.0,1.96,2,12,0.0,10.23,10.23
14.77,0.0,36.52,80.95,4.57,0.0,2.74,3,12,35.78,24.2,59.98
12.52,0.0,14.4,95.0,2.42,0.0,1.18,4,12,0.0,16.8,16.8
13.21,0.0,27.36,86.1,4.14,0.0,1.22,5,12,0.0,5.49,5.49
12.48,2.62,15.54,83.37,5.21,0.0,0.0,6,12,0.0,54.05,54.05
14.39,238.56,3.3,74.58,5.08,0.0,3.29,7,12,677.37,25.08,702.45
17.5,386.71,44.42,60.35,2.62,0.0,0.0,8,12,1158.58,6.13,1164.72
18.02,645.99,18.49,78.11,2.98,0.0,1.05,9,12,1945.83,0.0,1945.83
20.71,801.16,23.74,71.72,7.1,0.0,2.83,10,12,2361.3,234.39,2595.69
20.78,862.44,26.34,48.8,6.19,0.0,0.72,11,12,2565.07,141.26,2706.33
21.01,994.91,4.92,70.5,2.45,0.0,0.0,12,12,3016.89,7.88,3024.76
25.56,739.47,44.8,60.01,4.23,0.0,1.86,13,12,2156.55,10.38,2166.93
22.69,720.4,39.12,85.1,1.52,0.0,3.11,14,12,2017.37,0.0,2017.37
24.75,680.59,15.77,68.8,4.64,0.0,3.66,15,12,1881.96,46.75,1928.71
22.23,431.77,26.46,82.22,4.43,0.0,0.25,16,12,1279.38,25.24,1304.62
23.4,214.68,25.75,74.53,2.49,0.0,1.75,17,12,600.72,0.0,600.72
22.93,16.94,5.49,79.62,3.33,0.0,2.48,18,12,24.67,10.8,35.47
20.82,0.0,20.27,92.43,5.56,0.0,1.87,19,12,0.0,66.53,66.53
15.77,0.0,5.52,86.62,2.44,0.0,1.76,20,12,45.33,11.02,56.35
18.03,0.0,23.82,95.0,5.44,0.0,0.71,21,12,43.47,51.67,95.14
18.56,0.0,5.65,81.73,2.78,0.0,0.91,22,12,10.82,0.0,10.82
16.3,0.0,40.28,89.2,6.09,0.0,0.7,23,12,0.0,98.29,98.29
15.14,0.0,40.69,78.15,0.79,0.0,0.0,0,12,15.89,0.0,15.89
11.1,0.0,21.54,74.27,2.46,0.0,0.29,1,12,7.12,0.0,7.12
12.1,0.0,24.39,64.46,1.99,0.0,0.41,2,12,16.97,24.06,41.03
13.63,0.0,40.45,89.72,6.69,0.0,2.24,3,12,0.0,188.43,188.43
13.8,0.0,26.02,78.56,3.37,0.0,1.91,4,12,0.0,0.0,0.0
15.5,0.0,6.42,77.68,4.0,0.0,1.06,5,12,0.0,0.0,0.0
14.26,0.0,32.05,79.05,2.37,0.0,0.71,6,12,0.0,0.78,0.78
16.12,240.43,28.57,74.32,1.67,0.0,0.0,7,12,723.04,0.0,723.04
16.74,492.29,7.18,92.17,4.3,0.0,0.95,8,12,1429.61,0.0,1429.61
16.53,580.94,40.19,72.11,2.6,0.0,1.49,9,12,1696.44,34.44,1730.88
15.92,813.81,21.28,83.81,7.32,0.0,3.46,10,12,2329.49,253.66,2583.15
21.16,956.19,14.1,77.52,3.62,0.0,2.33,11,12,2767.5,0.0,2767.5
21.81,992.28,5.48,60.96,1.74,0.0,1.36,12,12,2934.52,0.0,2934.52
21.41,766.84,39.69,77.92,0.7,0.0,1.27,13,12,2218.62,28.33,2246.95
20.41,693.72,46.81,65.31,2.31,0.0,0.16,14,12,2101.64,0.0,2101.64
23.96,612.95,33.06,69.53,2.79,0.0,1.55,15,12,1771.73,7.31,1779.04
22.44,449.15,31.9,69.0,2.17,0.0,1.55,16,12,1326.4,6.2,1332.59
23.18,223.11,27.14,71.62,3.04,0.0,1.57,17,12,656.45,0.0,656.45
24.34,0.0,39.23,74.61,6.54,0.0,0.38,18,12,0.0,185.47,185.47
17.3,0.0,55.52,71.2,1.0,0.0,3.01,19,12,0.0,0.0,0.0
18.26,0.0,4.95,72.43,5.72,0.0,3.21,20,12,0.0,56.16,56.16
17.7,0.0,13.74,64.75,3.35,0.0,1.26,21,12,11.17,0.0,11.17
18.9,0.0,15.37,67.62,6.93,0.0,2.1,22,12,22.42,204.39,226.8
13.06,0.0,12.69,89.41,4.72,0.0,0.0,23,12,18.79,44.83,63.62
17.39,0.0,18.18,75.17,1.91,0.0,0.08,0,12,10.71,2.46,13.16
13.89,0.0,13.74,89.61,8.06,0.0,1.94,1,12,20.22,379.96,400.18
13.05,0.0,53.47,75.74,1.84,0.0,1.91,2,12,0.0,0.0,0.0
12.72,0.0,26.19,77.57,2.88,0.0,1.93,3,12,0.0,0.0,0.0
12.53,0.0,12.18,92.79,8.83,0.0,1.38,4,12,3.8,583.51,587.31
15.26,0.0,11.18,82.52,2.2,0.0,2.15,5,12,48.81,0.0,48.81
12.88,13.01,16.78,71.61,4.49,0.0,0.34,6,12,34.54,3.29,37.82
16.04,217.47,29.63,75.23,8.77,0.0,1.07,7,12,645.36,562.8,1208.17
16.15,481.68,22.34,86.51,4.86,0.0,3.37,8,12,1383.13,20.37,1403.5
16.88,645.96,28.02,77.4,4.69,0.0,1.19,9,12,1901.13,17.43,1918.56
23.19,876.89,2.93,80.91,4.44,0.0,2.45,10,12,2559.93,8.1,2568.03
21.15,788.62,36.81,63.28,4.05,0.0,1.1,11,12,2309.37,27.34,2336.71
22.47,815.97,41.61,81.74,7.77,0.0,1.64,12,12,2449.16,323.29,2772.45
24.06,756.29,49.95,60.68,3.99,0.0,2.46,13,12,2175.99,0.0,2175.99
20.72,638.42,48.59,76.1,4.7,0.0,0.15,14,12,1945.56,29.1,1974.66
25.65,611.11,31.12,75.8,5.21,0.0,2.71,15,12,1802.86,46.32,1849.18
19.08,359.87,51.18,77.14,3.9,0.0,1.07,16,12,1027.81,0.0,1027.81
21.2,252.0,2.47,78.14,6.65,0.0,1.88,17,12,732.84,194.41,927.25
20.87,2.74,12.06,82.16,0.68,0.0,0.64,18,12,32.72,2.36,35.08
21.39,0.0,46.09,77.13,3.19,0.0,0.75,19,12,18.47,19.6,38.08
19.64,0.0,25.78,72.93,4.41,0.0,0.0,20,12,0.0,16.5,16.5
17.77,0.0,51.65,75.86,0.62,0.0,0.45,21,12,10.05,19.56,29.61
16.71,0.0,18.97,72.19,7.48,0.0,1.39,22,12,0.0,315.5,315.5
14.05,0.0,42.76,72.4,5.95,0.0,1.43,23,12,7.3,75.54,82.84
12.25,0.0,37.18,94.84,2.24,0.0,2.16,0,12,3.92,0.0,3.92
14.79,0.0,21.07,86.16,2.86,0.0,1.18,1,12,0.0,0.0,0.0
14.24,0.0,4.01,93.49,4.78,0.0,2.47,2,12,0.0,28.25,28.25
15.41,0.0,15.87,85.38,2.91,0.0,2.49,3,12,0.0,13.51,13.51
12.01,0.0,20.13,81.75,6.27,0.0,0.83,4,12,0.0,128.19,128.19
14.74,0.0,47.37,71.98,2.41,0.0,0.0,5,12,15.36,1.76,17.12
14.07,43.41,23.98,78.01,5.88,0.0,1.78,6,12,136.74,91.35,228.09
17.31,253.15,26.56,83.62,3.56,0.0,1.39,7,12,742.5,18.9,761.39
18.27,450.58,32.53,71.37,3.5,0.0,0.24,8,12,1322.02,0.0,1322.02
18.35,659.74,8.6,87.53,1.93,0.0,2.96,9,12,1916.85,18.12,1934.96
18.81,722.01,41.06,73.53,9.11,0.0,0.98,10,12,2105.47,677.24,2782.71
21.97,787.24,41.29,62.99,2.93,0.0,0.38,11,12,2323.22,0.0,2323.22
22.53,589.54,63.96,69.44,2.15,0.0,3.71,12,12,1748.71,0.0,1748.71
21.33,748.41,45.71,75.25,0.82,0.0,1.08,13,12,2213.3,5.34,2218.65
20.87,644.8,43.67,87.56,3.71,0.0,1.43,14,12,1857.69,0.0,1857.69
22.6,571.67,42.92,72.79,0.81,0.0,1.8,15,12,1678.39,1.07,1679.46
25.13,448.39,27.89,63.87,3.51,0.0,0.11,16,12,1343.83,0.0,1343.83
24.08,236.1,14.53,81.44,6.87,0.0,0.7,17,12,684.26,208.99,893.25
19.9,14.11,16.89,84.32,3.74,0.0,1.22,18,12,53.64,22.47,76.11
18.78,0.0,22.12,75.6,0.95,0.0,3.0,19,12,2.81,0.0,2.81
21.23,0.0,30.28,60.57,2.49,0.0,0.48,20,12,0.0,1.04,1.04
16.33,0.0,10.97,74.75,1.01,0.0,2.42,21,12,3.82,0.0,3.82
17.5,0.0,23.39,83.81,6.58,0.0,1.88,22,12,0.0,146.37,146.37
14.6,0.0,28.83,91.46,2.36,0.0,1.31,23,12,0.0,0.0,0.0
16.93,0.0,35.0,79.82,1.17,0.0,0.75,0,12,0.0,13.79,13.79
12.55,0.0,27.6,83.26,8.22,0.0,0.4,1,12,0.0,415.6,415.6
14.93,0.0,32.29,76.99,3.68,0.0,4.73,2,12,9.61,0.0,9.61
13.32,0.0,13.54,88.99,3.25,0.0,2.6,3,12,3.45,6.39,9.83
13.59,0.0,44.61,74.56,7.28,0.0,1.21,4,12,0.0,236.2,236.2
10.75,0.0,6.41,81.71,3.91,0.0,1.37,5,12,11.73,24.21,35.94
11.2,11.13,12.28,95.0,2.59,0.0,0.89,6,12,48.19,13.63,61.82
15.21,229.39,35.82,88.53,5.64,0.0,0.02,7,12,625.35,80.95,706.3
17.12,451.77,30.06,90.34,2.53,0.0,0.92,8,12,1263.72,0.79,1264.51
16.35,669.53,9.38,74.16,3.44,0.0,1.05,9,12,1976.23,0.0,1976.23
17.7,713.36,35.17,67.75,5.74,0.0,2.94,10,12,2038.9,60.11,2099.01
21.38,931.89,16.21,85.18,7.37,0.0,1.53,11,12,2747.83,252.94,3000.77
22.42,987.72,7.08,78.0,4.34,0.0,0.87,12,12,2905.56,21.35,2926.91
22.16,915.32,13.35,80.62,3.77,0.0,3.21,13,12,2618.88,0.0,2618.88
24.04,854.19,9.11,76.17,1.27,0.0,0.78,14,12,2549.5,0.81,2550.31
21.28,735.59,3.71,88.31,4.41,0.0,1.2,15,12,2178.98,0.0,2178.98
22.34,406.51,40.69,77.86,2.83,0.0,2.76,16,12,1149.05,0.65,1149.7
24.84,259.59,11.6,70.86,3.83,0.0,0.45,17,12,771.92,2.78,774.7
21.68,9.08,34.81,75.58,5.26,0.0,0.77,18,12,11.43,42.25,53.68
20.73,0.0,57.84,75.98,4.55,0.0,0.92,19,12,2.87,22.78,25.65
22.79,0.0,4.44,84.28,1.44,0.0,1.86,20,12,8.46,27.12,35.58
15.94,0.0,33.94,89.92,3.2,0.0,0.0,21,12,31.44,4.92,36.37
17.94,0.0,24.76,90.18,2.12,0.0,1.28,22,12,0.0,0.0,0.0
18.04,0.0,16.74,61.34,1.82,0.0,0.39,23,12,23.68,0.0,23.68
14.03,0.0,59.4,80.32,2.25,0.0,1.3,0,12,24.04,0.0,24.04
15.01,0.0,43.8,73.85,7.16,0.0,2.07,1,12,0.0,234.71,234.71
11.75,0.0,63.12,95.0,5.02,0.0,0.41,2,12,0.0,42.07,42.07
12.02,0.0,23.18,78.8,6.95,0.0,0.3,3,12,0.0,200.31,200.31
13.8,0.0,40.86,87.43,3.78,0.0,1.05,4,12,18.02,0.0,18.02
14.92,0.0,20.41,95.0,0.5,0.0,1.0,5,12,1.92,0.0,1.92
16.2,7.54,27.85,82.41,0.84,0.0,2.28,6,12,0.0,0.0,0.0
17.91,253.91,28.23,74.78,1.78,0.0,0.0,7,12,764.39,0.0,764.39
16.66,344.61,55.56,80.87,5.54,0.0,1.38,8,12,988.91,69.19,1058.1
19.84,623.01,31.22,64.55,2.14,0.0,0.59,9,12,1848.75,0.0,1848.75
18.84,652.92,43.33,64.62,1.47,0.0,0.21,10,12,1997.87,0.0,1997.87
21.91,967.27,5.36,77.35,6.32,0.0,0.45,11,12,2913.09,115.24,3028.32
21.9,988.2,13.53,53.39,2.29,0.0,0.69,12,12,2923.44,20.21,2943.65
23.05,838.05,27.68,70.98,3.76,0.0,0.32,13,12,2505.89,20.6,2526.49
23.52,794.9,15.06,69.86,2.9,0.0,0.59,14,12,2386.84,18.19,2405.03
20.65,526.38,53.34,90.07,6.78,0.0,1.28,15,12,1531.08,191.3,1722.38
21.2,362.03,49.76,77.95,4.97,0.0,0.45,16,12,1150.63,42.76,1193.38
22.54,199.68,36.91,69.84,3.5,0.0,1.5,17,12,547.22,4.69,551.91
19.06,1.94,10.81,83.82,6.35,0.0,1.99,18,12,15.85,147.32,163.17
21.8,0.0,16.74,74.45,5.13,0.0,1.75,19,12,0.0,44.74,44.74
20.66,0.0,29.1,65.61,5.79,0.0,1.12,20,12,2.91,100.2,103.1
18.55,0.0,12.66,79.24,8.77,0.0,1.68,21,12,8.62,594.16,602.78
15.08,0.0,14.78,82.28,2.14,0.0,0.0,22,12,2.94,0.0,2.94
17.62,0.0,32.35,78.66,2.14,0.0,0.17,23,12,0.0,12.69,12.69
17.59,0.0,33.46,81.62,4.06,0.0,1.9,0,12,0.0,0.96,0.96
13.96,0.0,39.27,90.92,3.92,0.0,1.22,1,12,0.0,4.9,4.9
14.01,0.0,61.83,85.26,6.42,0.0,1.32,2,12,0.0,128.57,128.57
13.37,0.0,38.51,72.86,1.85,0.0,1.09,3,12,5.19,13.23,18.42
14.04,0.0,17.84,70.16,3.35,0.0,2.39,4,12,16.23,4.54,20.77
13.56,0.0,21.63,79.8,3.9,0.0,3.09,5,12,0.0,14.6,14.6
14.48,0.0,45.86,78.14,3.55,0.0,1.0,6,12,2.54,17.97,20.52
16.93,259.89,31.38,81.66,1.19,0.0,1.6,7,12,749.47,0.0,749.47
20.29,421.89,33.06,85.38,1.8,0.0,2.29,8,12,1233.79,0.0,1233.79
15.97,678.14,21.38,92.46,1.84,0.0,2.17,9,12,1961.51,5.61,1967.13
19.21,693.76,38.08,70.88,4.28,0.0,0.72,10,12,2070.57,9.37,2079.94
18.8,806.71,34.37,62.37,3.37,0.0,0.0,11,12,2416.94,1.86,2418.8
23.99,974.28,12.59,70.75,1.99,0.0,3.44,12,12,2796.93,19.53,2816.46
21.52,955.23,10.3,82.03,5.2,0.0,0.48,13,12,2876.1,30.15,2906.25
20.74,698.11,41.25,70.69,5.74,0.0,3.28,14,12,1949.8,66.4,2016.2
24.03,609.82,30.43,70.67,2.19,0.0,3.62,15,12,1729.67,0.0,1729.67
25.52,449.38,19.39,67.09,5.1,0.0,2.2,16,12,1286.83,48.47,1335.3
23.4,256.12,40.46,83.64,1.15,0.0,2.46,17,12,751.58,1.28,752.86
21.91,7.01,12.99,91.17,6.26,0.0,1.38,18,12,0.0,136.04,136.04
21.18,0.0,7.7,78.94,8.16,0.0,1.72,19,12,0.0,420.89,420.89
21.49,0.0,4.51,78.76,1.85,0.0,0.73,20,12,12.52,4.15,16.67
16.76,0.0,24.07,67.76,5.59,0.0,2.88,21,12,9.09,78.73,87.82
16.61,0.0,62.06,75.72,1.44,0.0,3.93,22,12,0.0,3.06,3.06
14.89,0.0,11.34,88.22,8.11,0.0,2.89,23,12,0.0,404.05,404.05
12.8,0.0,31.49,86.9,3.49,0.0,1.37,0,12,4.48,26.0,30.48
13.27,0.0,18.32,87.18,3.94,0.0,0.58,1,12,21.64,33.51,55.15
14.92,0.0,15.48,67.43,5.41,0.0,3.63,2,12,0.0,75.41,75.41
13.94,0.0,43.3,65.26,2.41,0.0,0.48,3,12,7.33,0.0,7.33
14.23,0.0,31.07,95.0,3.21,0.0,1.97,4,12,0.0,6.0,6.0
13.98,0.0,17.63,81.04,1.21,0.0,2.59,5,12,0.0,11.32,11.32
15.34,0.0,2.74,67.25,4.39,0.0,2.83,6,12,0.0,21.8,21.8
14.39,243.1,21.21,80.76,5.7,0.0,2.96,7,12,708.95,69.3,778.24
16.33,483.62,8.57,67.93,6.22,0.0,1.47,8,12,1440.63,125.91,1566.54
18.38,707.75,10.22,67.74,3.95,0.0,1.2,9,12,2048.56,0.18,2048.74
19.8,793.65,13.54,69.29,5.42,0.0,0.51,10,12,2355.38,33.88,2389.27
21.07,897.7,15.5,62.24,1.81,0.0,0.0,11,12,2695.63,16.65,2712.28
21.42,699.43,51.94,46.13,5.25,0.0,1.8,12,12,2007.42,67.36,2074.78
21.85,870.9,28.92,78.85,0.5,0.0,2.94,13,12,2505.12,3.9,2509.01
27.65,765.38,28.16,61.14,2.09,0.0,1.04,14,12,2231.37,0.0,2231.37
24.45,466.61,56.93,77.27,4.52,0.0,2.05,15,12,1336.85,42.04,1378.89
23.54,412.98,40.1,71.05,2.8,0.0,2.22,16,12,1222.88,0.0,1222.88
22.07,237.41,26.11,57.95,3.27,0.0,1.25,17,12,698.59,0.0,698.59
20.95,0.0,47.99,73.63,5.95,0.0,2.4,18,12,0.0,80.68,80.68
20.39,0.0,40.53,85.84,4.14,0.0,4.48,19,12,16.3,11.08,27.37
19.82,0.0,45.97,74.42,3.21,0.0,1.62,20,12,0.0,9.55,9.55
15.27,0.0,27.96,74.89,3.56,0.0,2.02,21,12,0.0,7.49,7.49
14.44,0.0,30.33,70.14,6.18,0.0,1.82,22,12,0.0,115.32,115.32
14.63,0.0,17.74,76.82,3.67,0.0,0.0,23,12,0.0,25.79,25.79
14.88,0.0,32.23,71.84,6.49,0.0,0.0,0,12,33.45,148.27,181.71
13.42,0.0,21.31,79.08,2.4,0.0,1.95,1,12,33.32,0.0,33.32
15.5,0.0,18.49,62.93,3.93,0.0,1.73,2,12,0.0,12.25,12.25
10.89,0.0,44.17,76.2,3.05,0.0,1.06,3,12,6.08,0.0,6.08
12.15,0.0,28.76,89.19,4.26,0.0,1.89,4,12,0.0,0.0,0.0
16.06,0.0,66.68,80.89,4.17,0.0,2.53,5,12,0.0,12.0,12.0
14.77,46.38,16.32,78.61,4.14,0.0,0.54,6,12,115.82,17.34,133.16
16.94,222.32,6.38,68.53,3.9,0.0,1.09,7,12,666.15,2.92,669.07
19.89,426.31,42.25,88.28,3.5,0.0,0.0,8,12,1258.75,7.41,1266.16
17.07,605.97,30.8,95.0,6.99,0.0,2.49,9,12,1725.91,207.61,1933.52
19.25,777.23,29.28,65.97,2.51,0.0,2.85,10,12,2272.65,0.0,2272.65
20.2,961.44,7.78,81.66,3.39,0.0,2.07,11,12,2797.62,0.0,2797.62
18.71,1026.29,1.93,67.06,2.19,0.0,0.19,12,12,3082.04,0.0,3082.04
21.97,915.06,17.5,76.9,2.86,0.0,2.79,13,12,2647.1,0.0,2647.1
24.26,769.02,25.07,50.58,2.41,0.0,2.26,14,12,2208.02,7.6,2215.62
23.92,517.17,51.46,65.36,4.74,0.0,1.11,15,12,1545.63,7.07,1552.7
23.87,526.82,7.59,71.88,4.99,0.0,2.6,16,12,1497.15,71.22,1568.38
21.88,229.63,33.2,75.86,2.56,0.0,2.26,17,12,667.63,0.0,667.63
20.66,0.0,9.48,66.05,9.12,0.0,0.95,18,12,0.0,671.05,671.05
22.51,0.0,27.14,76.71,2.6,0.0,0.53,19,12,2.98,30.45,33.43
18.66,0.0,69.32,75.93,5.97,0.0,1.13,20,12,0.0,93.9,93.9
18.55,0.0,23.83,65.0,2.65,0.0,1.85,21,12,2.33,0.0,2.33
17.06,0.0,9.6,69.48,3.29,0.0,2.66,22,12,12.6,0.0,12.6
17.8,0.0,12.99,90.79,4.7,0.0,1.12,23,12,0.0,26.08,26.08
